1407452535.0,42098388.0,6,Pelvis0,0,2.13055697886,0.626875786093,1.02390454508,-0.123614743833,-0.174723969522,-0.53080315673,0.820023742575,Head0,0,1.94966443018,1.16640696316,1.56751393516,-0.0745672452793,0.0246357317756,0.722614880794,0.686775466005,rElbow0,0,2.23063973272,1.22230576737,1.16590349923,0.717999601397,-0.312864341748,0.521930285982,-0.337907165701,Pelvis1,0,1.16902464533,1.04752470165,1.10627621498,0.102662501369,0.0639876196444,0.876070666408,-0.466761376727,Head1,0,1.51239007552,1.48152191209,1.61684584697,-0.0506842383054,0.0733339778162,0.304321853614,0.94838886808,rElbow1,0,1.66554205111,1.28249932211,1.20157704786,-0.398223805021,0.697656483674,-0.5868426231,-0.101533086308
1407452535.0,51947843.0,6,Pelvis0,0,2.1311900229,0.62700879589,1.02388438766,-0.122372738111,-0.174686942117,-0.531991874809,0.819447393283,Head0,0,1.94962304652,1.16668053835,1.56735562826,-0.0739442843087,0.0234751861748,0.723888002896,0.68554162362,rElbow0,0,2.23053339035,1.22240672553,1.16538558448,0.717710682605,-0.310625385964,0.522638928457,-0.339487549302,Pelvis1,0,1.16894593503,1.04756203396,1.10628150315,0.102733307434,0.064131433128,0.876461969464,-0.465990818485,Head1,0,1.51252277253,1.48150315721,1.61670022384,-0.0572769927071,0.0779503461975,0.309424282038,0.945991386493,rElbow1,0,1.66570349175,1.28234735478,1.20154316182,-0.396935085559,0.698718368163,-0.586234466739,-0.102782925872
1407452535.0,62107811.0,6,Pelvis0,0,2.13173791023,0.627121301157,1.02389001419,-0.123429026831,-0.176813827588,-0.531076942522,0.81942627907,Head0,0,1.94957970023,1.16652020517,1.56713557474,-0.0740056674202,0.0255081107385,0.721168730881,0.688322714339,rElbow0,0,2.23049609402,1.22244803448,1.1651843488,0.719394993146,-0.308073248744,0.521897038342,-0.339389449769,Pelvis1,0,1.16881707455,1.04759435506,1.10628671663,0.102199651922,0.0639268254767,0.876615539046,-0.465847387923,Head1,0,1.51257982527,1.48152856357,1.61638112225,-0.0530362178009,0.0755251027514,0.304222975247,0.948119981747,rElbow1,0,1.66541628833,1.28200165772,1.2013273692,-0.397711397261,0.698042236257,-0.586217516032,-0.104459105814
1407452535.0,72233700.0,6,Pelvis0,0,2.13235999032,0.627113430078,1.023927609,-0.124391252906,-0.179379151178,-0.530218535814,0.819279098111,Head0,0,1.94966887111,1.1667429,1.56705367513,-0.0756389008551,0.0254916589156,0.72287727971,0.686350763445,rElbow0,0,2.22999832988,1.22278341732,1.1644413914,0.716067254145,-0.307747191368,0.525935682554,-0.340486433742,Pelvis1,0,1.16870569635,1.04763604653,1.10623879021,0.103794802334,0.0648719994988,0.877182546542,-0.464294133853,Head1,0,1.51278134874,1.4815232463,1.61620095644,-0.0517629979155,0.0735250844337,0.303349497494,0.94862729055,rElbow1,0,1.66469618341,1.2815705624,1.2015954816,-0.40056501456,0.700687287422,-0.580797737556,-0.106108352192
1407452535.0,82209338.0,6,Pelvis0,0,2.13276986617,0.627247444716,1.02379536008,-0.122903379691,-0.176449477167,-0.530175063703,0.820167509168,Head0,0,1.94968910794,1.16670239878,1.56682278279,-0.074011052856,0.0239741778268,0.724068631629,0.685326359878,rElbow0,0,2.22995753345,1.22279095077,1.16390535208,0.715547612003,-0.306484378389,0.526622617027,-0.341654152609,Pelvis1,0,1.16857592633,1.04770687531,1.10622070081,0.103861653957,0.0646750768145,0.87736958089,-0.463953133199,Head1,0,1.51287199789,1.48141830423,1.61601549147,-0.0515478394195,0.0764693678574,0.302299748511,0.9487413336,rElbow1,0,1.66430234665,1.2811371179,1.20154783744,-0.400200061465,0.702621037141,-0.578674663832,-0.106297800587
1407452535.0,92188681.0,6,Pelvis0,0,2.13312421366,0.627401719002,1.02369420319,-0.121435812227,-0.172692904438,-0.529698491482,0.821492551633,Head0,0,1.94971503129,1.16672965184,1.56668561105,-0.0722458968206,0.0232182449915,0.725653375515,0.683863014131,rElbow0,0,2.23008145957,1.22274937149,1.1636769989,0.716729222706,-0.305278047241,0.525438455441,-0.342080348362,Pelvis1,0,1.16843771793,1.04779975697,1.10620904152,0.104058686897,0.0640258027819,0.877252949792,-0.464219504481,Head1,0,1.51304582978,1.48132063965,1.61577243536,-0.0539476254102,0.0786144596358,0.303742521928,0.947971466249,rElbow1,0,1.66435370439,1.28080434775,1.20115181537,-0.396062379646,0.705301419632,-0.577639836304,-0.109620793684
1407452535.0,102166465.0,6,Pelvis0,0,2.13358643311,0.627457795441,1.02366675421,-0.121852248814,-0.17295162769,-0.529266893929,0.821654622654,Head0,0,1.94972516474,1.16650045105,1.5664321115,-0.0696966753173,0.0219330433383,0.724551127516,0.685337127752,rElbow0,0,2.22992708896,1.22272301818,1.16307200097,0.715714670383,-0.303601636183,0.526756659754,-0.343665503811,Pelvis1,0,1.16829938405,1.04791191814,1.10611968246,0.104847923852,0.0636995432829,0.877412315348,-0.463785413662,Head1,0,1.51312113733,1.48121328666,1.6155078139,-0.0545576092734,0.0788934939576,0.304897138799,0.947542621012,rElbow1,0,1.66373580318,1.28001791147,1.20067194804,-0.394760014007,0.705631629354,-0.577937871633,-0.110618043416
1407452535.0,112210173.0,6,Pelvis0,0,2.13404947827,0.627478198345,1.02367809656,-0.122288574024,-0.174342995517,-0.528909579061,0.821525825373,Head0,0,1.94960797746,1.16660828014,1.56631877641,-0.0694182222108,0.0234799251886,0.724740093546,0.685114297285,rElbow0,0,2.22983146084,1.22278095089,1.16284275109,0.716015315779,-0.30436454322,0.525358993517,-0.344502859686,Pelvis1,0,1.16822730487,1.04802509283,1.10610140594,0.10549459837,0.0636569033121,0.877552030245,-0.463380105949,Head1,0,1.51312005393,1.48115775265,1.61510514142,-0.0568034923759,0.0798724617787,0.306103907782,0.946939359592,rElbow1,0,1.6628041974,1.27909740508,1.20024966354,-0.392375197916,0.708102618841,-0.576631371335,-0.110130135946
1407452535.0,122036235.0,6,Pelvis0,0,2.13441588602,0.627676963002,1.02359341252,-0.121046994774,-0.17414673868,-0.529639607163,0.821280965923,Head0,0,1.9494925929,1.16660478353,1.56603982372,-0.0662098931493,0.0192165817146,0.728265119615,0.681818809207,rElbow0,0,2.22970740262,1.22300808465,1.16240626365,0.714636210555,-0.305060041689,0.525813904598,-0.346053746202,Pelvis1,0,1.1682172713,1.04820292322,1.10610776167,0.104305659528,0.0628982994632,0.8773715108,-0.464094134149,Head1,0,1.51304452547,1.48114906414,1.61492296604,-0.0584090451038,0.0809149636766,0.307776397942,0.946210780415,rElbow1,0,1.66244359168,1.27758944166,1.20010220629,-0.39255139232,0.707562282535,-0.576812304488,-0.112011544553
1407452535.0,132084869.0,6,Pelvis0,0,2.1347684743,0.627823272218,1.02351999875,-0.120438581601,-0.174487111023,-0.530057327943,0.821028638504,Head0,0,1.94946361219,1.16657182384,1.56585538443,-0.0649475881771,0.0171096566988,0.730447700479,0.679658169451,rElbow0,0,2.22944231707,1.22311420513,1.16247453764,0.715712240714,-0.306596947907,0.524520965012,-0.344430047017,Pelvis1,0,1.16821653077,1.0483440092,1.10608401528,0.105341945307,0.0638979290583,0.877548437986,-0.463388463613,Head1,0,1.51295922613,1.48124251643,1.61469184966,-0.0573935591499,0.082824128877,0.308107808384,0.945999852779,rElbow1,0,1.66096265548,1.27610790767,1.19968560208,-0.393220107598,0.709482381335,-0.573946939226,-0.112239068553
1407452535.0,142179677.0,6,Pelvis0,0,2.13516806993,0.627866468229,1.02354434289,-0.120194669766,-0.174805768471,-0.529390510236,0.821426729746,Head0,0,1.94939760526,1.16653941916,1.56573609918,-0.0652476386307,0.0172990482233,0.731163876404,0.678854089202,rElbow0,0,2.22918783251,1.22312338894,1.16242012836,0.71673070642,-0.307142119532,0.523127828531,-0.34394489079,Pelvis1,0,1.16820624162,1.04845345511,1.10603458274,0.104442910049,0.0642745502324,0.877490025633,-0.463650423969,Head1,0,1.51279795604,1.48135825155,1.61454778297,-0.0561744896523,0.0836064616381,0.307393195387,0.946236656294,rElbow1,0,1.65956290645,1.27406511504,1.19963548005,-0.396370792013,0.709836625684,-0.571300640543,-0.112417695191
1407452535.0,151946529.0,6,Pelvis0,0,2.13546396899,0.628003025367,1.02347293648,-0.120226448735,-0.174289541933,-0.529353643938,0.821555522315,Head0,0,1.94932640584,1.16646561088,1.56566975191,-0.0659412928631,0.0179033143975,0.731647295224,0.678250287594,rElbow0,0,2.22879533139,1.223345,1.16209228938,0.716190285147,-0.308585705796,0.522631302485,-0.3445328131,Pelvis1,0,1.16820898697,1.04865414177,1.10596074462,0.105425373433,0.0652683584371,0.877876008566,-0.462557289,Head1,0,1.51270230137,1.48142913427,1.61434477378,-0.0543981066781,0.0845305898761,0.307021886767,0.946378881004,rElbow1,0,1.65899941582,1.27249980326,1.19880741467,-0.391764761701,0.70977999915,-0.573674597416,-0.11674836434
1407452535.0,162043461.0,6,Pelvis0,0,2.13578085681,0.627976215818,1.02345710411,-0.120561662229,-0.17340666929,-0.52785081675,0.822659424004,Head0,0,1.94930360009,1.1663265596,1.56555902128,-0.065804257238,0.0167387509546,0.733433859647,0.676361136871,rElbow0,0,2.2285234701,1.22328377245,1.16179249519,0.715991659575,-0.308219588243,0.522382313582,-0.345649167943,Pelvis1,0,1.16821076134,1.04889078285,1.10591454022,0.106370272201,0.0664100627504,0.878152605127,-0.461652543442,Head1,0,1.51252207553,1.48155765311,1.61430830374,-0.0542214418315,0.0859076968446,0.306531833763,0.946423867915,rElbow1,0,1.65701785422,1.2701443939,1.19824912328,-0.393156399112,0.710405284801,-0.571862650388,-0.117155820412
1407452535.0,172131287.0,6,Pelvis0,0,2.13610086006,0.627899604583,1.02350177035,-0.122718780588,-0.176045658365,-0.526497593056,0.822647136729,Head0,0,1.94923899115,1.16612818683,1.56553779368,-0.0675339495842,0.0183436755001,0.733636010428,0.675929640885,rElbow0,0,2.22828702402,1.22339673152,1.16172034494,0.716249812672,-0.308441908534,0.522531270116,-0.34468952212,Pelvis1,0,1.16831120747,1.04917713724,1.1058752157,0.105438302888,0.0662645592875,0.878547497915,-0.461135626876,Head1,0,1.51222080124,1.48172285416,1.61430828487,-0.0547996624697,0.0892265003758,0.305394172074,0.946451281518,rElbow1,0,1.65594103594,1.26746271452,1.19820208007,-0.393362453752,0.712253060403,-0.569559354868,-0.116463295532
1407452535.0,182140395.0,6,Pelvis0,0,2.13638866501,0.627849799758,1.02349685466,-0.122442570155,-0.17700895221,-0.526225984451,0.822655372036,Head0,0,1.94918494511,1.16595547419,1.56552646572,-0.0691162127942,0.0199602688726,0.734040827643,0.675284088476,rElbow0,0,2.22808622986,1.2232916553,1.16174979845,0.717086902088,-0.31047365392,0.521012431606,-0.343421797776,Pelvis1,0,1.16847228802,1.04954636742,1.10582567415,0.103835437998,0.0659080520045,0.879451897053,-0.459824630992,Head1,0,1.51190191638,1.48171682522,1.61434009948,-0.0550778948946,0.0881391946272,0.304386938501,0.946861394046,rElbow1,0,1.65400114842,1.26476523896,1.19785708066,-0.396063132551,0.712262840261,-0.567589017446,-0.116868938099
1407452535.0,192020695.0,6,Pelvis0,0,2.13660506691,0.627942230994,1.02343458371,-0.12268051805,-0.176188541228,-0.52534858665,0.823356515087,Head0,0,1.94913395919,1.16577052784,1.56554489076,-0.0705224914541,0.021559647155,0.734217656059,0.674897172424,rElbow0,0,2.22785428204,1.22325310796,1.16151858075,0.716640297256,-0.311689605557,0.521725106918,-0.342168360531,Pelvis1,0,1.16857166486,1.04977776353,1.10577873163,0.102111297394,0.0648316018937,0.879153009869,-0.460933977462,Head1,0,1.5116087156,1.4817667787,1.61451303593,-0.0549599398157,0.0885572041382,0.30538362353,0.946508250936,rElbow1,0,1.6535020401,1.26269379079,1.19740974354,-0.387881869732,0.717739249691,-0.565446080515,-0.121114634196
1407452535.0,202161741.0,6,Pelvis0,0,2.13686431902,0.627963027074,1.02343017988,-0.122461009362,-0.176412772796,-0.52622942915,0.822778477281,Head0,0,1.94909949853,1.16555562758,1.56560637046,-0.0726825914982,0.0234428431678,0.734203925068,0.674620093395,rElbow0,0,2.22795184885,1.22326842753,1.16160459312,0.7196504999,-0.312312745844,0.521603489738,-0.335400814355,Pelvis1,0,1.1687104632,1.05001134456,1.10566624623,0.100920465154,0.0639329124373,0.879334327366,-0.46097590299,Head1,0,1.51124199513,1.48183389932,1.61472691701,-0.0545724721491,0.0891332659781,0.305937187107,0.946297809215,rElbow1,0,1.65135406224,1.25998503194,1.19652398934,-0.385627773998,0.719623392806,-0.564089182074,-0.123437381349
1407452535.0,212160778.0,6,Pelvis0,0,2.13706618405,0.628074679544,1.02341107675,-0.122023115844,-0.175813227284,-0.525935586068,0.823159661074,Head0,0,1.94902208035,1.16538459475,1.56568655964,-0.0727605771961,0.0237228918235,0.734530512867,0.674246281767,rElbow0,0,2.2277860568,1.22285328862,1.16107221452,0.717473636608,-0.312603301804,0.521707441303,-0.339605804077,Pelvis1,0,1.16877452787,1.05024455919,1.10555584219,0.102811508438,0.0648971868261,0.88057731507,-0.458041200176,Head1,0,1.51068417193,1.48165376503,1.61504003048,-0.0548285346743,0.0906199831714,0.307243236347,0.945718480392,rElbow1,0,1.64960682356,1.25705113047,1.19629954268,-0.386263696799,0.721152614745,-0.561510805129,-0.124277425563
1407452535.0,222188084.0,6,Pelvis0,0,2.13729335887,0.628196982066,1.0233195554,-0.121316949386,-0.175008605792,-0.526586896743,0.823019092044,Head0,0,1.94893786401,1.16525594059,1.56579736844,-0.0731487583067,0.0226889833647,0.734772301766,0.673976359934,rElbow0,0,2.22782882659,1.22290288952,1.16118205391,0.717999428051,-0.314311646943,0.521189044333,-0.337708439311,Pelvis1,0,1.16888769711,1.05076369354,1.10535759678,0.101063693461,0.063458276916,0.880736094713,-0.45832642126,Head1,0,1.51026402115,1.48148136657,1.61530589663,-0.0537984694742,0.0868497414462,0.307810303817,0.945946966778,rElbow1,0,1.64799258602,1.25418251076,1.19581916902,-0.383972027268,0.723236881212,-0.560376796486,-0.124385456912
1407452535.0,231997496.0,6,Pelvis0,0,2.13743308442,0.628321644561,1.02324419739,-0.120835653612,-0.175097650466,-0.527087868072,0.822750227559,Head0,0,1.94878907889,1.16505580757,1.56595534905,-0.074294187907,0.0243901590511,0.734130505861,0.674490840671,rElbow0,0,2.22803041133,1.22268633616,1.16125106863,0.718922715961,-0.313935293189,0.520713009604,-0.336827436226,Pelvis1,0,1.16893472287,1.05122431132,1.10521117518,0.0998434667022,0.0641067999359,0.881432493693,-0.457163383728,Head1,0,1.50976609011,1.48119923222,1.61565467865,-0.0550873335946,0.0874858490526,0.311038187721,0.944757565554,rElbow1,0,1.64544070704,1.25115532908,1.19558718974,-0.384896316397,0.724427585225,-0.557746117545,-0.126407150718
1407452535.0,242090795.0,6,Pelvis0,0,2.13759787199,0.628495377407,1.02312784748,-0.11817177467,-0.171770645862,-0.529036943791,0.822587496256,Head0,0,1.9486473835,1.16492162311,1.56618620145,-0.0722463696553,0.0234072262585,0.735730851245,0.6730027328,rElbow0,0,2.22819996835,1.22241508995,1.16134518433,0.719601629162,-0.312928300392,0.520483553758,-0.33666933984,Pelvis1,0,1.16904753203,1.0516933331,1.10505705249,0.0985696976034,0.0649233058695,0.882477322763,-0.455305121736,Head1,0,1.50939440109,1.48110695746,1.61603020789,-0.0562668437992,0.0889642379182,0.311106245854,0.944527559392,rElbow1,0,1.64331736502,1.24762115277,1.19526768477,-0.381682916428,0.728223176663,-0.554470438084,-0.128731074606
1407452535.0,251979294.0,6,Pelvis0,0,2.13769294431,0.62859527801,1.02304046352,-0.118523393399,-0.17228830388,-0.528895017866,0.822519912002,Head0,0,1.94848844932,1.16475514898,1.56641374233,-0.0720539658811,0.0234687832774,0.737027490293,0.671601013076,rElbow0,0,2.22829726302,1.22224278177,1.16117013128,0.718830957169,-0.312828850595,0.520587156622,-0.338244257321,Pelvis1,0,1.16901990241,1.05200709227,1.10489388511,0.101041285872,0.0660355581279,0.882342240275,-0.454864963081,Head1,0,1.5089869222,1.48083255018,1.6165322063,-0.0591844761075,0.0928266795342,0.310404412928,0.944208401673,rElbow1,0,1.64050278382,1.24386599866,1.1952099289,-0.388773411674,0.724404167578,-0.554352719346,-0.129564265614
1407452535.0,262038201.0,6,Pelvis0,0,2.13791910224,0.628508367887,1.02306491376,-0.120443811561,-0.174445780515,-0.527022413155,0.82298805213,Head0,0,1.94823888112,1.16456043923,1.56666757522,-0.0684899959847,0.0210829404429,0.738346265838,0.670603774069,rElbow0,0,2.22883108302,1.22212635222,1.16129562261,0.72054427973,-0.314716849202,0.517680592879,-0.337307055267,Pelvis1,0,1.16901266624,1.05243116696,1.10471480944,0.0981602763514,0.0640409653048,0.8819960498,-0.456449650068,Head1,0,1.50870974734,1.48053083812,1.61705527327,-0.0576807318073,0.0893845828361,0.308779693994,0.945165821487,rElbow1,0,1.63726449076,1.24041936167,1.19483882764,-0.388391908752,0.725171271809,-0.553978586695,-0.128008113969
1407452535.0,272070156.0,6,Pelvis0,0,2.1380230822,0.628585241592,1.02300024046,-0.119724896148,-0.173170468495,-0.527827119714,0.822846565149,Head0,0,1.94797359783,1.16432503937,1.56698205582,-0.0653621094524,0.0189161977179,0.740188574686,0.668947565969,rElbow0,0,2.22893210952,1.22226368076,1.16065446797,0.717427911397,-0.31374804515,0.520073927586,-0.341148744623,Pelvis1,0,1.16893957758,1.05300497504,1.10448062217,0.0977196044636,0.0631843100195,0.882573971779,-0.455545613753,Head1,0,1.50834160003,1.48014277384,1.61749768972,-0.0570795854453,0.091324074634,0.30936601837,0.94482511662,rElbow1,0,1.63476210325,1.2363372951,1.19503722657,-0.391094324162,0.724629652593,-0.551827606843,-0.132073420933
1407452535.0,282195751.0,6,Pelvis0,0,2.13809312887,0.628626877939,1.02294888872,-0.119415306657,-0.171994975533,-0.527899602834,0.823091563713,Head0,0,1.94763367488,1.16387870678,1.5672275043,-0.0730637790803,0.0263066949851,0.738752867867,0.669487746119,rElbow0,0,2.22896718849,1.222317264,1.16097944047,0.71796161736,-0.314406772896,0.521654184029,-0.336981319126,Pelvis1,0,1.1688285709,1.05357843365,1.1042181084,0.0979948563539,0.0639786891496,0.883494040202,-0.453587936778,Head1,0,1.50789083081,1.47961547381,1.61791823191,-0.0571600179109,0.0904946519471,0.307832464464,0.945400774351,rElbow1,0,1.63316521027,1.23260408814,1.19550719634,-0.384716741566,0.731740781461,-0.546329391445,-0.13443456977
1407452535.0,292024638.0,6,Pelvis0,0,2.13818055419,0.628626421702,1.02292532639,-0.120159267289,-0.171496359391,-0.526743934679,0.823827394834,Head0,0,1.94727665971,1.16366163026,1.56745469072,-0.0714431253807,0.0257277923704,0.741911178682,0.666184481569,rElbow0,0,2.22913557016,1.22232668102,1.16086136809,0.716955336084,-0.31428327688,0.522739697458,-0.337556331056,Pelvis1,0,1.16885045715,1.05400375731,1.10405357905,0.101346372643,0.0656515892658,0.885285057815,-0.449098149616,Head1,0,1.50756924141,1.47889774299,1.61843394854,-0.0613980477471,0.0935046507599,0.308426358094,0.944648263457,rElbow1,0,1.62907843415,1.22928041042,1.19451128778,-0.390699911638,0.724954706733,-0.551250538934,-0.133854755446
1407452535.0,302005038.0,6,Pelvis0,0,2.13824160795,0.628642071768,1.02288212896,-0.120219195984,-0.171108228257,-0.526610905764,0.823984388851,Head0,0,1.94678606924,1.16329402271,1.56763428887,-0.0725368760459,0.0263120102677,0.744285098472,0.663389607939,rElbow0,0,2.22932439649,1.22210895057,1.16076378251,0.716578734491,-0.313936154073,0.522689572125,-0.338754512343,Pelvis1,0,1.16873024083,1.05469634018,1.10379562881,0.0995911551592,0.0645572826506,0.886360402778,-0.447525636648,Head1,0,1.50733218773,1.47825480335,1.61894757315,-0.0595263740339,0.0910501765142,0.30767769766,0.945251770966,rElbow1,0,1.62727304133,1.22504337124,1.19533898956,-0.387354000505,0.730412908075,-0.545502932143,-0.137406015273
1407452535.0,312218834.0,6,Pelvis0,0,2.13829110147,0.62870724531,1.02284290895,-0.120205238663,-0.171193896009,-0.526481531596,0.824051301471,Head0,0,1.94638332114,1.1631099103,1.56788696861,-0.0708568510399,0.0237884056302,0.749492426861,0.657779993992,rElbow0,0,2.22967386922,1.22179329966,1.16077472318,0.717151319753,-0.312903816332,0.522077149788,-0.339441653263,Pelvis1,0,1.16853566798,1.05550946367,1.10342461922,0.0987305511269,0.0643770092332,0.887145776452,-0.446184099089,Head1,0,1.50717232266,1.47746096671,1.61948716544,-0.0585543306111,0.090486218086,0.304940299075,0.946253163114,rElbow1,0,1.62320462667,1.2217373073,1.19461975182,-0.391305859651,0.723854467866,-0.552199893812,-0.134125727684
1407452535.0,322016360.0,6,Pelvis0,0,2.13839360957,0.628694003148,1.02281926974,-0.12036916968,-0.171431766793,-0.526264819695,0.82411634608,Head0,0,1.94578237856,1.16298225876,1.56804962862,-0.0670889309077,0.0233919803886,0.752736929661,0.654476130449,rElbow0,0,2.2299301853,1.22166053982,1.1606178864,0.716306114275,-0.313209067539,0.522764803364,-0.339886144212,Pelvis1,0,1.16846629876,1.05613762872,1.10325602446,0.0958443084785,0.0632460549977,0.887427838697,-0.446414197987,Head1,0,1.50709368109,1.47627738553,1.61989749724,-0.0623133398708,0.0931348586104,0.30463200183,0.94585532152,rElbow1,0,1.62175179058,1.21754493686,1.19539838156,-0.389900339389,0.72761062744,-0.546576805866,-0.140763260369
1407452535.0,331985473.0,6,Pelvis0,0,2.13846210388,0.628721844463,1.02278275382,-0.120476559821,-0.171087953877,-0.525843059066,0.824441257946,Head0,0,1.94525038284,1.16259751987,1.56815707788,-0.0645932469267,0.0229369931936,0.753940704264,0.653356733529,rElbow0,0,2.23027210839,1.22119917394,1.16064252673,0.717630718572,-0.312611381388,0.522184884818,-0.33853097651,Pelvis1,0,1.16836709875,1.05688172094,1.10298889548,0.0919444963876,0.0631146145825,0.888892247698,-0.444334701539,Head1,0,1.50700257579,1.47524574552,1.62042749768,-0.0628796453264,0.0958583693123,0.302715346723,0.946161055051,rElbow1,0,1.61822606321,1.21370018195,1.19561138192,-0.390675664024,0.726339232731,-0.548418570894,-0.13798882431
1407452535.0,342209404.0,6,Pelvis0,0,2.13849331346,0.628715057149,1.02275772923,-0.120518133035,-0.170668393178,-0.5256319898,0.824656710686,Head0,0,1.94472618657,1.16207361748,1.56825716817,-0.0670568342869,0.0257316788192,0.754927994351,0.651862704122,rElbow0,0,2.23075571821,1.22089461867,1.16079472155,0.718760507794,-0.312154813753,0.52182734855,-0.337103727347,Pelvis1,0,1.16809049657,1.05757190035,1.10269130377,0.0947746995542,0.0630280876152,0.889756618104,-0.442016263316,Head1,0,1.50711332119,1.47410854546,1.62078277339,-0.0629249383721,0.0952025357165,0.299751566081,0.947167317825,rElbow1,0,1.61521637371,1.20981429444,1.1955888381,-0.39347064531,0.723045916455,-0.549793608519,-0.141818341578
1407452535.0,351961361.0,6,Pelvis0,0,2.1385406312,0.628745843334,1.0226751025,-0.120362800358,-0.17079946735,-0.525934655447,0.824459263058,Head0,0,1.94416965289,1.16153155194,1.56842665175,-0.066629326959,0.0265038319241,0.755572086154,0.651128944455,rElbow0,0,2.23115221995,1.22058837276,1.1610516581,0.720200991078,-0.31199229616,0.520223913437,-0.336657718574,Pelvis1,0,1.167985391,1.05835524372,1.10236727948,0.0924391330341,0.0631474283328,0.891416406142,-0.439140296305,Head1,0,1.5071680939,1.47280594089,1.62097767423,-0.0621307547564,0.0928613042837,0.296455031273,0.948488777958,rElbow1,0,1.61253826054,1.2055560455,1.1968914675,-0.394106581094,0.726317105101,-0.544366810925,-0.144250617812
1407452535.0,362018742.0,6,Pelvis0,0,2.13860651755,0.628751510309,1.02259123146,-0.120518568246,-0.170710237037,-0.525583356986,0.824678982719,Head0,0,1.94348425064,1.1612083833,1.56862219998,-0.0663796485044,0.0277247078251,0.757740070446,0.648579269234,rElbow0,0,2.23142884437,1.22042465734,1.16104069315,0.719696022075,-0.312377315416,0.5206409514,-0.336735873272,Pelvis1,0,1.16763443667,1.05832102239,1.10205846781,0.113471911333,0.0746732293092,0.896210692042,-0.422320292707,Head1,0,1.50720631083,1.47173692617,1.62120090679,-0.0641406232217,0.0944037870449,0.295194609357,0.948595829661,rElbow1,0,1.60785419907,1.20119732881,1.19664315222,-0.401672977534,0.718265987692,-0.549453695316,-0.14440715615
1407452535.0,372104461.0,6,Pelvis0,0,2.13862040847,0.628769580362,1.02254192325,-0.120399842182,-0.170684054472,-0.525338309535,0.824857861747,Head0,0,1.94267411124,1.1608810661,1.5688318285,-0.0664760144167,0.0298444841881,0.759431361521,0.646493815445,rElbow0,0,2.23147820591,1.22017729043,1.16080138502,0.717817130699,-0.310486343011,0.522785578247,-0.339163731634,Pelvis1,0,1.16744416832,1.05966084398,1.10165592347,0.0968972891147,0.0642672899786,0.893436487123,-0.433880022908,Head1,0,1.50723494097,1.47041543472,1.62121251501,-0.0710996829355,0.0978343175331,0.295986512771,0.947504757591,rElbow1,0,1.60556403577,1.197830011,1.19693143503,-0.399195194058,0.719318947156,-0.547934114577,-0.151629995006
1407452535.0,382172630.0,6,Pelvis0,0,2.13865178991,0.62873828982,1.02251584648,-0.120971514432,-0.171206322685,-0.524877843935,0.824959112148,Head0,0,1.9420708782,1.16056937567,1.56905927328,-0.0680742128165,0.0315076717543,0.76106130891,0.644328217798,rElbow0,0,2.23190316351,1.2199443171,1.16094151669,0.718381223435,-0.308136697975,0.522887194941,-0.339954665423,Pelvis1,0,1.16726413194,1.06052297146,1.10127541829,0.0929982321843,0.0629207998462,0.894568503839,-0.432596224784,Head1,0,1.50740015615,1.46921723383,1.6212016901,-0.072342228648,0.0952299408279,0.294186301444,0.948236405316,rElbow1,0,1.60149884268,1.19332418011,1.19769799873,-0.404353531416,0.717080403545,-0.547487896766,-0.150169635338
1407452535.0,392060716.0,6,Pelvis0,0,2.13861890277,0.62879608745,1.02242416354,-0.120672945938,-0.170942700264,-0.525103456344,0.824913930953,Head0,0,1.94151490762,1.16008968979,1.56929371734,-0.0692132633607,0.0312295449796,0.764541788019,0.640086005211,rElbow0,0,2.23244167091,1.22026200293,1.16116720602,0.719730189967,-0.313037696018,0.521224538641,-0.335143006552,Pelvis1,0,1.1667933437,1.06041148813,1.10108444745,0.10688083348,0.0680640580329,0.896090780055,-0.425399912247,Head1,0,1.5073823405,1.46803934353,1.62129006673,-0.0711717341971,0.0996984140298,0.291251080045,0.948771636836,rElbow1,0,1.59680342033,1.18945660071,1.19750396105,-0.409043752757,0.712211922132,-0.550386523987,-0.150040196341
1407452535.0,402159778.0,6,Pelvis0,0,2.13858444921,0.628809622516,1.02238162513,-0.120993964323,-0.171149251138,-0.525356177882,0.824663131705,Head0,0,1.94088257357,1.15972747424,1.56970176603,-0.0661649230515,0.0296769860208,0.769775425172,0.634182366721,rElbow0,0,2.23294682095,1.21994955652,1.16115102376,0.721523611309,-0.312529483925,0.518900303398,-0.335367671571,Pelvis1,0,1.16661763965,1.06137551055,1.1008113679,0.10576587258,0.0694987649203,0.898866124734,-0.419551178853,Head1,0,1.50734181898,1.4668857208,1.62146203261,-0.0708431218092,0.104579115146,0.288921894031,0.948982929202,rElbow1,0,1.59382672603,1.18464448682,1.19832299339,-0.412781840488,0.711179788757,-0.547521499886,-0.155095671729
1407452535.0,412172882.0,6,Pelvis0,0,2.13848629524,0.628897127213,1.02228612586,-0.120442836187,-0.170115618406,-0.52586797596,0.824631476143,Head0,0,1.94023081547,1.15927680564,1.56999999267,-0.0678675486387,0.033259210248,0.769005598756,0.634758386993,rElbow0,0,2.23319205324,1.21927188049,1.16083136919,0.721060453309,-0.313022466043,0.517121676539,-0.338635394016,Pelvis1,0,1.1666486079,1.06253047664,1.10029756633,0.0955814319059,0.0639353327016,0.898308115189,-0.424050696607,Head1,0,1.50756868766,1.46532761222,1.62177204503,-0.0696968931393,0.106116272416,0.286969329969,0.949489485709,rElbow1,0,1.58943493703,1.18098081447,1.1980719137,-0.416212978322,0.707483152828,-0.549351989655,-0.15635452217
1407452535.0,422004454.0,6,Pelvis0,0,2.13839447597,0.628948563537,1.02223115062,-0.120186943154,-0.169413914463,-0.526701408714,0.824281293213,Head0,0,1.93969396869,1.15891214211,1.57033271442,-0.0621136915675,0.028438256179,0.773877243432,0.629640506165,rElbow0,0,2.23355941987,1.21893892489,1.16064669826,0.721356305417,-0.315034205578,0.516393877761,-0.337247524768,Pelvis1,0,1.16663999212,1.06356079677,1.09994700518,0.0897519585855,0.0626134377275,0.899592546534,-0.422797106858,Head1,0,1.50780222238,1.46403361799,1.62210951266,-0.0719393036557,0.1087294833,0.284552314792,0.949753976668,rElbow1,0,1.58512385834,1.17590367115,1.1991117487,-0.424936834924,0.704638016174,-0.546707758978,-0.154998641159
1407452535.0,432240078.0,6,Pelvis0,0,2.13832154732,0.629008366116,1.02215029634,-0.119940411743,-0.169107881348,-0.527046520152,0.824159443125,Head0,0,1.93909024477,1.15835938037,1.57077047425,-0.0629922394935,0.0318641258935,0.774200139921,0.628991890719,rElbow0,0,2.23372267527,1.21868797825,1.15998047482,0.719479308427,-0.315896280014,0.519040182299,-0.336387208701,Pelvis1,0,1.16632482309,1.06418828727,1.0996556264,0.0913421901535,0.0621697312969,0.900181379022,-0.421265965478,Head1,0,1.50784946207,1.46249036215,1.62239553406,-0.0753249068702,0.10391505664,0.289840957714,0.948430302468,rElbow1,0,1.58224324438,1.17261219256,1.19844886459,-0.422841384327,0.703063919712,-0.547441681964,-0.164966340046
1407452535.0,442230421.0,6,Pelvis0,0,2.13831921246,0.628985300033,1.02218534574,-0.120867332914,-0.170922803236,-0.526743540425,0.823843265305,Head0,0,1.93861212537,1.15765182617,1.57105085817,-0.0634469891009,0.0350164257705,0.775663742199,0.626972159301,rElbow0,0,2.23425564742,1.21785038267,1.16009021216,0.724910256845,-0.31618994907,0.513973998802,-0.33220440121,Pelvis1,0,1.1661993696,1.06506189548,1.09918049687,0.0894788685541,0.0592552972349,0.901569869941,-0.419111096783,Head1,0,1.50789428738,1.46097799411,1.62303418072,-0.0725603632488,0.104655341717,0.285298859426,0.949940426524,rElbow1,0,1.57756679569,1.16757766309,1.19936372393,-0.432435366361,0.698130429673,-0.546885681646,-0.162879121732
1407452535.0,452055323.0,6,Pelvis0,0,2.13826197738,0.629065313793,1.02213751067,-0.120548471212,-0.170242727722,-0.527098378582,0.823803847431,Head0,0,1.93800238104,1.1571651828,1.57140425186,-0.0644476854101,0.038090011844,0.776351672881,0.62583841913,rElbow0,0,2.23457363093,1.21751761002,1.15962395001,0.724584042694,-0.321276558124,0.51231315572,-0.330597290899,Pelvis1,0,1.16611062808,1.06588096303,1.09880088261,0.0894470200802,0.0601833191077,0.902554252393,-0.416860912281,Head1,0,1.50851459432,1.4595751495,1.62395454966,-0.0707638154622,0.104307755669,0.281367252559,0.951285889581,rElbow1,0,1.57322655248,1.16422547799,1.19909850065,-0.436709932823,0.694755649938,-0.547462478989,-0.163962970064
1407452535.0,462135238.0,6,Pelvis0,0,2.13827208931,0.629033531526,1.022140019,-0.121474404931,-0.171984559561,-0.526801715948,0.823495739086,Head0,0,1.93743171374,1.15672747897,1.5718649794,-0.0577302406651,0.032379188551,0.781239538064,0.620712164878,rElbow0,0,2.23538908426,1.21619966344,1.15893967277,0.725683725366,-0.323279274841,0.509336304,-0.330832541667,Pelvis1,0,1.16590028137,1.06663627465,1.0984049789,0.0881313869845,0.0597605268116,0.904916132338,-0.41205379685,Head1,0,1.50868038063,1.45795179285,1.62473744914,-0.0730073220383,0.103809886411,0.281278914523,0.95119693579,rElbow1,0,1.57013471272,1.15954261657,1.19947923152,-0.441947065182,0.689686233742,-0.54813786247,-0.1689987405
1407452535.0,472148516.0,6,Pelvis0,0,2.13822545808,0.629138096704,1.02210313303,-0.121955828212,-0.17243762062,-0.526383361916,0.82359735263,Head0,0,1.93715250903,1.15624179087,1.57243817632,-0.0600234068588,0.0349811442851,0.783328457236,0.617713556803,rElbow0,0,2.23589650299,1.2150752444,1.15819489514,0.727965250918,-0.32743620449,0.504830986446,-0.328630188158,Pelvis1,0,1.16552328912,1.06715664644,1.09810402257,0.0864275694089,0.0615430671508,0.905921732112,-0.40993724083,Head1,0,1.50921171613,1.45647158586,1.62557478299,-0.0752275401446,0.10556155601,0.279764778343,0.951277690212,rElbow1,0,1.56630613537,1.156307222,1.19882189694,-0.444843067046,0.685231425654,-0.550290691385,-0.172489692365
1407452535.0,482022183.0,6,Pelvis0,0,2.13821531052,0.62925781483,1.02207503919,-0.121809307218,-0.172294826988,-0.526858372153,0.823345152995,Head0,0,1.93667952107,1.15593320408,1.57298816162,-0.0595602837196,0.0374051454582,0.784129685715,0.616598786633,rElbow0,0,2.23667563862,1.21403710181,1.15736716228,0.730122036275,-0.334192571311,0.500181212429,-0.324123266921,Pelvis1,0,1.16505350255,1.06776483919,1.09780463463,0.0878976586606,0.0610170285471,0.906848427955,-0.407647951724,Head1,0,1.50962698523,1.45461292619,1.62644406213,-0.0739571351825,0.10568843217,0.277051402162,0.952156929304,rElbow1,0,1.56244941208,1.15233791549,1.19893850416,-0.450877966782,0.68109365799,-0.550510506362,-0.172507015801
1407452535.0,492043210.0,6,Pelvis0,0,2.13816991509,0.629498549667,1.02199963666,-0.121483678781,-0.171177079701,-0.527139681849,0.823446342511,Head0,0,1.93630586806,1.1555420515,1.57345935632,-0.0560483934134,0.033877911113,0.787186634946,0.613227581324,rElbow0,0,2.23732120867,1.21237814616,1.15667711761,0.733531438711,-0.339128065202,0.49388572459,-0.320937182111,Pelvis1,0,1.16468956343,1.06857383805,1.09747852623,0.0840850401869,0.0583903431851,0.908747583179,-0.404596223297,Head1,0,1.50995398647,1.45307289585,1.62731860392,-0.0726904459797,0.105779067657,0.274097746289,0.953098795188,rElbow1,0,1.55911518311,1.14856282689,1.19848050897,-0.454676730172,0.675745656774,-0.552096616978,-0.178399001994
1407452535.0,502010006.0,6,Pelvis0,0,2.13814660063,0.629657861244,1.02199171556,-0.120553683761,-0.169831070404,-0.52726030958,0.823784427383,Head0,0,1.93602600046,1.15497499703,1.57405266256,-0.0600265366092,0.0387775266633,0.788544321111,0.610811732019,rElbow0,0,2.23807062455,1.21083019849,1.15500241836,0.732514473898,-0.346030676323,0.490741978667,-0.320714245001,Pelvis1,0,1.16410892925,1.06908614502,1.09735970099,0.0841493273808,0.0578957481965,0.908551162601,-0.405094751852,Head1,0,1.51059768105,1.45117288423,1.62803533564,-0.073896216402,0.102713622845,0.271819147431,0.953993507301,rElbow1,0,1.5547958025,1.14432364945,1.19850675816,-0.462515622031,0.670563309126,-0.551857457713,-0.178542695725
1407452535.0,512217558.0,6,Pelvis0,0,2.13819770751,0.62986071343,1.02193833708,-0.119992300619,-0.169986185684,-0.528222738633,0.823217640032,Head0,0,1.93571032659,1.15451625681,1.57461598891,-0.0571479591308,0.0363072197647,0.789808297479,0.60960540499,rElbow0,0,2.23870245521,1.20840681786,1.15383855019,0.736591142336,-0.349389244388,0.484449716694,-0.31728396892,Pelvis1,0,1.16380420242,1.0696004007,1.09711022705,0.0852651360787,0.057902217635,0.910115630667,-0.40133119562,Head1,0,1.51093970398,1.44950636356,1.62882857706,-0.0734689064265,0.104824343549,0.270478264017,0.954178015615,rElbow1,0,1.55074419297,1.14155920494,1.1978324378,-0.465174808411,0.667667446239,-0.55325838068,-0.178150899689
1407452535.0,522031576.0,6,Pelvis0,0,2.13823752959,0.630095650887,1.02186717635,-0.120006003117,-0.17042883717,-0.528286360228,0.823083283923,Head0,0,1.93540675459,1.15409337741,1.57520283428,-0.0534708937206,0.0338990691513,0.792021227151,0.607201854722,rElbow0,0,2.23933214909,1.20649839232,1.15260951204,0.739238594583,-0.357820398366,0.476931609273,-0.313092802325,Pelvis1,0,1.16357954531,1.0701431168,1.09685655759,0.0843356637744,0.0583322094634,0.912102094308,-0.396931503807,Head1,0,1.51165790814,1.44780155621,1.62949118873,-0.0774140927338,0.103295912136,0.268068946993,0.95471254964,rElbow1,0,1.54707331868,1.13728749748,1.19816633551,-0.476948521598,0.660284545059,-0.55076822747,-0.182205342707
1407452535.0,532160763.0,6,Pelvis0,0,2.13831786434,0.630266415783,1.02186692865,-0.121072450003,-0.172719103973,-0.527117960617,0.823198778284,Head0,0,1.93517685892,1.15373926046,1.57574359508,-0.0530001410974,0.0351885480753,0.793322212679,0.605468924056,rElbow0,0,2.23999295705,1.2036263443,1.15082230781,0.741768239394,-0.364584574292,0.469487047234,-0.310547709209,Pelvis1,0,1.16329861964,1.07049723619,1.09655778097,0.0849887738657,0.059657970533,0.913024038791,-0.394467919429,Head1,0,1.51208091688,1.4462461404,1.62990239053,-0.077068956909,0.105428103698,0.263848292083,0.955682672018,rElbow1,0,1.54405354385,1.13422934507,1.1975117226,-0.474104934763,0.660043969698,-0.551840928385,-0.187184557746
1407452535.0,542240701.0,6,Pelvis0,0,2.13839723707,0.630429374125,1.02184642431,-0.120950984614,-0.172885993014,-0.52666158649,0.823473658387,Head0,0,1.93476526623,1.15349742987,1.57632750803,-0.0491881837879,0.0368158029671,0.793900295006,0.604935898106,rElbow0,0,2.24047818612,1.20133352404,1.14911330454,0.744052849396,-0.374970712363,0.460908387076,-0.305525417761,Pelvis1,0,1.16291454543,1.07087351204,1.09628103834,0.0852545252387,0.0589264933835,0.913829502294,-0.392651212962,Head1,0,1.51241048793,1.44440915887,1.63036341066,-0.0808026928383,0.107202958958,0.266531553032,0.95443144419,rElbow1,0,1.54048940283,1.13123634905,1.19721604779,-0.481713382243,0.654335202704,-0.55092381084,-0.190474708345
1407452535.0,551975384.0,6,Pelvis0,0,2.13841247699,0.630735040436,1.02177098111,-0.120322576709,-0.171216152208,-0.525695959705,0.824530936173,Head0,0,1.9345037642,1.15297807862,1.57687020198,-0.0533651831142,0.0395881621358,0.795148402255,0.602763596314,rElbow0,0,2.2406942664,1.19798249727,1.14694393389,0.747810301431,-0.382873458547,0.452270802003,-0.299397377191,Pelvis1,0,1.16241413686,1.07116221803,1.09616823771,0.0781790596536,0.0587034501695,0.917651093778,-0.385173220328,Head1,0,1.51320970472,1.44264284672,1.63079882295,-0.0806207577986,0.103186608205,0.264235641869,0.955527259091,rElbow1,0,1.53673798016,1.12815980563,1.19610380134,-0.481671484102,0.65025116954,-0.554799563213,-0.193296255974
1407452535.0,562044398.0,6,Pelvis0,0,2.13848579554,0.63108373026,1.02171197363,-0.11880004312,-0.168978873975,-0.526323764974,0.824812696513,Head0,0,1.9341731831,1.15234851693,1.57735126542,-0.0547094772783,0.0397681254958,0.795780415425,0.601796393904,rElbow0,0,2.2407622517,1.19476068378,1.14489874277,0.753351104233,-0.393713591899,0.439298530472,-0.290634688965,Pelvis1,0,1.16188508072,1.07157086228,1.09599557913,0.0809882037262,0.0559779383331,0.916339638392,-0.388109582965,Head1,0,1.5137531553,1.44114702349,1.63125670683,-0.0816711929404,0.102675426506,0.261258333611,0.956311484902,rElbow1,0,1.53351204376,1.12434732477,1.19603489553,-0.487830074808,0.645903147011,-0.552937837857,-0.197713657244
1407452535.0,572145568.0,6,Pelvis0,0,2.13854780709,0.631402695969,1.02169065424,-0.119012264848,-0.168426942311,-0.524830818992,0.825845661946,Head0,0,1.93370900612,1.15228767809,1.57793894123,-0.0478769269741,0.0322159634634,0.801114070805,0.595723238694,rElbow0,0,2.24058312802,1.19086023135,1.14220801415,0.754735559751,-0.404533498388,0.429983920479,-0.286078156557,Pelvis1,0,1.16162682023,1.07171961831,1.09575000031,0.0810882196767,0.0569757669392,0.917475027522,-0.385250615164,Head1,0,1.51435710966,1.43955550642,1.63161192687,-0.0824368810572,0.101449192243,0.261190308752,0.956395234539,rElbow1,0,1.53071238523,1.12192525552,1.19532777531,-0.48679386433,0.646828207567,-0.552013312035,-0.199815682276
1407452535.0,582105974.0,6,Pelvis0,0,2.13863041327,0.631817169845,1.02165169316,-0.117953992837,-0.167321673809,-0.526258779098,0.825313280197,Head0,0,1.93340933353,1.15196871756,1.57834291258,-0.0433712496911,0.0296496379643,0.803181123805,0.593413781465,rElbow0,0,2.24016133344,1.18669065842,1.14089269657,0.764585483334,-0.416813653727,0.406239975935,-0.276847428549,Pelvis1,0,1.16131930625,1.07188685015,1.09560835197,0.0811314792639,0.0561739464304,0.917862244729,-0.384436042166,Head1,0,1.51503064458,1.43814644706,1.63196838036,-0.0816437380616,0.103160140289,0.256913167147,0.957438201681,rElbow1,0,1.52813911775,1.11938967831,1.19463519917,-0.484831723753,0.646861178256,-0.55149915941,-0.20580936052
1407452535.0,592115065.0,6,Pelvis0,0,2.13878915884,0.632097838004,1.02171659307,-0.119262707518,-0.169212498129,-0.524868232222,0.825625142469,Head0,0,1.93304250277,1.15152504501,1.57894791422,-0.0503518485794,0.0368364232913,0.800799545704,0.595674287563,rElbow0,0,2.23979821257,1.18256783489,1.13848125312,0.768219730356,-0.42717594288,0.395864631318,-0.265801341961,Pelvis1,0,1.16108143121,1.07187620947,1.0953774681,0.0799823163539,0.056383400431,0.91771841402,-0.384989160619,Head1,0,1.51573279155,1.43661799424,1.63219396861,-0.0830627994015,0.101427516137,0.256927679039,0.957497361913,rElbow1,0,1.52575024438,1.11658764544,1.19378553605,-0.48257422344,0.645054353482,-0.552513797399,-0.213905361338
1407452535.0,602083421.0,6,Pelvis0,0,2.13893840889,0.632406915082,1.02176388638,-0.119808916039,-0.170524169877,-0.524090951992,0.825769946877,Head0,0,1.93271209477,1.15114873607,1.57935409727,-0.049121960428,0.0345805977359,0.801442695613,0.595046906481,rElbow0,0,2.23890589175,1.17844722488,1.13555007739,0.770639538886,-0.437617924621,0.383587647048,-0.259741737478,Pelvis1,0,1.16078357131,1.07185261365,1.09526732637,0.0819978322141,0.056837204792,0.918469411082,-0.382700703644,Head1,0,1.51644627187,1.43524324991,1.63231925777,-0.0831448035827,0.0963362772603,0.251524881911,0.959448538016,rElbow1,0,1.5229640955,1.11345994261,1.1933601561,-0.484645576998,0.641989680169,-0.552473219833,-0.218497726808
1407452535.0,611997516.0,6,Pelvis0,0,2.13900873745,0.632947626018,1.02162385083,-0.119881481345,-0.169131063844,-0.522901012015,0.826799640365,Head0,0,1.93221750691,1.15056958518,1.57991995039,-0.0500209929112,0.0374349710557,0.803830960624,0.59156767149,rElbow0,0,2.23805751928,1.17413677644,1.1330274597,0.77309025771,-0.446634689348,0.372662827017,-0.252925532646,Pelvis1,0,1.16053517919,1.0718634238,1.09506175836,0.0805080690324,0.0554430295323,0.919045236523,-0.38183815226,Head1,0,1.51734727384,1.43397887515,1.63251860422,-0.0823652195872,0.0957551828973,0.246909042878,0.96077200214,rElbow1,0,1.52022602933,1.11117500372,1.19243247073,-0.486466883274,0.639795434223,-0.551797803794,-0.222555515664
1407452535.0,622036115.0,6,Pelvis0,0,2.1390738811,0.633282256328,1.02158952196,-0.119926663086,-0.16938821315,-0.522758816929,0.826830362317,Head0,0,1.93182593552,1.1501384756,1.58033712858,-0.0510681204555,0.0391357440985,0.806020447243,0.588380386513,rElbow0,0,2.2364907149,1.16950872297,1.13027185708,0.780135360355,-0.448152457675,0.360989613651,-0.245427571883,Pelvis1,0,1.16027253593,1.07177445724,1.09492888484,0.0792581152637,0.054101690295,0.920380022139,-0.379066977089,Head1,0,1.51799614269,1.43247827132,1.6325702944,-0.0828516612332,0.0947557840578,0.246932363822,0.960823267472,rElbow1,0,1.51796827877,1.10889297324,1.19174371899,-0.484976328588,0.638710010889,-0.552530883096,-0.227061898882
1407452535.0,632084773.0,6,Pelvis0,0,2.13908532054,0.633753457768,1.02146609044,-0.119110323267,-0.16720247624,-0.522959328243,0.827266343951,Head0,0,1.93152868356,1.14984119982,1.58070425875,-0.0524278296696,0.0371149363668,0.806700293692,0.587459309512,rElbow0,0,2.23591365813,1.16610811643,1.12835491081,0.780329606208,-0.459054476862,0.350405287483,-0.239939216162,Pelvis1,0,1.16010212457,1.0714640305,1.09474338775,0.079333253255,0.0559761439128,0.921848738009,-0.375190365643,Head1,0,1.5187430347,1.43128139413,1.63262114374,-0.0816986453615,0.0986587514106,0.244700749837,0.961100059903,rElbow1,0,1.51532956137,1.10673011569,1.19084772077,-0.484512884356,0.637006054604,-0.553567175134,-0.230290976602
1407452535.0,642271133.0,6,Pelvis0,0,2.13916092619,0.634095732313,1.02141126208,-0.118968413011,-0.166930651794,-0.52233904973,0.82773340595,Head0,0,1.93118682847,1.14957538429,1.58115543741,-0.0501165559052,0.0346468066019,0.80811897154,0.585859759204,rElbow0,0,2.23495709138,1.16189745904,1.12604171709,0.782268047228,-0.465180516254,0.341010382363,-0.235320438349,Pelvis1,0,1.1598480754,1.07122600089,1.09465320681,0.0805317050538,0.0557085508285,0.921057205036,-0.376914880174,Head1,0,1.51954158277,1.43004064848,1.63232777766,-0.0808924265825,0.0985292616177,0.243066069741,0.961596217582,rElbow1,0,1.51414998892,1.10418038516,1.18979945985,-0.479198181676,0.637452683623,-0.554624345215,-0.237518450896
1407452535.0,652036800.0,6,Pelvis0,0,2.13907674475,0.634591427372,1.02130093692,-0.117715243053,-0.165590261528,-0.523191190337,0.827643622095,Head0,0,1.93078801471,1.14935589917,1.58165384499,-0.049631745777,0.0358310997544,0.808264390829,0.585629145978,rElbow0,0,2.23392972776,1.15768105411,1.1239964211,0.786378099137,-0.466286246283,0.33248841805,-0.231598949882,Pelvis1,0,1.15960675382,1.07082064218,1.09458981415,0.0807675088807,0.0550539027485,0.920347314214,-0.378690504924,Head1,0,1.52061980026,1.42879250902,1.63230693699,-0.0801585683251,0.097266610925,0.240101583228,0.962530539804,rElbow1,0,1.51278133903,1.10147323724,1.18896697282,-0.476722075173,0.63734530593,-0.554767364253,-0.242405023897
1407452535.0,662097245.0,6,Pelvis0,0,2.13908228693,0.634933076426,1.02123110345,-0.116777294317,-0.163656920189,-0.524564712356,0.827291568044,Head0,0,1.93052102604,1.14906639942,1.58214661739,-0.0469396321577,0.0339990099039,0.811183692862,0.58191215376,rElbow0,0,2.23289126574,1.15416466254,1.12210938972,0.787118865751,-0.472384791615,0.32428574961,-0.228331453,Pelvis1,0,1.1596262512,1.07044724349,1.09443194665,0.075994772425,0.054418068626,0.921296616585,-0.377459948391,Head1,0,1.52139183405,1.42764623,1.63209001444,-0.0799302866488,0.0960341757235,0.240050050469,0.962686116883,rElbow1,0,1.51223146835,1.09961123496,1.18787217249,-0.46779728816,0.639636830023,-0.555869260698,-0.251077254803
1407452535.0,672064068.0,6,Pelvis0,0,2.13920683596,0.634990498856,1.02129627352,-0.118007440203,-0.166653013108,-0.52492405207,0.826290358674,Head0,0,1.93029060892,1.14888126358,1.58256008323,-0.04656862461,0.0339820336063,0.812975303433,0.579437434588,rElbow0,0,2.23152783799,1.15023738073,1.11975886439,0.790933678221,-0.470553490549,0.321553408422,-0.222725693894,Pelvis1,0,1.15963444435,1.06964449186,1.09417724045,0.0778916861462,0.0581459465499,0.9221627118,-0.374389993314,Head1,0,1.52220839929,1.42649551825,1.6317496668,-0.0798370999952,0.093253038537,0.240732819929,0.962796768626,rElbow1,0,1.51141315926,1.09700441224,1.18819366767,-0.468312390569,0.643404455031,-0.550133120446,-0.253116103545
1407452535.0,682024563.0,6,Pelvis0,0,2.13908644765,0.635383561993,1.02114169541,-0.116156984226,-0.164780851186,-0.526837186634,0.825710242686,Head0,0,1.93023204425,1.1484924965,1.58292099565,-0.0493225849523,0.0361452130136,0.814766163039,0.576556073385,rElbow0,0,2.23025694328,1.14644949447,1.11761865474,0.793366555903,-0.470679436727,0.317146724634,-0.220109815483,Pelvis1,0,1.15965543197,1.06932083111,1.09407219515,0.0736307799504,0.0555844276639,0.921825262673,-0.376466551959,Head1,0,1.5231370043,1.42543709587,1.63134798809,-0.078791756322,0.0951539764137,0.237547897859,0.963487714572,rElbow1,0,1.51083404191,1.09502100577,1.18582872451,-0.45888671168,0.638414670552,-0.559053243761,-0.26326633835
1407452535.0,692043829.0,6,Pelvis0,0,2.13900291787,0.635510285383,1.02111977715,-0.118163788273,-0.166953861287,-0.52533290051,0.825947377854,Head0,0,1.93017053805,1.1480822591,1.58339728631,-0.0488426944904,0.0352356020134,0.815900652112,0.575046928024,rElbow0,0,2.22905091211,1.14274380809,1.1156414151,0.796843060904,-0.471190535952,0.310038976861,-0.216555877191,Pelvis1,0,1.15973192096,1.06882246106,1.0938868781,0.0692680802791,0.0558941121995,0.922231926037,-0.376252648993,Head1,0,1.52418348932,1.42450785311,1.63084815481,-0.0792896888505,0.0955054399663,0.23879607206,0.963103469077,rElbow1,0,1.51052595344,1.09304428094,1.18645129035,-0.459820681256,0.643225756193,-0.553235778449,-0.262213159667
1407452535.0,701969653.0,6,Pelvis0,0,2.13887533335,0.635691231647,1.02100778649,-0.118632086084,-0.168024184427,-0.524697744269,0.826066933582,Head0,0,1.93011044794,1.14783870597,1.58384711051,-0.0428565029549,0.0300764304592,0.818412364081,0.572241147424,rElbow0,0,2.22744154302,1.13894897007,1.11348437962,0.799448908775,-0.470608092983,0.305155460649,-0.215150203148,Pelvis1,0,1.15954429023,1.068040957,1.09393869469,0.0710832127716,0.0565001931299,0.922064698139,-0.37623343483,Head1,0,1.52516615918,1.42343284532,1.6305010628,-0.0789169926897,0.0965880978876,0.239140453982,0.962940647642,rElbow1,0,1.51135187862,1.09063130193,1.18621391658,-0.456364478263,0.645959666944,-0.550588885344,-0.267057018249
1407452535.0,712193160.0,6,Pelvis0,0,2.13868440659,0.635857717562,1.02087692357,-0.119104745612,-0.168398187165,-0.525049967994,0.825698880489,Head0,0,1.92997273974,1.14761465406,1.5844776631,-0.0446987500098,0.0339742283655,0.817635852885,0.572991610438,rElbow0,0,2.2260501566,1.13520066136,1.11153734112,0.804981894345,-0.466555070954,0.300793292368,-0.209413253664,Pelvis1,0,1.15913377079,1.0674747332,1.09410207928,0.0759212262375,0.055492191585,0.920943361386,-0.378179731342,Head1,0,1.52634532471,1.42249291714,1.63001452205,-0.0775503111783,0.0956872669872,0.2359898046,0.963918413714,rElbow1,0,1.51212953328,1.08905502947,1.18505747324,-0.449085687003,0.647799292309,-0.552168518662,-0.271639558262
1407452535.0,721982217.0,6,Pelvis0,0,2.1384654974,0.636073474109,1.02075202197,-0.118339909702,-0.166733399754,-0.526344876913,0.825322185407,Head0,0,1.93001235057,1.14735084991,1.58481339676,-0.0433323219235,0.033677349757,0.816998146738,0.574022799387,rElbow0,0,2.22493320753,1.1316158575,1.10987518115,0.807602989025,-0.465876137752,0.295852099938,-0.207866234278,Pelvis1,0,1.15900459023,1.06663302607,1.09410322909,0.0750895474902,0.0547867618198,0.92109622948,-0.378076323808,Head1,0,1.5274927581,1.4214757918,1.6294614799,-0.0787233324548,0.0940528421425,0.236846487603,0.963774061242,rElbow1,0,1.51349435373,1.08766995076,1.18417596916,-0.443164478588,0.648061789293,-0.554459515699,-0.276035881051
1407452535.0,732011473.0,6,Pelvis0,0,2.13818274603,0.636371007676,1.02059524231,-0.117047492389,-0.164111515511,-0.528224547551,0.824830965936,Head0,0,1.93023136717,1.147181508,1.58530153746,-0.0432054569217,0.0334431333683,0.817952661669,0.572685156601,rElbow0,0,2.22346204591,1.12866723683,1.10754380482,0.811947535792,-0.461036856379,0.295358264447,-0.202360351366,Pelvis1,0,1.15909432974,1.06574809222,1.09410123768,0.0715107443731,0.0564366495776,0.922256079784,-0.375692482392,Head1,0,1.52853041149,1.42069615019,1.62883383593,-0.0774995900564,0.0935096768695,0.236525016137,0.964005015866,rElbow1,0,1.51567592893,1.08564748059,1.18408536489,-0.43948371323,0.652216022974,-0.551012853428,-0.27902179223
1407452535.0,742292011.0,6,Pelvis0,0,2.13809012675,0.636421139263,1.02060934493,-0.118753756456,-0.166809732959,-0.528126792998,0.824108092932,Head0,0,1.93046276105,1.1469835886,1.58569781513,-0.0437116738158,0.0332666690407,0.819220538731,0.570841770743,rElbow0,0,2.22193240751,1.1254113069,1.10514532065,0.816993984669,-0.453596290843,0.294397337674,-0.200253443215,Pelvis1,0,1.15875165144,1.06514985804,1.09437087847,0.074305650984,0.0547833659406,0.920769681166,-0.379025919027,Head1,0,1.52990438883,1.41989021101,1.62824644613,-0.0779943997389,0.100233634903,0.237232280113,0.963115225358,rElbow1,0,1.51697110572,1.08504012828,1.18244462459,-0.433334265786,0.651350291877,-0.555823819857,-0.28111224208
1407452535.0,751973228.0,6,Pelvis0,0,2.13788080067,0.636671015316,1.02050135802,-0.116743593118,-0.163297866006,-0.530364525998,0.823661465644,Head0,0,1.93091894133,1.14680460918,1.58599751449,-0.0452887846209,0.0337488916014,0.81977133741,0.569899019707,rElbow0,0,2.22128419683,1.12238393041,1.10403058334,0.816253414737,-0.457138011591,0.286908015283,-0.20600726214,Pelvis1,0,1.15839042967,1.06446674942,1.09449974044,0.0772543592644,0.0530461350559,0.918662375446,-0.383767262115,Head1,0,1.53125976391,1.41911220693,1.62749069974,-0.0750912584658,0.096609549231,0.232605958915,0.964843181961,rElbow1,0,1.51975266904,1.08354316482,1.18205079705,-0.42765990534,0.655491465866,-0.553547428705,-0.284645723165
1407452535.0,762066850.0,6,Pelvis0,0,2.1377853159,0.636665522443,1.02054934931,-0.117437808354,-0.164489749031,-0.530286964708,0.82337550285,Head0,0,1.93143541211,1.14675929071,1.58639278471,-0.0439633021969,0.031436497365,0.820782991228,0.568677638038,rElbow0,0,2.22008283613,1.11907905155,1.10216770831,0.822658642962,-0.447255514359,0.287991013115,-0.200640071772,Pelvis1,0,1.15827355833,1.06360756145,1.09473988495,0.0745801413025,0.0514569252549,0.918217354242,-0.385573440133,Head1,0,1.53250721407,1.41822073356,1.62659452715,-0.075381645829,0.0969774326497,0.234682881337,0.964280524659,rElbow1,0,1.52219914743,1.0823796785,1.18130796382,-0.423171491906,0.658098072377,-0.553159944275,-0.286088957531
1407452535.0,772118909.0,6,Pelvis0,0,2.13771421964,0.636721877446,1.02057819555,-0.118090810496,-0.165726863343,-0.530511780671,0.822889067744,Head0,0,1.93186075184,1.14691811977,1.58675062986,-0.0431859211796,0.0323376789452,0.820387650917,0.569256842695,rElbow0,0,2.21915576768,1.11574721249,1.1006157757,0.827314229904,-0.440017104287,0.287352282988,-0.198405590634,Pelvis1,0,1.15813661845,1.06264359453,1.09490131322,0.0764641266977,0.0535858621407,0.918879285505,-0.383330994543,Head1,0,1.53383296503,1.41739708084,1.62576565376,-0.0752412051614,0.0994072253772,0.233910741597,0.964231678361,rElbow1,0,1.52522033153,1.08214881477,1.17998667075,-0.414688094994,0.660689400085,-0.555130578493,-0.288709787342
1407452535.0,782219540.0,6,Pelvis0,0,2.13759132284,0.636759854639,1.02059557504,-0.118587683625,-0.165603706278,-0.530553780968,0.822815325125,Head0,0,1.93246111263,1.14691651774,1.58709862736,-0.0441056345098,0.0319894895785,0.819074354862,0.571094183798,rElbow0,0,2.21790035574,1.11259412314,1.09844925287,0.830888736113,-0.432352449238,0.289331400891,-0.197440138516,Pelvis1,0,1.15786289835,1.06174142605,1.09490078674,0.0745714272492,0.0539063635179,0.91820399854,-0.385272141836,Head1,0,1.53519554183,1.41687390342,1.62486373213,-0.0762238883132,0.103521968189,0.232548201557,0.96405106447,rElbow1,0,1.52825671244,1.08158885849,1.1791380921,-0.411737324405,0.662337454855,-0.554747139007,-0.289891502726
1407452535.0,792170714.0,6,Pelvis0,0,2.1375302032,0.636826664691,1.02060123983,-0.119315444757,-0.166502872716,-0.530810136283,0.822363190591,Head0,0,1.93303511488,1.14705493393,1.58737430372,-0.0447114154414,0.0300847557832,0.819158140056,0.571030418085,rElbow0,0,2.21681258817,1.10945573346,1.09665517557,0.834210377998,-0.426642648548,0.28858433121,-0.196947148899,Pelvis1,0,1.15779255733,1.06081673727,1.09517343956,0.0736106206066,0.0514783926873,0.918514328534,-0.385049191531,Head1,0,1.53673705922,1.4161575067,1.62381458022,-0.0757666696215,0.101382693162,0.236898756396,0.963254867893,rElbow1,0,1.5317888233,1.08154406162,1.17777518712,-0.402666442261,0.665327567562,-0.557688528594,-0.290142153426
1407452535.0,801985724.0,6,Pelvis0,0,2.13742921218,0.636908664239,1.02064805239,-0.119654042273,-0.165653730715,-0.53076324389,0.822515732739,Head0,0,1.93381725534,1.14701624386,1.58750593587,-0.0471015198819,0.0299283861296,0.817135302213,0.573738299581,rElbow0,0,2.21614458999,1.10635064412,1.09544770815,0.839414285872,-0.420231404637,0.286767516513,-0.191189996348,Pelvis1,0,1.15743906103,1.05960666597,1.09538018323,0.0777591516569,0.0534457126818,0.916889571335,-0.387828034194,Head1,0,1.53815097811,1.41572612541,1.62293973038,-0.0758912484406,0.104056507093,0.234956766886,0.963435560604,rElbow1,0,1.53560861779,1.08157212397,1.17696593087,-0.399549028553,0.668358809318,-0.555794612979,-0.291117543225
1407452535.0,812117667.0,6,Pelvis0,0,2.13733788399,0.637027392893,1.02065185903,-0.119894706461,-0.165231562187,-0.531121824516,0.822334115638,Head0,0,1.93429372811,1.14712987766,1.58757129377,-0.0383904227254,0.023574578604,0.81735266791,0.574373598755,rElbow0,0,2.21548543776,1.10295038306,1.09404734139,0.8452316386,-0.414047230533,0.283019301374,-0.184522202043,Pelvis1,0,1.15712503312,1.05874551406,1.09557678953,0.0772326151502,0.0496298835158,0.91599081833,-0.390554501389,Head1,0,1.53974685263,1.41505208759,1.62161731779,-0.0758783562458,0.103846294479,0.238448478028,0.962601031322,rElbow1,0,1.53924847935,1.08187137068,1.17531604801,-0.394340729857,0.671007370432,-0.557222787001,-0.289391194146
1407452535.0,822093551.0,6,Pelvis0,0,2.13732334229,0.637143841701,1.02068612734,-0.120023926946,-0.165437140295,-0.531699384381,0.82190058658,Head0,0,1.93500695414,1.14728151162,1.58767590257,-0.0405166453189,0.0236704952049,0.815918231295,0.576259966464,rElbow0,0,2.21395771439,1.09953708859,1.0911047583,0.845491058829,-0.407410217059,0.29231052808,-0.183620095985,Pelvis1,0,1.15689544996,1.05749795729,1.09578716896,0.0818473485168,0.0520775979502,0.91620640854,-0.388786255265,Head1,0,1.54124706692,1.41467654238,1.62041968595,-0.0754398789439,0.106148114863,0.23688416657,0.962770634162,rElbow1,0,1.54312432278,1.08220270316,1.17398795974,-0.391356219884,0.671163210102,-0.559380845183,-0.288917504845
1407452535.0,832195962.0,6,Pelvis0,0,2.13734123118,0.637296887201,1.02073095254,-0.119875811854,-0.165399753378,-0.532348945703,0.821509166914,Head0,0,1.9357086928,1.14746437552,1.58772073296,-0.0387171584181,0.0208473902885,0.81766923859,0.574006432217,rElbow0,0,2.21291711222,1.0951269497,1.08944641048,0.851227340667,-0.39784214722,0.290309376033,-0.181257018028,Pelvis1,0,1.15655142319,1.05638379742,1.09596352321,0.0813627544354,0.0520666790194,0.915713413996,-0.390048851498,Head1,0,1.54288761029,1.4141625969,1.61898828317,-0.0737752293282,0.104048258236,0.239278248879,0.96253680195,rElbow1,0,1.54746399247,1.08267728762,1.17297967622,-0.389929778349,0.674468976526,-0.557299026713,-0.287165740445
1407452535.0,842083608.0,6,Pelvis0,0,2.13744248812,0.637476548446,1.02074266993,-0.119481406149,-0.165039710178,-0.533256103226,0.821050556312,Head0,0,1.93627339131,1.1475173055,1.58783680233,-0.0457266440075,0.0255190450649,0.814613166671,0.577635906997,rElbow0,0,2.21196573715,1.09172268907,1.08746016328,0.853810966108,-0.393520135859,0.292810756816,-0.174386345565,Pelvis1,0,1.15624446208,1.05519699661,1.09618151691,0.0827835546445,0.0507231369919,0.914807266938,-0.392048097575,Head1,0,1.54473949673,1.41383152215,1.61759760393,-0.0734245271012,0.1032768976,0.237204280219,0.963159826139,rElbow1,0,1.55255761355,1.08420403233,1.17072202807,-0.379913290897,0.6778760623,-0.559407535028,-0.288466887725
1407452535.0,851985877.0,6,Pelvis0,0,2.13757679097,0.637710883807,1.02073005525,-0.119485182027,-0.163839998899,-0.533415515865,0.821186722659,Head0,0,1.93706570856,1.1476169535,1.58799609553,-0.0521114230822,0.0289126918676,0.812604746072,0.579760280198,rElbow0,0,2.21107129391,1.08780714844,1.08611575932,0.858278532203,-0.389146074903,0.28791502472,-0.170376735757,Pelvis1,0,1.15605731592,1.05414976144,1.09636883581,0.080943162169,0.0515255263764,0.915037344547,-0.391790738422,Head1,0,1.54605002384,1.41332060992,1.61617653429,-0.0736331094465,0.117043572355,0.242256562994,0.96030762001,rElbow1,0,1.55663254876,1.08508776357,1.16970782234,-0.381328110913,0.679954847578,-0.557515873838,-0.285352987545
1407452535.0,862044272.0,6,Pelvis0,0,2.1378061743,0.637989802723,1.02076717391,-0.119155382389,-0.163065487051,-0.533535234563,0.821311022244,Head0,0,1.93774897665,1.14788942262,1.58803897687,-0.0474242581087,0.0245096437058,0.811879170661,0.581379763455,rElbow0,0,2.2101886203,1.08369797683,1.08411627465,0.861024180073,-0.383227116081,0.290865899144,-0.164837397288,Pelvis1,0,1.15551309894,1.05309731518,1.096716218,0.0795213545517,0.0477124811846,0.913532428625,-0.396053500376,Head1,0,1.54790815205,1.41307076095,1.61455355096,-0.0726678843778,0.113152213199,0.242475856309,0.960792076537,rElbow1,0,1.56161320477,1.08628975585,1.16857392942,-0.379540434438,0.683445015062,-0.555114600168,-0.284077015428
1407452535.0,872159490.0,6,Pelvis0,0,2.138172125,0.63826012686,1.02081781569,-0.118543049052,-0.163447723595,-0.533609611281,0.821275331373,Head0,0,1.938359586,1.14814464954,1.58811513609,-0.0472110315202,0.0237412990286,0.810023571265,0.584011372508,rElbow0,0,2.2093342263,1.0792984258,1.08255579553,0.865942574755,-0.375430883553,0.289846597153,-0.158694861354,Pelvis1,0,1.15524080721,1.05195449659,1.09689066649,0.079034406185,0.0492171612075,0.914620256971,-0.393447606702,Head1,0,1.54959351921,1.41286287086,1.61271719147,-0.0718840759072,0.116406353157,0.243328695791,0.960246523753,rElbow1,0,1.56649954224,1.08821522704,1.16566165967,-0.372127265756,0.680842507211,-0.561721068136,-0.287131015509
1407452535.0,882246403.0,6,Pelvis0,0,2.13846129607,0.63850263867,1.02087038574,-0.121166136726,-0.165125532483,-0.530431128263,0.822614821167,Head0,0,1.93885634797,1.14856457686,1.58810329875,-0.045689607508,0.023903025278,0.809109895849,0.585390708491,rElbow0,0,2.20842104723,1.07513147583,1.08054578237,0.868706778705,-0.36828221309,0.29412128415,-0.152346363141,Pelvis1,0,1.15525315592,1.0510609275,1.09679577146,0.0767498572636,0.0465121373273,0.913474568643,-0.396875664325,Head1,0,1.55156375539,1.41252182959,1.61094158016,-0.0718851534203,0.115500661574,0.24398573283,0.960189087664,rElbow1,0,1.57066655699,1.08986699843,1.16382515879,-0.374056969373,0.679590398533,-0.563584319151,-0.283920744386
1407452535.0,892063545.0,6,Pelvis0,0,2.13886830361,0.63870425455,1.02096956985,-0.12086751961,-0.165099383432,-0.528752122114,0.823744153032,Head0,0,1.93934251538,1.14890089876,1.5880769609,-0.0479044032705,0.0246024045917,0.808811673978,0.58559676047,rElbow0,0,2.20782816257,1.07111564243,1.07863162653,0.869922604365,-0.366015187562,0.294395471022,-0.150329143983,Pelvis1,0,1.15476672898,1.04975864836,1.09692977509,0.0843561995383,0.0476026490114,0.911869495664,-0.398888508589,Head1,0,1.55328363591,1.41214609946,1.60912744673,-0.0717090130426,0.121098115941,0.246538733916,0.958859591621,rElbow1,0,1.57565572979,1.09186875521,1.16278192779,-0.375926761734,0.682139956465,-0.561130338988,-0.280172968491
1407452535.0,901978923.0,6,Pelvis0,0,2.13922489171,0.639007983075,1.02096179875,-0.1197553797,-0.163674968224,-0.529837183109,0.823493602407,Head0,0,1.93984608621,1.14929075571,1.5880984206,-0.0425604971186,0.0196317120716,0.810607977336,0.583710465081,rElbow0,0,2.20720577673,1.067277361,1.07668639702,0.871987335564,-0.360582710219,0.298742498207,-0.142727416683,Pelvis1,0,1.15455356669,1.04861078749,1.09703924761,0.0848773619931,0.047199448104,0.910900815403,-0.40103335275,Head1,0,1.55522746661,1.4118117645,1.60719176145,-0.0708425065105,0.122262880844,0.246060725036,0.958898976344,rElbow1,0,1.58009235273,1.09312068887,1.16129173609,-0.378134220149,0.680841431686,-0.56329350538,-0.275988918708
1407452535.0,912252756.0,6,Pelvis0,0,2.13984224446,0.639237545475,1.02107400163,-0.119694376078,-0.16545986485,-0.527648486391,0.824550401291,Head0,0,1.9402824186,1.1495767783,1.58814515763,-0.0485496532047,0.0219572683251,0.807552569539,0.587383739112,rElbow0,0,2.20641525792,1.06280054671,1.07525033535,0.874894732331,-0.356368045591,0.296722443061,-0.139702595555,Pelvis1,0,1.15431997961,1.04753697869,1.09730117916,0.085777851075,0.0466975282847,0.910621331368,-0.401534919995,Head1,0,1.55720337454,1.41148393919,1.60520849847,-0.0712146729404,0.118524451424,0.246600826976,0.959201989628,rElbow1,0,1.58569855794,1.09516575376,1.15906710484,-0.371424683696,0.683013688988,-0.564587563557,-0.277086427082
1407452535.0,922009354.0,6,Pelvis0,0,2.14027548565,0.63963889603,1.02110457031,-0.120330117012,-0.165914160546,-0.527384709334,0.824535337406,Head0,0,1.94052208918,1.14986712969,1.58814543715,-0.0483110980105,0.0222062757017,0.806467605178,0.588882773502,rElbow0,0,2.20621395784,1.05891335468,1.07382431843,0.8767611206,-0.355262464329,0.296254378143,-0.131574550256,Pelvis1,0,1.15405972559,1.046459084,1.09738555655,0.0879245744752,0.0467021123612,0.910191984025,-0.402043199322,Head1,0,1.55919198021,1.41140614259,1.60305550178,-0.0685650434902,0.123177042124,0.245964647663,0.958972180621,rElbow1,0,1.5901003455,1.09602418471,1.15844389594,-0.376686985156,0.683294313339,-0.563229994636,-0.272006929534
1407452535.0,932172072.0,6,Pelvis0,0,2.14082982958,0.639990477755,1.02118072328,-0.121210734109,-0.168486764345,-0.52458794256,0.825668007554,Head0,0,1.94085279308,1.15014149242,1.58807008695,-0.0526799480928,0.0261450993635,0.803549236725,0.592325823349,rElbow0,0,2.20529151576,1.0546040027,1.07177127428,0.876878201825,-0.352694718111,0.300207177295,-0.128711715402,Pelvis1,0,1.15385018404,1.04486075915,1.09764985288,0.0932217255589,0.0483023329776,0.90994478283,-0.401219499417,Head1,0,1.56106055721,1.41105102508,1.60101693102,-0.0687018222296,0.121753548071,0.248180274073,0.958573254747,rElbow1,0,1.59459771587,1.09774329926,1.15713440392,-0.37766399367,0.684393346199,-0.563468244383,-0.26735592968
1407452535.0,942319610.0,6,Pelvis0,0,2.14123713047,0.640527141254,1.02110072397,-0.120484596886,-0.167325116312,-0.524432990626,0.826108834057,Head0,0,1.94122982992,1.15049804982,1.58803917136,-0.0545594135064,0.0266644073524,0.802827593754,0.5931105584,rElbow0,0,2.20512686589,1.05039900811,1.07054288473,0.878305869384,-0.351994805134,0.30003015844,-0.121079977659,Pelvis1,0,1.15357376891,1.04436369067,1.09808513706,0.0889753001154,0.0442367181013,0.909548138418,-0.403545155641,Head1,0,1.56295417126,1.41091689523,1.59896093046,-0.0687030637222,0.127452323285,0.248578424499,0.957728855782,rElbow1,0,1.59885934806,1.10012436262,1.1551714024,-0.374569227059,0.684019523682,-0.567347433792,-0.264446733259
1407452535.0,951977542.0,6,Pelvis0,0,2.14170545356,0.641020920754,1.02106270849,-0.119103698436,-0.166596237695,-0.524144947161,0.826639024587,Head0,0,1.94157435218,1.15098921136,1.58798976535,-0.0526213583317,0.0239395809193,0.80261158484,0.593693972509,rElbow0,0,2.2046662073,1.04592636362,1.06923297868,0.879805140202,-0.349225621592,0.30143766378,-0.114541325959,Pelvis1,0,1.1534638773,1.04307317797,1.09859212017,0.0865016180497,0.043743380911,0.909336330097,-0.404612685746,Head1,0,1.56439999579,1.41071908969,1.59669807492,-0.0688829522906,0.129651427931,0.252347602971,0.956434176195,rElbow1,0,1.60367275989,1.10281918121,1.15332907442,-0.372884289634,0.683888144808,-0.568373784673,-0.264963304688
1407452535.0,962230500.0,6,Pelvis0,0,2.14227122424,0.641287449074,1.02120617765,-0.119661679395,-0.1688771843,-0.522018945234,0.827440511411,Head0,0,1.9418031547,1.15159805906,1.58787801829,-0.0495875377818,0.0222892269696,0.802052881744,0.594773436986,rElbow0,0,2.2046010246,1.04146413441,1.06850962255,0.8820982265,-0.34663995078,0.301061940475,-0.105381076698,Pelvis1,0,1.15348883782,1.04230581482,1.0989042456,0.0881295959965,0.04154313197,0.908458097392,-0.406461840494,Head1,0,1.566820061,1.41059076206,1.59484508389,-0.0695151514651,0.131898370757,0.250715751441,0.956510363503,rElbow1,0,1.60741746366,1.10535688515,1.15224121159,-0.373356557014,0.685078767802,-0.569089703709,-0.259632186705
1407452535.0,972163523.0,6,Pelvis0,0,2.14289326272,0.641629757877,1.02128428778,-0.119087086755,-0.170248667003,-0.519487857274,0.828834134973,Head0,0,1.94200448929,1.15210596494,1.58765599806,-0.0491221431205,0.0205607368924,0.803275979102,0.593221689212,rElbow0,0,2.20404862159,1.03754265674,1.06686039987,0.87788955122,-0.351742760358,0.307899614743,-0.103849861026,Pelvis1,0,1.15356797967,1.04089258319,1.09932315642,0.0949261199716,0.0435352016193,0.907769723379,-0.406260811898,Head1,0,1.56828524542,1.41048220727,1.59264174511,-0.0702232893237,0.134062227055,0.254647203248,0.955118218228,rElbow1,0,1.61125201303,1.10724744762,1.15125868878,-0.377792115378,0.683637683601,-0.56861937909,-0.258039990782
1407452535.0,982187285.0,6,Pelvis0,0,2.14333977825,0.642150935803,1.02117174158,-0.119672250986,-0.169153466837,-0.518741770389,0.829441156837,Head0,0,1.94220942114,1.15241530533,1.58746435773,-0.0515897852464,0.0221213584964,0.801534066628,0.595308558305,rElbow0,0,2.20429298428,1.03287958577,1.06629258553,0.882490142518,-0.345342689856,0.306534586025,-0.0893651077994,Pelvis1,0,1.15377412123,1.03902520723,1.09973044411,0.105999250836,0.0478299796289,0.908595925039,-0.401160687099,Head1,0,1.57034521792,1.41070227663,1.59069696031,-0.0675896603467,0.138885620098,0.251787160159,0.955377228284,rElbow1,0,1.61446611124,1.11025366643,1.14971845351,-0.378207239172,0.682481932675,-0.571100992032,-0.254992848351
1407452535.0,992123730.0,6,Pelvis0,0,2.14384327984,0.642551695205,1.02126233243,-0.118156361672,-0.167544363718,-0.518034607065,0.83042646048,Head0,0,1.94249180139,1.15268648644,1.58723129685,-0.0547080167768,0.0242185678053,0.799462517485,0.59772918367,rElbow0,0,2.20425143307,1.02850920757,1.06580840123,0.882331856531,-0.346321395121,0.30687606717,-0.0859014879385,Pelvis1,0,1.15396603633,1.03801970493,1.10014118062,0.109940353095,0.0522234580247,0.90993471341,-0.396490411643,Head1,0,1.57209719687,1.41065777193,1.58868920841,-0.0692134345071,0.138283535929,0.25359666552,0.954869569843,rElbow1,0,1.61843301115,1.11270168726,1.14919772558,-0.378929719165,0.684988441828,-0.568967810617,-0.25194986203
1407452536.0,2109341.0,6,Pelvis0,0,2.14433842295,0.642912444842,1.02131699089,-0.119232738813,-0.16998735625,-0.516418549186,0.830782603794,Head0,0,1.94274292449,1.15317111205,1.58697292133,-0.0560056194379,0.0232384349915,0.798757904958,0.598589304113,rElbow0,0,2.20431286859,1.02473148022,1.06528560127,0.880334537494,-0.351303903047,0.30764656789,-0.0833682137547,Pelvis1,0,1.15446359915,1.03718375685,1.10037353849,0.102583605102,0.0444388037162,0.906513692219,-0.407105296585,Head1,0,1.57343330647,1.4106887737,1.58653244401,-0.0677014556346,0.14345397491,0.256570397367,0.953419687851,rElbow1,0,1.62199613948,1.11498663859,1.14808409401,-0.378086337891,0.683695215506,-0.57125076563,-0.251563383984
1407452536.0,12182400.0,6,Pelvis0,0,2.14481678422,0.643188839566,1.02139721422,-0.120010343062,-0.170695100427,-0.514920186232,0.831455291678,Head0,0,1.94307096153,1.15387576891,1.58670038187,-0.0510453745362,0.0182300857631,0.798695336592,0.599289406729,rElbow0,0,2.20444128901,1.02042626025,1.06495381978,0.881971195157,-0.347213582329,0.309793331388,-0.0748173174265,Pelvis1,0,1.15474820092,1.03668260761,1.10102597728,0.0945520548245,0.0390540283021,0.90442063729,-0.414195609159,Head1,0,1.57534758544,1.41084282947,1.58455865983,-0.0660417326643,0.139438078945,0.252864037302,0.955120563241,rElbow1,0,1.62494329126,1.11770003597,1.14665316022,-0.377846280968,0.681356062742,-0.574453965798,-0.250975586266
1407452536.0,22256856.0,6,Pelvis0,0,2.14524523812,0.643578373195,1.02143607115,-0.119265834194,-0.170317519785,-0.514067405197,0.832167234492,Head0,0,1.94319236572,1.15437607466,1.5864016137,-0.0544625589376,0.0227611645202,0.797467875358,0.600467107206,rElbow0,0,2.2048527635,1.01629715252,1.06477670153,0.884321697186,-0.34416906841,0.308383770062,-0.0664999142646,Pelvis1,0,1.15507364309,1.03554917634,1.10134368284,0.0966028933559,0.0394911162658,0.904835640227,-0.412772088333,Head1,0,1.57651665643,1.41089288907,1.58256928766,-0.0663133649705,0.14406011126,0.257101310463,0.953282821689,rElbow1,0,1.62798553754,1.11991087083,1.14544044006,-0.378920879281,0.678373413595,-0.576844029679,-0.251951273853
1407452536.0,32075918.0,6,Pelvis0,0,2.14564065952,0.644006050871,1.02148846561,-0.117842269142,-0.170568420235,-0.513865428988,0.832443352134,Head0,0,1.94327571636,1.15504374873,1.58614970218,-0.0491319576428,0.0168794246018,0.798294938861,0.600021938226,rElbow0,0,2.2055721407,1.0127475264,1.06494141661,0.883609355491,-0.346271336623,0.30914513491,-0.0613184628304,Pelvis1,0,1.15567190674,1.03451837707,1.10172776207,0.0958323305119,0.0373332880282,0.903391527349,-0.416300538491,Head1,0,1.5778965545,1.41114492306,1.58070598263,-0.0671950529651,0.149892180158,0.257596866892,0.95218748855,rElbow1,0,1.63110049048,1.12228187547,1.14443311725,-0.376214040847,0.678664319747,-0.578187445219,-0.252144828943
1407452536.0,42105329.0,6,Pelvis0,0,2.14588815245,0.644470098724,1.02144813108,-0.11566128041,-0.168772668208,-0.514368647919,0.832804388027,Head0,0,1.94324846779,1.15544369188,1.58585518726,-0.0490852824112,0.019262355829,0.795796403009,0.603264188939,rElbow0,0,2.20579181857,1.00934738044,1.064694786,0.882518488682,-0.345831523559,0.31361575234,-0.0566289178031,Pelvis1,0,1.15630353647,1.03323524516,1.10196855905,0.0977336489182,0.0391255693651,0.902626485742,-0.417352070713,Head1,0,1.57921726475,1.41102944263,1.57907890493,-0.0680134808534,0.154186415561,0.258677015332,0.951150312736,rElbow1,0,1.6333098719,1.12399705353,1.14422060065,-0.379867779355,0.677845734274,-0.57836274272,-0.248439466606
1407452536.0,52005904.0,6,Pelvis0,0,2.14625628469,0.644568824719,1.02156861053,-0.117179905748,-0.171470559016,-0.512791821445,0.833013364202,Head0,0,1.94346611827,1.15572726068,1.58562849761,-0.0542919991131,0.0232605281118,0.79289428623,0.606489882462,rElbow0,0,2.2066640866,1.00616058432,1.06448057791,0.882950770415,-0.343692690743,0.316200509972,-0.047859260831,Pelvis1,0,1.15684804079,1.03210019234,1.10207768222,0.0991876438417,0.039671561145,0.90136884422,-0.419669137791,Head1,0,1.58037679937,1.41129417687,1.57723978265,-0.0667042301989,0.153797304267,0.262763292323,0.950185448784,rElbow1,0,1.63598692526,1.1262739693,1.14318806214,-0.376178418234,0.679419410471,-0.579510216541,-0.247076852932
1407452536.0,62080767.0,6,Pelvis0,0,2.14645605374,0.64491554885,1.0215196355,-0.118687665574,-0.172794274306,-0.510627239069,0.833855622712,Head0,0,1.94360763436,1.15618400035,1.58534538872,-0.0563909300795,0.0237239447468,0.791159357816,0.60854260984,rElbow0,0,2.20723422547,1.00312136226,1.06444130995,0.882586771001,-0.343103519427,0.318158584136,-0.0457786189302,Pelvis1,0,1.15770894051,1.03128144431,1.10226713306,0.096058228862,0.0373188603675,0.900494594158,-0.422480301578,Head1,0,1.58109796061,1.41152913097,1.57578882892,-0.065860847134,0.158806184498,0.261083710389,0.949883277435,rElbow1,0,1.63815392418,1.12774670495,1.14273738363,-0.380327336655,0.677473012136,-0.579538346447,-0.246001503692
1407452536.0,72139326.0,6,Pelvis0,0,2.1465522882,0.645293052193,1.02144125094,-0.117981442149,-0.17093932293,-0.51054650995,0.834387433008,Head0,0,1.94351866044,1.1569320724,1.58502059379,-0.0530746337117,0.0195491922836,0.789998005873,0.610494932865,rElbow0,0,2.20837403631,1.00008158832,1.06512876578,0.883052295697,-0.343507930307,0.3168590776,-0.0426763379725,Pelvis1,0,1.1583918387,1.03000782718,1.10241806155,0.10124124007,0.0387068522601,0.899463167391,-0.423341471397,Head1,0,1.5820416668,1.41172957075,1.57446781594,-0.064620413481,0.162348700572,0.262024529296,0.949110239978,rElbow1,0,1.63965974488,1.12913036213,1.14181205588,-0.384193846917,0.672249908213,-0.58407236562,-0.243586987784
1407452536.0,82038490.0,6,Pelvis0,0,2.14665576434,0.645698313705,1.02131102576,-0.11622641334,-0.167988307062,-0.510771577656,0.835095051471,Head0,0,1.94358005998,1.15732693789,1.58474400359,-0.0543672677106,0.0186363752084,0.789927851398,0.610500512127,rElbow0,0,2.2091683315,0.997858081426,1.06508487261,0.882175146921,-0.340886369818,0.322828645033,-0.0366764089622,Pelvis1,0,1.15923717849,1.02913706953,1.10271653532,0.10016358057,0.0400217569595,0.899143817507,-0.4241531699,Head1,0,1.58306791459,1.41215099948,1.57324987921,-0.0627967578416,0.157801272865,0.263007928058,0.949727411032,rElbow1,0,1.64191735445,1.13058914095,1.14126604061,-0.387653701528,0.67077072275,-0.584127930617,-0.242045049249
1407452536.0,92061246.0,6,Pelvis0,0,2.14689889685,0.64584252608,1.02134773141,-0.116583626293,-0.169447727807,-0.509728394958,0.835387747693,Head0,0,1.94354778363,1.15776546107,1.58445586794,-0.0548197087269,0.01807762046,0.791430114711,0.608528037728,rElbow0,0,2.21001891007,0.995191249203,1.06529456516,0.881709339166,-0.340267892696,0.324559020845,-0.0383124577164,Pelvis1,0,1.16008504341,1.02815443964,1.10293255454,0.0966238665243,0.0379756108567,0.897802344568,-0.427986718819,Head1,0,1.58361188242,1.41261218158,1.5721718528,-0.0633208047968,0.1675140921,0.262233938997,0.948241986977,rElbow1,0,1.64353440138,1.13176306888,1.14084848079,-0.389778648964,0.669768076094,-0.584789387659,-0.239801378517
1407452536.0,102040844.0,6,Pelvis0,0,2.14696922365,0.646066626039,1.02134679361,-0.116631501868,-0.169331480022,-0.509603680489,0.835480718794,Head0,0,1.94342361063,1.15791938774,1.58420478324,-0.0570655213404,0.0213011047367,0.789356262222,0.610906278002,rElbow0,0,2.21125422773,0.992613296951,1.06588744604,0.883776320281,-0.335301114077,0.324714712746,-0.0327556702904,Pelvis1,0,1.16087751586,1.02732336805,1.10304180078,0.0972682672524,0.0367694739306,0.89754440804,-0.428486785758,Head1,0,1.58443162577,1.41287608908,1.5712395253,-0.0624910589723,0.166305765533,0.264569938784,0.947860753165,rElbow1,0,1.64578089752,1.13365737563,1.13961256537,-0.384222297314,0.670646668859,-0.586612599295,-0.241851049498
1407452536.0,112010505.0,6,Pelvis0,0,2.14704629836,0.646302685413,1.02133647882,-0.116220401882,-0.168672777436,-0.509258185514,0.835881817499,Head0,0,1.9432945565,1.15805217689,1.58391017406,-0.0614344984279,0.0236517556335,0.7877332915,0.612488904651,rElbow0,0,2.21226156158,0.99064067582,1.066220136,0.883198816835,-0.332909457442,0.32904233409,-0.0293646975616,Pelvis1,0,1.16159866711,1.02637833491,1.10310835926,0.0949928485301,0.0359002076572,0.894614457851,-0.435146533507,Head1,0,1.58456807615,1.41330495152,1.57035133056,-0.0639217906675,0.169930681975,0.269175657954,0.945823468289,rElbow1,0,1.64693683308,1.13449713513,1.1393705836,-0.390684278477,0.666547452406,-0.588036220756,-0.239361006266
1407452536.0,122061395.0,6,Pelvis0,0,2.14712510175,0.646359788207,1.02142408233,-0.117987987128,-0.170577940284,-0.507350712227,0.836407350509,Head0,0,1.94297535888,1.15828455384,1.58366962472,-0.0587230639186,0.0212075619849,0.789374539491,0.610728808459,rElbow0,0,2.21313938708,0.988905524705,1.06637709601,0.882585132233,-0.33196120592,0.331733964305,-0.0282456908605,Pelvis1,0,1.16252208734,1.02527802448,1.10316372628,0.0998224102065,0.0383056700813,0.895115427704,-0.43282390547,Head1,0,1.58507492545,1.413767461,1.56971901388,-0.0619553267884,0.16476131768,0.271576911069,0.946182449136,rElbow1,0,1.64877043398,1.13567988177,1.13864994356,-0.388432461446,0.668458155061,-0.587757641583,-0.238379681577
1407452536.0,132023181.0,6,Pelvis0,0,2.14706411435,0.646647910298,1.02139338028,-0.116710946517,-0.168683416464,-0.507542802359,0.836854087489,Head0,0,1.94264269915,1.15855676726,1.58354424784,-0.0587115353539,0.0212167889299,0.791326908441,0.608197770023,rElbow0,0,2.21429957827,0.987530437327,1.06648501709,0.881370102549,-0.332020186371,0.33501032296,-0.0267847285861,Pelvis1,0,1.16350614831,1.024335821,1.1032791301,0.0968201185664,0.0373024893732,0.894171980045,-0.435535140981,Head1,0,1.5853372998,1.41431051036,1.56922046737,-0.0621670488101,0.169128309844,0.273363029204,0.944882811314,rElbow1,0,1.64938146667,1.13684017603,1.13742772366,-0.39182214413,0.662188415121,-0.592765649013,-0.237930232628
1407452536.0,142287049.0,6,Pelvis0,0,2.1471102369,0.646779633627,1.02146184418,-0.117003740594,-0.169773974866,-0.507952235494,0.836344097009,Head0,0,1.94216464822,1.15869366677,1.58336238018,-0.0596257122411,0.0213366105461,0.791923849059,0.607327045982,rElbow0,0,2.21523653266,0.985818658818,1.06700107738,0.882718239194,-0.327644634559,0.3359456433,-0.0244546189301,Pelvis1,0,1.1642104444,1.02370128158,1.10323901615,0.098110091332,0.0367783035426,0.892926030226,-0.437841148034,Head1,0,1.58564426953,1.41535139281,1.56890479084,-0.0588565319047,0.166628793849,0.272915497259,0.945667957091,rElbow1,0,1.65116216456,1.13794416297,1.13701913473,-0.390473234889,0.666475979197,-0.58874476283,-0.238159665411
1407452536.0,151993332.0,6,Pelvis0,0,2.14706683264,0.646895532217,1.02145863761,-0.116871353306,-0.169919129015,-0.507752431433,0.836454448697,Head0,0,1.94160436887,1.15893635867,1.58336786688,-0.0631705374502,0.025458478596,0.788908315185,0.61072499482,rElbow0,0,2.21612392506,0.984748474821,1.06721610442,0.881800547926,-0.32578851271,0.340224888915,-0.0231660015183,Pelvis1,0,1.1649988195,1.02284933654,1.10323566959,0.0969171855532,0.0360452073725,0.890628368161,-0.442819276903,Head1,0,1.58565362017,1.41613185905,1.56866507107,-0.0563955101205,0.165905278294,0.273469419813,0.945785103234,rElbow1,0,1.65172698268,1.13916372933,1.13571334064,-0.391249913027,0.662786418088,-0.592352708744,-0.238235047794
1407452536.0,162067116.0,6,Pelvis0,0,2.14701940855,0.646976009253,1.02147708583,-0.117015175008,-0.170651218365,-0.507993333479,0.836138973873,Head0,0,1.9409151126,1.15906296661,1.58322461601,-0.058057017639,0.0225856980763,0.789033236512,0.611183949907,rElbow0,0,2.21715957871,0.983780600667,1.06764811989,0.882485146186,-0.322963958218,0.3413574795,-0.0197311845278,Pelvis1,0,1.16554272555,1.02195371208,1.10323251031,0.0990391889495,0.0383313938715,0.890680951599,-0.442051338371,Head1,0,1.58562188867,1.41705608693,1.56847593058,-0.0579264895402,0.165143036958,0.275638849048,0.94519602414,rElbow1,0,1.65240612563,1.13999069254,1.13465926103,-0.393645168348,0.660915228621,-0.592555662988,-0.238981857626
1407452536.0,172131479.0,6,Pelvis0,0,2.14692714179,0.647106791893,1.02146402182,-0.116006361189,-0.169907999739,-0.509182280772,0.835707604809,Head0,0,1.9403613523,1.15895661302,1.5831438806,-0.0583426640944,0.0210431633122,0.789667369383,0.610392303814,rElbow0,0,2.21824855545,0.982783068632,1.06838805534,0.883087397652,-0.32170614257,0.340974722542,-0.0199510532958,Pelvis1,0,1.16647300569,1.02122115402,1.10349175934,0.0974513513256,0.0372235248922,0.890035906048,-0.443794692695,Head1,0,1.5855306173,1.41765900104,1.5682378334,-0.0578420522447,0.16495480024,0.280998901617,0.943654506777,rElbow1,0,1.6538115759,1.14098926582,1.13425230465,-0.391588322256,0.665052512793,-0.58956492269,-0.238279128406
1407452536.0,182300563.0,6,Pelvis0,0,2.14677111811,0.647237424958,1.02142888454,-0.115328593822,-0.168321216135,-0.509417207884,0.835979301154,Head0,0,1.93968982008,1.15911563972,1.58309091966,-0.0585880852149,0.0191616382573,0.791468108554,0.608094154742,rElbow0,0,2.2192412258,0.982440233429,1.06856199019,0.880903042413,-0.324094426437,0.344200328238,-0.0223330844565,Pelvis1,0,1.16723925159,1.02093276523,1.1034320218,0.096474554444,0.0369548889875,0.889828558704,-0.444445871439,Head1,0,1.58533326473,1.41841692806,1.56814324044,-0.0576309361248,0.16546975515,0.282713461109,0.943064968197,rElbow1,0,1.65429966388,1.14151582867,1.13343776431,-0.395623703084,0.661450108018,-0.591022751215,-0.238028879987
1407452536.0,192249795.0,6,Pelvis0,0,2.14671965296,0.647263414585,1.02146292449,-0.115785931857,-0.169686771081,-0.508873149385,0.83597137244,Head0,0,1.93894170727,1.15933097937,1.5829770979,-0.0540510971544,0.0165766088888,0.792861689912,0.606773463167,rElbow0,0,2.21999753077,0.982106197001,1.06876329143,0.880876092251,-0.321890107149,0.346428828797,-0.020763805008,Pelvis1,0,1.16806355091,1.02018718086,1.1035613423,0.0965164064239,0.0348171062606,0.888642608895,-0.446975017265,Head1,0,1.58511861594,1.41928654108,1.56803664884,-0.0609376162527,0.166902289135,0.286920374986,0.941332529569,rElbow1,0,1.65512652404,1.14238162287,1.13248641937,-0.395019442156,0.661295015487,-0.591040296738,-0.239415768996
1407452536.0,202198209.0,6,Pelvis0,0,2.14666347503,0.647305649949,1.02145538493,-0.116339476123,-0.170257526346,-0.508159315833,0.836212658807,Head0,0,1.93823884451,1.15936023025,1.58296894587,-0.0582140974907,0.0191431069335,0.793546540611,0.605416012502,rElbow0,0,2.2209009247,0.981843342662,1.06923938206,0.881895046998,-0.319617910425,0.346061457503,-0.0186275346356,Pelvis1,0,1.16868940535,1.01962637736,1.10347463275,0.0984018267119,0.0348213834615,0.888833055315,-0.446184212555,Head1,0,1.58441411771,1.42025931529,1.56809114564,-0.0593365051643,0.169238609201,0.294975006049,0.938523957135,rElbow1,0,1.65625113088,1.14333536477,1.13208261465,-0.393912271563,0.663116387728,-0.58970702958,-0.239489870147
1407452536.0,212178770.0,6,Pelvis0,0,2.14660627563,0.647298957181,1.02146667572,-0.116415971044,-0.171564627119,-0.508474836251,0.835742927763,Head0,0,1.93729907913,1.15930417183,1.58288732666,-0.0640484725226,0.0251317896516,0.791006373347,0.607926890046,rElbow0,0,2.22171929182,0.981916614068,1.06940988262,0.87963513877,-0.322073626649,0.349432026416,-0.0201955582253,Pelvis1,0,1.16950597756,1.01890623979,1.10336335616,0.0979574465398,0.0341554240881,0.887854753488,-0.448276345998,Head1,0,1.58397837106,1.42098034288,1.56803549743,-0.0584300320188,0.167840245967,0.295600979062,0.938634989956,rElbow1,0,1.6572259662,1.14401861903,1.13146184381,-0.393861561054,0.661639379147,-0.590963978128,-0.240557642243
1407452536.0,222012109.0,6,Pelvis0,0,2.14656795286,0.647321892251,1.02148126109,-0.117263914824,-0.173785772682,-0.508593483239,0.835093017753,Head0,0,1.93654785062,1.15932142051,1.58274807547,-0.0607719123245,0.0215728151863,0.793021663433,0.605770608105,rElbow0,0,2.22231294695,0.981743348873,1.0694911152,0.879271524604,-0.320596112245,0.351565877222,-0.0223864424952,Pelvis1,0,1.17024236328,1.01846782025,1.10342541674,0.0971182235153,0.0351744217303,0.888503977604,-0.447092263966,Head1,0,1.58349430986,1.42183867416,1.56793303584,-0.0601446107346,0.167240670892,0.298352530398,0.937762737266,rElbow1,0,1.65752143639,1.14436873282,1.13099791315,-0.396414898408,0.658997366004,-0.592221475128,-0.240523230307
1407452536.0,232108255.0,6,Pelvis0,0,2.14651577351,0.647338915155,1.02148207121,-0.117168749838,-0.173619962531,-0.508318011169,0.835308561068,Head0,0,1.93573782924,1.15951956114,1.58274539763,-0.0569694694673,0.018372090506,0.796369270954,0.601841283163,rElbow0,0,2.22281870893,0.982067378879,1.06919367922,0.877084592873,-0.321654203514,0.355929030795,-0.0239940689459,Pelvis1,0,1.17091052406,1.01805758976,1.1034111613,0.0953758017485,0.034017922596,0.886713357728,-0.451093846787,Head1,0,1.58315086142,1.42252243532,1.56811526909,-0.0585849039116,0.159755681495,0.300770300133,0.938393924651,rElbow1,0,1.65810436937,1.14501332797,1.13035730881,-0.395607534793,0.659253338254,-0.591959171263,-0.241793411766
1407452536.0,242365107.0,6,Pelvis0,0,2.14641793309,0.647398916495,1.02145178081,-0.116464175288,-0.172920622561,-0.509034958056,0.835115540296,Head0,0,1.93508205022,1.15918645502,1.58272886723,-0.0587264322295,0.0213249505118,0.796123331916,0.601900401247,rElbow0,0,2.22324496494,0.982197679137,1.06944275866,0.877129662368,-0.318764732788,0.358451373301,-0.0233498073396,Pelvis1,0,1.17156142989,1.01745806538,1.10337015354,0.0973790297435,0.034687215903,0.886261475713,-0.45150273342,Head1,0,1.58249548807,1.42328914408,1.56824210571,-0.0584468925295,0.159417146773,0.304177203328,0.937361383376,rElbow1,0,1.65841680972,1.14549025234,1.13002955035,-0.395559057801,0.660079069126,-0.591250193725,-0.241354226632
1407452536.0,252198998.0,6,Pelvis0,0,2.1463228045,0.647411751107,1.02147070721,-0.117035343903,-0.173296764206,-0.508984651938,0.834988373503,Head0,0,1.9341029449,1.15925611014,1.58261918587,-0.0575503330616,0.0189518619462,0.798630501878,0.598763816178,rElbow0,0,2.22377217672,0.982575127463,1.0698014505,0.877223851046,-0.318445007513,0.358553788876,-0.0225892193216,Pelvis1,0,1.17217126883,1.01716331151,1.10344534933,0.0952612598793,0.0340033172426,0.885898205891,-0.452717832189,Head1,0,1.58187850565,1.42424960373,1.56855019185,-0.0581603175231,0.16165905854,0.306019289227,0.93639517346,rElbow1,0,1.65846050167,1.14587197694,1.12980939563,-0.397823752858,0.658997204299,-0.591450101768,-0.240095238409
