1407452529.0,902063759.0,6,Pelvis0,0,2.11411244592,0.625400412901,1.02027448754,-0.115844279196,-0.182851038306,-0.493569866768,0.842338641751,Head0,0,1.91675732651,1.1601491705,1.56717606337,-0.0393964531021,0.0420329498165,0.756755608823,0.651154435696,rElbow0,0,2.03914023423,1.17332072193,1.05305225875,0.786679509751,-0.533418642324,0.30575086707,0.0558239038964,Pelvis1,0,1.14079451131,1.08018346578,1.09685534239,0.0819196131117,0.0607096166239,0.889662176209,-0.445089577119,Head1,0,1.46085934162,1.48068290074,1.64918404631,-0.0154462520826,0.0431221918539,0.33178315868,0.94224297582,rElbow1,0,1.60098107713,1.31429472923,1.19778937799,-0.458032541432,0.694596281476,-0.548877051784,-0.0804747089107
1407452529.0,912169155.0,6,Pelvis0,0,2.11398719849,0.625448432305,1.02024517535,-0.115265361909,-0.181634042515,-0.49443931306,0.842171441361,Head0,0,1.91661368839,1.16009446822,1.5672222072,-0.040634452538,0.0417306352146,0.756744724072,0.651110449878,rElbow0,0,2.03917666601,1.1732921417,1.05299672711,0.786620941917,-0.533623647885,0.30549092698,0.0561122953477,Pelvis1,0,1.14032901626,1.08030691141,1.09678137454,0.0823664337745,0.0615632935969,0.889511924565,-0.445190147606,Head1,0,1.46055456447,1.48058810988,1.64909593629,-0.0167090338287,0.0455583903764,0.334010234081,0.941319501967,rElbow1,0,1.60128633915,1.31505910259,1.1979811392,-0.454589231611,0.697477817268,-0.548131055659,-0.0801602815835
1407452529.0,922044197.0,6,Pelvis0,0,2.11383745354,0.625381503492,1.02029634345,-0.116876868522,-0.182729792563,-0.493385671817,0.842330219902,Head0,0,1.91640856789,1.16013840834,1.56732107521,-0.0388625092634,0.0399514525066,0.757537010435,0.650408536719,rElbow0,0,2.03923426247,1.17322399065,1.05289886757,0.787006282927,-0.533152224551,0.305165970899,0.0569521403983,Pelvis1,0,1.13987849255,1.08048707235,1.09671793056,0.0816646033365,0.0618116949696,0.889849265267,-0.444610494738,Head1,0,1.46034234108,1.48045503006,1.64902308893,-0.0176455668468,0.0450622186752,0.334569388884,0.941127703577,rElbow1,0,1.60137330909,1.31535181459,1.19807344075,-0.453483401801,0.697937234398,-0.548581183446,-0.0793417059376
1407452529.0,931928758.0,6,Pelvis0,0,2.11364363194,0.625403407876,1.02031672603,-0.116085372401,-0.181822669449,-0.494661299658,0.841887701424,Head0,0,1.91627437851,1.16009544356,1.56741342452,-0.0396522878756,0.0404802033229,0.757641413654,0.650206534512,rElbow0,0,2.03940154584,1.17323637649,1.05290562327,0.787219386336,-0.533676497159,0.303468783743,0.058152656433,Pelvis1,0,1.13955221093,1.08049679776,1.09671826954,0.0829224437575,0.0625835784604,0.890319661212,-0.443326138287,Head1,0,1.46023685281,1.48047363082,1.64894734969,-0.0164791952412,0.043538578137,0.332594293419,0.941920306779,rElbow1,0,1.60133005147,1.31538094893,1.19841199003,-0.454158512342,0.698195504782,-0.547903415407,-0.0778776614594
1407452529.0,942234811.0,6,Pelvis0,0,2.11348994749,0.625436616221,1.02033041494,-0.115837840096,-0.181337024635,-0.49461956467,0.842051046282,Head0,0,1.91615602135,1.16012076626,1.56746800622,-0.0394129135883,0.0395254336424,0.757924885237,0.649949406243,rElbow0,0,2.03953454657,1.17314284047,1.0529525786,0.787428843337,-0.534460662734,0.301550306053,0.0580950048707,Pelvis1,0,1.1392981515,1.08049967179,1.09673265662,0.0838374934041,0.0631858980309,0.89091862062,-0.441862906819,Head1,0,1.46011117115,1.48044085959,1.6488624598,-0.0160275563543,0.0430733311291,0.331815218955,0.942224212198,rElbow1,0,1.60125618645,1.31535057339,1.19862759014,-0.454051687915,0.69796543044,-0.548417098271,-0.0769415943121
1407452529.0,951950979.0,6,Pelvis0,0,2.11332881801,0.625454306297,1.02036528502,-0.116195327664,-0.18135347713,-0.49446868181,0.84208686302,Head0,0,1.91601971265,1.16014662976,1.56751573698,-0.0404124709538,0.039901699149,0.757883037335,0.649913831454,rElbow0,0,2.03948427478,1.17298231801,1.0528068536,0.787505653191,-0.534126598646,0.301863239417,0.0584996367439,Pelvis1,0,1.13909135623,1.08049335376,1.09674037712,0.0841328497155,0.063118834166,0.891288672041,-0.441069359018,Head1,0,1.45996990243,1.48035911411,1.64877772945,-0.016449786802,0.0444644413822,0.33182167568,0.942150037688,rElbow1,0,1.60109208745,1.3152753116,1.19881472354,-0.455237060682,0.697264125193,-0.548400791328,-0.0764102766078
1407452529.0,962262900.0,6,Pelvis0,0,2.113237288,0.625428803303,1.02044826597,-0.116191643262,-0.182030953869,-0.494344448956,0.842014132693,Head0,0,1.91588730683,1.16017985206,1.5675314809,-0.0393696773896,0.0392277025155,0.758479335866,0.649322965035,rElbow0,0,2.03949816522,1.17279183163,1.05277129815,0.787108029379,-0.535120138625,0.301288367577,0.0577296014925,Pelvis1,0,1.13887180194,1.08048163061,1.09672251136,0.0850856926283,0.0626612994027,0.89141183491,-0.440702764967,Head1,0,1.45981179126,1.4802070878,1.64861510341,-0.0176409358928,0.0465261947362,0.333540114235,0.941421851659,rElbow1,0,1.60107808125,1.31506613895,1.19904877592,-0.455311862369,0.696589899004,-0.549286292845,-0.0757508355359
1407452529.0,972131243.0,6,Pelvis0,0,2.113101727,0.625390283795,1.02054778177,-0.116600683542,-0.181573052629,-0.4943351235,0.842061929332,Head0,0,1.91572903022,1.16023434027,1.56750657105,-0.0388223812885,0.0390181475406,0.758460042903,0.649391076465,rElbow0,0,2.03922460097,1.17224167583,1.05233462063,0.788120902255,-0.531442960541,0.304881063794,0.0590030512811,Pelvis1,0,1.13870941051,1.0804563825,1.09667066653,0.0850537186938,0.0624503921536,0.891434878848,-0.440692262502,Head1,0,1.4596942645,1.48015144473,1.64844935107,-0.0179835564134,0.0475744811617,0.333416271549,0.941406846325,rElbow1,0,1.60110013333,1.31475726265,1.19918440335,-0.454745377243,0.695950150764,-0.550665178122,-0.0750192717275
1407452529.0,982195047.0,6,Pelvis0,0,2.11296916888,0.625381902478,1.0206182417,-0.117759691684,-0.182447774249,-0.493517482925,0.842191165195,Head0,0,1.91561524804,1.16026082034,1.56753237795,-0.0412959045293,0.0413038097385,0.757373919589,0.650364043822,rElbow0,0,2.03918819208,1.17210273378,1.05215015816,0.788091628565,-0.530696639141,0.305851604421,0.0610529136339,Pelvis1,0,1.13859623271,1.08040972679,1.09664341523,0.0843739926809,0.0620577704743,0.891560750162,-0.440623752485,Head1,0,1.45961061435,1.48014735282,1.64823650297,-0.0172275927236,0.0487461521644,0.332174824568,0.941799824072,rElbow1,0,1.60089809989,1.31424821089,1.19932644653,-0.455642335661,0.695231073298,-0.550744020212,-0.075662678211
1407452529.0,992131198.0,6,Pelvis0,0,2.11289816782,0.625402913381,1.02066036626,-0.116921470054,-0.181839861147,-0.494713488442,0.841737607032,Head0,0,1.91552003865,1.16029869912,1.5675456405,-0.0420142108699,0.041844471034,0.757260999111,0.650414964122,rElbow0,0,2.03944613831,1.17194443007,1.05230644892,0.787971592697,-0.531585721202,0.304304464209,0.0625794149701,Pelvis1,0,1.13845376527,1.08036666341,1.09663728783,0.0835196367192,0.0617975733115,0.891550410939,-0.440843957619,Head1,0,1.45958042936,1.48012351896,1.64795714157,-0.018603553905,0.0506018144159,0.332411857505,0.941592120374,rElbow1,0,1.60056162821,1.31372970064,1.19923681486,-0.455040622196,0.694960898284,-0.55150975962,-0.076186396763
1407452530.0,2134308.0,6,Pelvis0,0,2.11275713947,0.625425711464,1.0206835075,-0.117173110461,-0.181047360328,-0.494564993672,0.841960677548,Head0,0,1.91542095826,1.16031916525,1.56753685737,-0.0422545745409,0.041663074455,0.757630415558,0.649980686312,rElbow0,0,2.03943281405,1.17160851484,1.05213191861,0.788410400634,-0.530117993642,0.305409908089,0.0640994620109,Pelvis1,0,1.13832648851,1.08037546607,1.09668424596,0.0831811316757,0.0615624311381,0.891690554325,-0.440657374536,Head1,0,1.45953561619,1.47996719796,1.64762322016,-0.0188943806784,0.0508462426149,0.331682204604,0.941830439697,rElbow1,0,1.600624343,1.31299437826,1.19956409347,-0.453313218103,0.697820611061,-0.548891096593,-0.0791964970964
1407452530.0,11993953.0,6,Pelvis0,0,2.11268909881,0.625459426794,1.02064727188,-0.117532951679,-0.181156933639,-0.494858506159,0.84171445844,Head0,0,1.9153180306,1.16032982801,1.5675427489,-0.0431361558631,0.0419220141631,0.757312256142,0.650276836035,rElbow0,0,2.03973798078,1.17161164964,1.05248909899,0.786746247462,-0.535965801936,0.300073926654,0.0610462103752,Pelvis1,0,1.13826173301,1.08033034566,1.09666864649,0.0827255920856,0.0614614047113,0.891757784636,-0.440621181613,Head1,0,1.45946121753,1.47992102087,1.64723060611,-0.0189087411745,0.0504284244517,0.331012958917,0.942088029084,rElbow1,0,1.6000668507,1.3125423563,1.19902371203,-0.451498667568,0.698967392732,-0.548448921773,-0.0824458445703
1407452530.0,22034831.0,6,Pelvis0,0,2.11256333612,0.62557522678,1.02058640634,-0.117058175431,-0.180288518699,-0.495053268459,0.84185253755,Head0,0,1.91520605252,1.16036699873,1.56756049265,-0.0423986013624,0.0413327330452,0.757771962483,0.649827374505,rElbow0,0,2.03958663829,1.17103377735,1.05236127606,0.787078962698,-0.534750098916,0.301901563502,0.0583479574841,Pelvis1,0,1.13816962405,1.08026501119,1.09663247531,0.0827644381139,0.0615594655648,0.891947743273,-0.440215519096,Head1,0,1.45943199904,1.479714085,1.64688216963,-0.0191684983724,0.0489015260516,0.328163706413,0.943159472843,rElbow1,0,1.59899035187,1.31074188137,1.19899665484,-0.453189278114,0.700025381213,-0.545955498757,-0.0807250719231
1407452530.0,31965366.0,6,Pelvis0,0,2.11250324726,0.62565956046,1.0205732249,-0.117147875537,-0.180646356923,-0.494525298237,0.84207363003,Head0,0,1.91512141118,1.1604029388,1.56758167983,-0.0401229586627,0.0394626837884,0.758770710128,0.648922070998,rElbow0,0,2.03966207999,1.17080345603,1.05238261821,0.787580247201,-0.534732095151,0.300852126084,0.0571571418555,Pelvis1,0,1.13791577053,1.07941094451,1.09657433774,0.0996636985952,0.0693107477616,0.893316852372,-0.432721814443,Head1,0,1.45941987005,1.47962774942,1.64655347219,-0.0206408547308,0.0481187062399,0.326852636774,0.943623812258,rElbow1,0,1.59923017142,1.31010819222,1.19842053282,-0.446168388875,0.704367462838,-0.545427222567,-0.0854949761486
1407452530.0,42228775.0,6,Pelvis0,0,2.11251080693,0.625618540966,1.02062490283,-0.117997614323,-0.182321060969,-0.493647243448,0.842109252281,Head0,0,1.91502744614,1.16041390434,1.56761651425,-0.0407879525756,0.0399992563899,0.758449597518,0.649223082182,rElbow0,0,2.04002673834,1.1707630224,1.0520656987,0.786419608914,-0.535290030822,0.302832077017,0.0574588091435,Pelvis1,0,1.13809957349,1.0802033514,1.09659526318,0.0810448460786,0.0604589011847,0.891822659585,-0.440940810135,Head1,0,1.45929461099,1.47945718998,1.64627628936,-0.0208776079866,0.0506475724956,0.328762268942,0.942822528053,rElbow1,0,1.59823558062,1.30797392398,1.19841549533,-0.449919881045,0.704981212753,-0.541350503722,-0.0866788464728
1407452530.0,52023684.0,6,Pelvis0,0,2.11240164513,0.625701434477,1.02061896135,-0.117967468402,-0.18249115558,-0.493596134378,0.842106591033,Head0,0,1.91490354418,1.16045305753,1.56765651639,-0.0404728077358,0.0396950878209,0.758387085427,0.649334490455,rElbow0,0,2.04020979812,1.17051967914,1.05193701208,0.786414241215,-0.535513979183,0.302694527383,0.0561555198274,Pelvis1,0,1.13805101829,1.08010928087,1.09655907513,0.0799441455383,0.059912786533,0.891286514359,-0.442298248839,Head1,0,1.45925770523,1.47934952918,1.64599093939,-0.0213234685288,0.0529429470693,0.328549227515,0.942760711498,rElbow1,0,1.59867720166,1.30781673319,1.19758097329,-0.440184671845,0.710623670479,-0.540688466946,-0.094379210315
1407452530.0,62092415.0,6,Pelvis0,0,2.11233017174,0.625842345463,1.02060019738,-0.11777417863,-0.182117874328,-0.494118896078,0.841907856738,Head0,0,1.91477767271,1.16049091519,1.56767201868,-0.0404586542098,0.0391548373733,0.758744284668,0.648950773552,rElbow0,0,2.04044670773,1.17021073149,1.05192129396,0.786800251308,-0.53572883406,0.301355420105,0.0559007305152,Pelvis1,0,1.13800630723,1.08011521311,1.09656759868,0.0804110318374,0.0594508642358,0.891243423702,-0.442362770143,Head1,0,1.45920357283,1.47917026855,1.64573551759,-0.0221696295754,0.0536106624919,0.328367939935,0.942766620333,rElbow1,0,1.59739486156,1.30549680289,1.19713606486,-0.441384921613,0.711112502319,-0.539450413148,-0.0921499417943
1407452530.0,72064553.0,6,Pelvis0,0,2.11221132646,0.626000488644,1.02054007895,-0.116886133659,-0.180890550039,-0.494661620527,0.841977506732,Head0,0,1.91456263395,1.16056551333,1.56766163071,-0.0384673670691,0.037073591135,0.759545219811,0.648256792925,rElbow0,0,2.04072860148,1.17003040844,1.05156351489,0.786250486082,-0.535726891031,0.302272583354,0.0586357972125,Pelvis1,0,1.13793523073,1.08004009904,1.0965343936,0.080423691575,0.0593939357439,0.890650577852,-0.443560523944,Head1,0,1.45905166572,1.47912942854,1.6455610048,-0.0221825258262,0.0550169789345,0.327284876404,0.943061862899,rElbow1,0,1.59676183033,1.30272739942,1.1976456252,-0.446091863908,0.711599987655,-0.534960075948,-0.0918978980524
1407452530.0,81959877.0,6,Pelvis0,0,2.11210951755,0.626194325489,1.02047619067,-0.116226787906,-0.180184750665,-0.494689457384,0.842203734351,Head0,0,1.9144459019,1.1605624308,1.56767505476,-0.0415635696567,0.0392425299503,0.758702100401,0.648924969752,rElbow0,0,2.04072223494,1.1696160052,1.0511776909,0.786558678435,-0.534443669606,0.303313208913,0.0607989037399,Pelvis1,0,1.13790840744,1.0799923537,1.09646019268,0.0808027396778,0.0595421525082,0.890453010475,-0.443868319968,Head1,0,1.45896595986,1.47900827438,1.64539849261,-0.0232576843717,0.0545573729849,0.327395057995,0.943024415999,rElbow1,0,1.59711532282,1.30201098368,1.19664778505,-0.437556714359,0.716968321513,-0.534467930238,-0.0940456230404
1407452530.0,92061050.0,6,Pelvis0,0,2.11204167692,0.62632533808,1.02045275991,-0.115942809043,-0.179667419876,-0.494890209115,0.842235456501,Head0,0,1.91421959228,1.16059961302,1.5676763202,-0.0415032155583,0.0392089617892,0.758434815229,0.649243229816,rElbow0,0,2.04063721769,1.16847239034,1.05063402456,0.786901159101,-0.534192135868,0.303120473109,0.0595256798765,Pelvis1,0,1.13781935178,1.0798903235,1.09638143963,0.079978077858,0.0598219213317,0.890359444327,-0.444167653806,Head1,0,1.45885581384,1.47888165593,1.64523540488,-0.0226654313269,0.0526404248236,0.326685072727,0.943393940597,rElbow1,0,1.5961589373,1.30041998013,1.19568799124,-0.436892698014,0.715099429217,-0.537289449071,-0.0952765693793
1407452530.0,101999309.0,6,Pelvis0,0,2.11193500568,0.626476932867,1.02043641434,-0.115450072236,-0.178642567198,-0.495585694157,0.842112185966,Head0,0,1.91398608175,1.16070778692,1.56776178043,-0.0408578343071,0.0388192484657,0.75970807706,0.64781736699,rElbow0,0,2.04073212603,1.16779651571,1.0504004227,0.786782341067,-0.536134740486,0.300160863989,0.058622039864,Pelvis1,0,1.13772805795,1.0797637742,1.09627317657,0.0809115524632,0.0607390903217,0.891218030037,-0.442147607166,Head1,0,1.45872475031,1.47878572377,1.64508703552,-0.0223453814312,0.0531037493826,0.326160548124,0.94355708496,rElbow1,0,1.59555500156,1.29859130092,1.19543215761,-0.436153588217,0.715644725801,-0.536742907773,-0.0976203097437
1407452530.0,112186697.0,6,Pelvis0,0,2.11197267811,0.626494264886,1.02051721823,-0.115921183452,-0.179823899861,-0.494843775762,0.842232320595,Head0,0,1.91379577238,1.16071116568,1.56777991109,-0.0423211672339,0.0387440115664,0.760074971944,0.647297348516,rElbow0,0,2.04110113885,1.16712203742,1.05070851683,0.786020443654,-0.541278305736,0.293183541817,0.056860080062,Pelvis1,0,1.13765800907,1.07972951362,1.0960986849,0.0810815011542,0.0606751607081,0.89150505919,-0.441546197451,Head1,0,1.45859354367,1.47858695483,1.64484247904,-0.0240356405498,0.055055834192,0.327658339532,0.942884486902,rElbow1,0,1.59558326336,1.29656753401,1.19538068865,-0.433044641163,0.719296464104,-0.534266410863,-0.0982055889957
1407452530.0,122018579.0,6,Pelvis0,0,2.11197636162,0.626637797873,1.02054316271,-0.115657403185,-0.17981051269,-0.494975013712,0.842194324616,Head0,0,1.91349164871,1.16070534134,1.56782994974,-0.0421554157747,0.0392087949468,0.759772267444,0.647635463005,rElbow0,0,2.04177287201,1.16572708741,1.050170835,0.785952725216,-0.54232658936,0.291021557492,0.0588781561779,Pelvis1,0,1.13752530594,1.0796208192,1.0959758882,0.08197697754,0.0612123224105,0.892037173346,-0.440230062702,Head1,0,1.45854487378,1.47845862985,1.64459782103,-0.0247706014031,0.0536330967584,0.326875516056,0.943219118361,rElbow1,0,1.59388011925,1.29414892826,1.1945861533,-0.433710192476,0.718056675914,-0.535860020023,-0.0956248820088
1407452530.0,131991932.0,6,Pelvis0,0,2.11198097077,0.626799293847,1.02056212772,-0.115899981596,-0.18032144416,-0.494896492086,0.842097876237,Head0,0,1.9131215423,1.16080722763,1.56790054903,-0.0427765651664,0.0403525572642,0.758905712079,0.648539865212,rElbow0,0,2.0419967249,1.16439470731,1.0497238108,0.78639861929,-0.541403319723,0.291555698037,0.0587786688676,Pelvis1,0,1.13748296182,1.07964391147,1.09588151959,0.0819115871091,0.0613986006824,0.892672879729,-0.438925772231,Head1,0,1.45844092854,1.47835669421,1.64438801458,-0.0251603287726,0.053294428568,0.327079013519,0.943157452738,rElbow1,0,1.59335424071,1.29131692838,1.19471738557,-0.434378247323,0.720007216646,-0.532032654653,-0.0992290311011
1407452530.0,142056488.0,6,Pelvis0,0,2.1119519349,0.627073631378,1.02052947282,-0.115037221632,-0.178800546045,-0.496241070222,0.841749132817,Head0,0,1.91276359958,1.16087053876,1.56794218598,-0.0404306066283,0.0393871399437,0.759782109826,0.647723061843,rElbow0,0,2.04215598977,1.16255036248,1.04941878604,0.78826180817,-0.542109530325,0.285679726965,0.0561041220683,Pelvis1,0,1.1374424012,1.0796407574,1.09579975701,0.0817590127275,0.0614030612765,0.892892442881,-0.438506799663,Head1,0,1.45844119311,1.47828494471,1.64417617747,-0.0247706800271,0.0542608332606,0.32608073905,0.94345828048,rElbow1,0,1.59174211354,1.28879195844,1.19359292636,-0.431726369419,0.720734658962,-0.532969032609,-0.10048832568
1407452530.0,152191166.0,6,Pelvis0,0,2.11204557042,0.627156573906,1.02061562008,-0.117588711869,-0.182240715927,-0.493944498534,0.842009530033,Head0,0,1.91252281615,1.16096296582,1.56792924718,-0.038917426083,0.0379039726678,0.760876791575,0.646618303828,rElbow0,0,2.04243406806,1.16173338901,1.04836327656,0.786119454413,-0.543618740054,0.288558483139,0.0568231525387,Pelvis1,0,1.13746145118,1.07966626852,1.09576022424,0.0814061446232,0.0612089133723,0.893088011999,-0.43820122246,Head1,0,1.45850725949,1.47815981932,1.6439552313,-0.0241743680796,0.0549129963225,0.325017608293,0.943802795642,rElbow1,0,1.59037974316,1.28552021202,1.19351929332,-0.431795343674,0.72225721377,-0.530344369496,-0.103112308106
1407452530.0,162217861.0,6,Pelvis0,0,2.11220812279,0.627258535985,1.02073735604,-0.11807328304,-0.184661071281,-0.493159512897,0.841874505746,Head0,0,1.91214077907,1.16105036566,1.56790124312,-0.039978684966,0.0386765651101,0.760920361322,0.64645651964,rElbow0,0,2.04252140675,1.15956001365,1.04755304815,0.788222963137,-0.540802078968,0.288229996063,0.0562240263341,Pelvis1,0,1.13752746623,1.07966469336,1.09574371381,0.0810891896108,0.0609672606158,0.893214819115,-0.438035185087,Head1,0,1.45854757474,1.47803401595,1.64371945061,-0.0252271001954,0.0594818994668,0.326052405002,0.943141201647,rElbow1,0,1.58837616614,1.28170580591,1.19296318989,-0.43375237451,0.722024124015,-0.528839644542,-0.104252924701
1407452530.0,172170391.0,6,Pelvis0,0,2.11228775925,0.627509112382,1.02078483956,-0.117986829549,-0.185102227496,-0.492831003561,0.841982111068,Head0,0,1.91178892739,1.16114286936,1.5680079171,-0.0440329316153,0.0437500925628,0.758825602851,0.648329187058,rElbow0,0,2.04295107247,1.15798267877,1.04739510749,0.786091936778,-0.54831923374,0.280967232718,0.0496276030233,Pelvis1,0,1.13761531459,1.0796312587,1.09574919133,0.0815886844259,0.0608963355922,0.893098964974,-0.438188500131,Head1,0,1.45858462488,1.47791516279,1.64344226474,-0.0255363919362,0.0624271619272,0.324133099794,0.943603982484,rElbow1,0,1.58581963674,1.27791377225,1.19260878787,-0.434573242032,0.725876668527,-0.522300926515,-0.107008885427
1407452530.0,182024097.0,6,Pelvis0,0,2.11231520159,0.627821335934,1.0208153718,-0.117961756764,-0.18514630496,-0.493344405876,0.841675214612,Head0,0,1.91149213086,1.1612261154,1.56804995712,-0.0433803225387,0.0432011144993,0.759084678108,0.648106675466,rElbow0,0,2.04365589967,1.15618265806,1.04627981526,0.787516101475,-0.545820871908,0.281544662628,0.0512890695258,Pelvis1,0,1.1377940398,1.07965882856,1.09575936644,0.0808461544656,0.0602337153309,0.892153381166,-0.440338668889,Head1,0,1.45877467108,1.47759423013,1.64309502786,-0.0260076945667,0.0626209804807,0.323531810477,0.943784604789,rElbow1,0,1.58341865503,1.2741597322,1.19133050304,-0.428949628855,0.727872525448,-0.523312977724,-0.111118540074
1407452530.0,192030236.0,6,Pelvis0,0,2.11229879837,0.628119845333,1.02084196278,-0.118191351777,-0.185061218781,-0.493233450107,0.841726745069,Head0,0,1.91099866432,1.16136039066,1.56818931207,-0.0455152492272,0.0451294735736,0.757846199104,0.649277160546,rElbow0,0,2.04425389601,1.15435891791,1.0458706971,0.788054216186,-0.547693459934,0.276735074288,0.049194765529,Pelvis1,0,1.13801060797,1.07967630666,1.09583078752,0.0811667840076,0.0600492738908,0.891814644319,-0.44099056459,Head1,0,1.45904070347,1.47723608664,1.64269221715,-0.026153407273,0.0623740774685,0.320018322275,0.944994046096,rElbow1,0,1.58182779716,1.27017007356,1.19096490092,-0.427233517519,0.731899369098,-0.517609821948,-0.117791796176
1407452530.0,201904896.0,6,Pelvis0,0,2.11230670825,0.628550571169,1.02084013816,-0.116701182737,-0.182987670835,-0.494453285004,0.841672320573,Head0,0,1.91058619939,1.16148272052,1.56824345988,-0.0470570940743,0.0422008309489,0.760211270091,0.64659380185,rElbow0,0,2.04505852404,1.15254741964,1.04543551583,0.789078300888,-0.551004504797,0.267397292015,0.0474147549222,Pelvis1,0,1.13822092464,1.07963300339,1.09582363312,0.0827029289207,0.0606873779847,0.891659316439,-0.440931889422,Head1,0,1.4591501419,1.47676949461,1.64222781009,-0.0294702223696,0.0663346668516,0.320964182023,0.944305677112,rElbow1,0,1.57797083711,1.26505698237,1.19039585745,-0.431695680532,0.732208115072,-0.513356598247,-0.118216406092
1407452530.0,212051034.0,6,Pelvis0,0,2.11251971357,0.628808560948,1.02098560797,-0.11737468695,-0.184958531533,-0.492488774807,0.842299430823,Head0,0,1.90993259436,1.16161565253,1.56830622203,-0.0409312753833,0.0378124800444,0.761073518276,0.646267705233,rElbow0,0,2.04508635094,1.14979220208,1.04508852405,0.793583053619,-0.54641216253,0.264526592039,0.0410532307219,Pelvis1,0,1.13850238329,1.0796933653,1.09580937143,0.0835408878302,0.0605315935901,0.891496232293,-0.441125054882,Head1,0,1.45926017331,1.47629378961,1.64160403427,-0.0329756436288,0.070491171094,0.32236064152,0.943412538884,rElbow1,0,1.57536520877,1.26059347094,1.18926790442,-0.430177385882,0.731819595347,-0.513615737776,-0.124845386178
1407452530.0,222015701.0,6,Pelvis0,0,2.11264979625,0.629272457308,1.02100551922,-0.115502893119,-0.183287239356,-0.494414504722,0.841795204958,Head0,0,1.90921227867,1.16179066148,1.56857460257,-0.0372864761167,0.037191112246,0.759775661715,0.648048982511,rElbow0,0,2.04591262622,1.14923670144,1.04393428933,0.791202691671,-0.549796417296,0.264170810199,0.0439998097742,Pelvis1,0,1.1387948563,1.07986794842,1.09579726121,0.082669310662,0.0600906422728,0.891820565415,-0.440693747276,Head1,0,1.45971996701,1.47599223765,1.64072262953,-0.0333708155426,0.0708803473009,0.316533112308,0.945340760704,rElbow1,0,1.57301631924,1.25543514484,1.18924475329,-0.431047088019,0.732134449464,-0.511691400482,-0.127865032319
1407452530.0,231956459.0,6,Pelvis0,0,2.11275152592,0.629468137391,1.0211379257,-0.116937583462,-0.184066138286,-0.492552710565,0.842518299876,Head0,0,1.90856637325,1.16190588209,1.5686182597,-0.0354082377362,0.0364506644422,0.761238135337,0.646478234027,rElbow0,0,2.04620947981,1.14703883034,1.04403548551,0.793411433938,-0.550910764055,0.256413945923,0.0353201766896,Pelvis1,0,1.13910014785,1.07995537592,1.09570777294,0.0829261339181,0.0600809884759,0.892137813385,-0.440004151192,Head1,0,1.45997572631,1.4753970202,1.63962215945,-0.0361469238883,0.0740305480991,0.315324435709,0.945401173094,rElbow1,0,1.56917312345,1.25038280322,1.18860867333,-0.433900380437,0.729962729143,-0.513100133231,-0.124952499763
1407452530.0,242035043.0,6,Pelvis0,0,2.11290807909,0.629688175175,1.02124357128,-0.11872980757,-0.186983381611,-0.491138455928,0.842450867947,Head0,0,1.90784919132,1.16214161446,1.5688527843,-0.0391394249835,0.0390385455463,0.76040058883,0.647097397523,rElbow0,0,2.04633908221,1.14605282146,1.04293163155,0.795180511352,-0.546512694116,0.260437888051,0.0344083711304,Pelvis1,0,1.13944438051,1.07998940875,1.09556758001,0.0833650423586,0.0613134867608,0.89287363116,-0.438255182323,Head1,0,1.46046456113,1.47454168327,1.63863109921,-0.0379445804126,0.0778370164935,0.31429255667,0.94536860351,rElbow1,0,1.56666914626,1.24518619971,1.18804846858,-0.433044997688,0.728335132359,-0.515759502542,-0.126459876987
1407452530.0,251956782.0,6,Pelvis0,0,2.11301800246,0.629990434379,1.02133893442,-0.117708172166,-0.185685546024,-0.491154695068,0.842871716049,Head0,0,1.90719859862,1.16220258852,1.56894007631,-0.0395330808229,0.0374958884109,0.761326454851,0.646075245631,rElbow0,0,2.04677341153,1.14577901722,1.04275697301,0.795915189032,-0.5479948048,0.25534131611,0.0319611962864,Pelvis1,0,1.13972440628,1.08016717761,1.09548704274,0.0829180703638,0.0613922007474,0.893614611245,-0.436816343403,Head1,0,1.46084853324,1.47404268622,1.63766586095,-0.0407545245983,0.0822960824225,0.311772607267,0.945708340294,rElbow1,0,1.56311952351,1.23998850357,1.18722895124,-0.436356178252,0.722111497825,-0.521812361007,-0.125937009295
1407452530.0,262031294.0,6,Pelvis0,0,2.11314118633,0.630222942827,1.02142105707,-0.117650500613,-0.186778366733,-0.490613183486,0.842953679401,Head0,0,1.9063825203,1.16236310942,1.56906841885,-0.037127581054,0.0362944107377,0.761381868714,0.646221253494,rElbow0,0,2.04672183641,1.14518581193,1.04260062577,0.797252190181,-0.546739764487,0.254634449428,0.0250174408159,Pelvis1,0,1.13999645494,1.0803005623,1.095359255,0.0822818056173,0.0613472486601,0.894241139327,-0.435659275444,Head1,0,1.46138142628,1.47352437363,1.63669130148,-0.0401596337672,0.0850663279215,0.307132256046,0.947006177892,rElbow1,0,1.55976251976,1.23441097693,1.18668032539,-0.439907519854,0.719214783336,-0.522662246809,-0.126631927913
1407452530.0,271982774.0,6,Pelvis0,0,2.11329727112,0.630404902889,1.02153020706,-0.118090035287,-0.187618866844,-0.49000634797,0.843058529,Head0,0,1.90565133036,1.16251877291,1.56901926471,-0.0384402168323,0.0379358184618,0.7606832876,0.646872599028,rElbow0,0,2.04635177653,1.14562059358,1.04259208305,0.801573600527,-0.542883286321,0.249473789276,0.0228107175639,Pelvis1,0,1.14022482011,1.08044073465,1.09522800942,0.0816948697106,0.0614871917203,0.894633330726,-0.434944222943,Head1,0,1.46184617814,1.4727568069,1.63601791278,-0.0442400816141,0.0875447116006,0.307016990004,0.946635783445,rElbow1,0,1.55710870289,1.22821412843,1.18655559968,-0.439911402438,0.718369162874,-0.523426545316,-0.128251142278
1407452530.0,282197353.0,6,Pelvis0,0,2.11336267995,0.630578022388,1.02164331745,-0.118569616308,-0.188004909892,-0.488179866742,0.843964346198,Head0,0,1.90501151583,1.16270968908,1.56900747322,-0.0409833325576,0.0391569850755,0.761319034088,0.645895057504,rElbow0,0,2.04704820057,1.14683222793,1.04345535427,0.802627628309,-0.546413624983,0.238501051385,0.0183926397488,Pelvis1,0,1.14039208275,1.08053946304,1.09504355542,0.0816912351192,0.0616116265739,0.894682367381,-0.434826414874,Head1,0,1.46231187455,1.47192114991,1.63547763495,-0.0481522634945,0.0902423538496,0.306548238319,0.946343412655,rElbow1,0,1.55385776278,1.22314801954,1.18631151476,-0.441003124145,0.718735350382,-0.520242751077,-0.13521545976
1407452530.0,292036192.0,6,Pelvis0,0,2.11350667895,0.630709765597,1.0217598801,-0.118879223174,-0.188776831487,-0.487745192927,0.843999801521,Head0,0,1.90418819735,1.16287857416,1.5689695606,-0.0408669087712,0.038363857058,0.762595988323,0.644441982518,rElbow0,0,2.04692283758,1.14822902836,1.04361812895,0.80384836897,-0.543471436868,0.241539580474,0.0111905351798,Pelvis1,0,1.14057470624,1.08076693776,1.09480126762,0.0814884261081,0.0619182049473,0.895662086062,-0.432799260509,Head1,0,1.46278550638,1.47118090668,1.63498078847,-0.0509778303339,0.0917427659421,0.30326700857,0.947108044114,rElbow1,0,1.55065398452,1.21785649499,1.18572520434,-0.44064201361,0.717242831914,-0.521175237556,-0.140619016024
1407452530.0,302138316.0,6,Pelvis0,0,2.11362717915,0.630847830457,1.02184661176,-0.119104662399,-0.188979444283,-0.48719154385,0.844242411061,Head0,0,1.90338750395,1.16301111786,1.56884944466,-0.0411637682097,0.037134996269,0.763670066173,0.643222019423,rElbow0,0,2.04714998549,1.15049353375,1.04452527107,0.804530895241,-0.543534063793,0.239321904782,0.00507799089878,Pelvis1,0,1.14060723643,1.08110045646,1.09464038935,0.0794714088138,0.0604623401947,0.896367830833,-0.431918177955,Head1,0,1.46326177978,1.47025669284,1.6346455279,-0.0511454464941,0.0942628540938,0.302673380303,0.947041436526,rElbow1,0,1.54663423896,1.2125230238,1.18525572505,-0.444675120957,0.713333139419,-0.521904090345,-0.145037889842
1407452530.0,312149075.0,6,Pelvis0,0,2.11375105217,0.630925740151,1.02194269199,-0.119475388797,-0.190200540526,-0.487190380678,0.843916416969,Head0,0,1.90254975806,1.16336044368,1.56876858832,-0.0393784141418,0.0345134670834,0.76584450929,0.640890278191,rElbow0,0,2.04715579417,1.15261605658,1.04611989673,0.807739301024,-0.542150625841,0.231510114657,-0.00574345651603,Pelvis1,0,1.14032665024,1.08040831521,1.09445015971,0.0961964250644,0.0686865900031,0.899099884841,-0.421482855211,Head1,0,1.46386759434,1.46947424019,1.63441304382,-0.0510782444676,0.0916825866347,0.298384240584,0.948658084465,rElbow1,0,1.54287992658,1.20708542154,1.18515021786,-0.443838805091,0.713339914434,-0.521809132477,-0.147880055565
1407452530.0,322076456.0,6,Pelvis0,0,2.11390220519,0.63100091688,1.02208501622,-0.120333371174,-0.192318945791,-0.486085922141,0.843951289571,Head0,0,1.90166520684,1.16358521287,1.56872922434,-0.0384238168398,0.0344206107153,0.766383045613,0.640309190356,rElbow0,0,2.04613606601,1.15593450268,1.04619745494,0.812370594311,-0.530961079345,0.24090636935,-0.00992325179377,Pelvis1,0,1.14044136016,1.08119711728,1.09411627442,0.0884149586286,0.064238267028,0.89801165935,-0.426182237794,Head1,0,1.46438001837,1.46863909861,1.63428333798,-0.0529635155448,0.0924297500323,0.297663426934,0.948708644209,rElbow1,0,1.53859584164,1.2015909852,1.1849403674,-0.450748143017,0.70804821605,-0.522199019429,-0.151003375536
1407452530.0,331904907.0,6,Pelvis0,0,2.11397988221,0.631090645104,1.02220912324,-0.120080487412,-0.191719426424,-0.485759804392,0.844311406124,Head0,0,1.90073477064,1.16379789154,1.56863245476,-0.0366480148955,0.0330423239406,0.766987573567,0.639761822733,rElbow0,0,2.04638156676,1.15968569068,1.04829395075,0.814177053733,-0.531362870224,0.23310675789,-0.0207476444098,Pelvis1,0,1.14063206474,1.08180805253,1.09400160356,0.0801818830902,0.0606454989449,0.898780540639,-0.42671598148,Head1,0,1.46492260708,1.46760656154,1.63419263642,-0.0551083478218,0.0936591571084,0.296985643918,0.948678322508,rElbow1,0,1.53597110657,1.19636848337,1.1853073982,-0.448390285193,0.710465405594,-0.519738492765,-0.15510305844
1407452530.0,342173563.0,6,Pelvis0,0,2.11408843413,0.63120264496,1.0223187124,-0.119898469199,-0.190257201874,-0.484996550401,0.845106443188,Head0,0,1.89996374549,1.16389466349,1.56845152234,-0.0378690183396,0.0344509470349,0.765606760732,0.641268553431,rElbow0,0,2.04588581924,1.16429631606,1.04959999802,0.815478708377,-0.528237272512,0.235001643942,-0.0270940483922,Pelvis1,0,1.14067652219,1.08212436354,1.09378882993,0.0807010687186,0.0601982756707,0.899635012142,-0.424876864564,Head1,0,1.46546582789,1.46667798383,1.63414001627,-0.0574195143926,0.0936745428318,0.296467560339,0.948701778779,rElbow1,0,1.5304545496,1.19096063158,1.18572483399,-0.463477272048,0.701992186463,-0.519001836784,-0.151765878424
1407452530.0,352144090.0,6,Pelvis0,0,2.11420208351,0.631299093668,1.02243447253,-0.119873349105,-0.190496491987,-0.48487636348,0.845125066989,Head0,0,1.89897606558,1.16436881754,1.56837407082,-0.0366514996227,0.0334773997909,0.767467811686,0.639162803443,rElbow0,0,2.04523840648,1.16869953297,1.05149976336,0.818606223497,-0.523909737856,0.232725361334,-0.0352327067397,Pelvis1,0,1.14058529287,1.08240245761,1.09370527037,0.0802142571211,0.0593428107384,0.899602919746,-0.425157253911,Head1,0,1.46601874323,1.46557778559,1.63415777659,-0.0585246295555,0.0980511887149,0.295722389385,0.94842453603,rElbow1,0,1.52742338649,1.18717303536,1.1881677997,-0.462560532377,0.716241544252,-0.502198188156,-0.144335664294
1407452530.0,362093567.0,6,Pelvis0,0,2.11435380931,0.631384720915,1.02256947485,-0.120104182897,-0.191015934794,-0.484679712,0.845087850274,Head0,0,1.89802964813,1.16448614293,1.56828740365,-0.0418815712196,0.0365304140465,0.768424930786,0.637522225956,rElbow0,0,2.04424909603,1.17392487668,1.0536444643,0.818762988663,-0.524085676768,0.229889575875,-0.0459581843275,Pelvis1,0,1.14064311549,1.08267077905,1.09354062941,0.0790776455175,0.0597692169891,0.900796096302,-0.422777435026,Head1,0,1.46667442016,1.46461756072,1.63444241082,-0.0588027412882,0.0982949234156,0.294275781639,0.94883197142,rElbow1,0,1.52374838962,1.18140303423,1.18493867911,-0.461871073057,0.696114231061,-0.522809536488,-0.169618034848
1407452530.0,372131911.0,6,Pelvis0,0,2.11451084175,0.631532183318,1.02271102999,-0.119670050337,-0.190005941937,-0.484023914605,0.845752724602,Head0,0,1.89696565671,1.16478957983,1.56804324181,-0.0312371137349,0.0281313578443,0.76938524556,0.637400355622,rElbow0,0,2.0432587356,1.17975226749,1.05537517776,0.819417589549,-0.52031245208,0.23473484747,-0.0522428706383,Pelvis1,0,1.14063166823,1.08305960264,1.09348844836,0.0784602629444,0.0594825822664,0.902361162675,-0.419583295236,Head1,0,1.46717316713,1.46338692691,1.63459874935,-0.0584315764761,0.0954759471089,0.292073782947,0.949822614865,rElbow1,0,1.51970103091,1.17783099893,1.18419263408,-0.462283779017,0.694749821075,-0.521514783412,-0.17787277604
1407452530.0,382135541.0,6,Pelvis0,0,2.11472612771,0.631690469873,1.02287757391,-0.119684098824,-0.191325413422,-0.48313648176,0.845960662596,Head0,0,1.8961076758,1.16483739264,1.56789223016,-0.0362148917175,0.0323906570366,0.767844703115,0.638790919514,rElbow0,0,2.04213413999,1.18525344295,1.05771940876,0.822548511283,-0.513921519257,0.235404915239,-0.0623148819464,Pelvis1,0,1.14048549966,1.08338248866,1.09334537489,0.0773778271004,0.0593307312409,0.903345976617,-0.417682394569,Head1,0,1.46784328094,1.46205644588,1.63485435934,-0.0608933880533,0.0951271089449,0.291241125424,0.949958649256,rElbow1,0,1.51405320258,1.17286796422,1.18477922671,-0.471611578923,0.689594446268,-0.520151885449,-0.177437409716
1407452530.0,392173157.0,6,Pelvis0,0,2.11501599534,0.631854783712,1.02306588523,-0.118962286321,-0.19277459993,-0.482948050116,0.845841066007,Head0,0,1.89505372834,1.16518927636,1.56769219432,-0.0342367612136,0.0307762194607,0.768705987752,0.637943393171,rElbow0,0,2.04107641891,1.1916301494,1.06034260925,0.82547683392,-0.506403067216,0.240150901081,-0.0668690876699,Pelvis1,0,1.14017298056,1.08363609306,1.09323291759,0.0774035897563,0.0585843051332,0.90410030311,-0.416148057067,Head1,0,1.46867341477,1.46099201408,1.63509729483,-0.0608014525419,0.0983612768484,0.289034424428,0.950309078185,rElbow1,0,1.51051421841,1.16863846021,1.18461197423,-0.472327454997,0.688535331026,-0.518083934647,-0.185512559806
1407452530.0,402049810.0,6,Pelvis0,0,2.11524323977,0.632023541404,1.02320248215,-0.117560861522,-0.192355466146,-0.483446076206,0.845847923615,Head0,0,1.89390645851,1.16562746371,1.56762938379,-0.0337450709233,0.0312761036956,0.771249703696,0.634867679186,rElbow0,0,2.03989094243,1.19817469073,1.06311091253,0.825028441113,-0.505395579895,0.239835912512,-0.0798881358246,Pelvis1,0,1.13983205356,1.08400687401,1.09303170985,0.0777202340825,0.0573015600435,0.904870789525,-0.41459009961,Head1,0,1.46924133499,1.45973413497,1.63530503045,-0.0622337192264,0.0973554689169,0.288985615157,0.950334778431,rElbow1,0,1.50661461248,1.16529047021,1.18330579448,-0.469146813664,0.684965962716,-0.522683269362,-0.19371395685
1407452530.0,412115982.0,6,Pelvis0,0,2.11547900236,0.632178975902,1.02339245728,-0.116959212323,-0.191287232323,-0.484200030846,0.845742317453,Head0,0,1.89313941428,1.16566188795,1.56742413955,-0.0345420040787,0.0303856174637,0.771520127649,0.634539405269,rElbow0,0,2.03896652898,1.20514973081,1.06596231342,0.824730520671,-0.502843789602,0.242420637743,-0.0905534423894,Pelvis1,0,1.1394869697,1.08416247027,1.09290316229,0.0800284505164,0.0577061831117,0.905407571288,-0.412919572548,Head1,0,1.46998232376,1.45844131342,1.63562095277,-0.0614085227354,0.0999103578056,0.287941020915,0.95044036226,rElbow1,0,1.50254504432,1.16135811781,1.18356901325,-0.474822295632,0.683164786236,-0.518539444719,-0.197348693149
1407452530.0,422120003.0,6,Pelvis0,0,2.11582986831,0.632218410904,1.02374228669,-0.117997344965,-0.192750099029,-0.482762243364,0.846087845491,Head0,0,1.89211978462,1.165705135,1.5671302045,-0.0413436830495,0.0339655465646,0.768803815412,0.637242289028,rElbow0,0,2.03757212488,1.21225938968,1.06890413494,0.82440276851,-0.499067595956,0.247151665461,-0.101032985705,Pelvis1,0,1.13938660433,1.08447781342,1.09263527992,0.0786806816229,0.0579358951632,0.905962889721,-0.411927208181,Head1,0,1.47061771817,1.45731334004,1.63577427668,-0.0600452483476,0.100235637225,0.285336591123,0.951278305727,rElbow1,0,1.49848482259,1.15736385329,1.18307082656,-0.477102511376,0.678139791938,-0.52075162389,-0.203266727343
1407452530.0,432086455.0,6,Pelvis0,0,2.1161208702,0.632391465542,1.02401729741,-0.117121061708,-0.19151790268,-0.481611577114,0.84714452052,Head0,0,1.89085779579,1.16622158216,1.5669899795,-0.0350650914341,0.0295772641375,0.772676301478,0.633140551491,rElbow0,0,2.0360312332,1.21930242651,1.0717811681,0.825694203058,-0.491044175513,0.254604869485,-0.110819949314,Pelvis1,0,1.13929739822,1.08475741238,1.09240085818,0.0779180698868,0.0587045278112,0.907700795086,-0.40811985911,Head1,0,1.47145835385,1.45576148245,1.6360999694,-0.0612622998655,0.0999330273627,0.287420263732,0.950605024526,rElbow1,0,1.494277314,1.15322154466,1.18330930177,-0.484322670379,0.674824972591,-0.516475494358,-0.208076599004
1407452530.0,442196332.0,6,Pelvis0,0,2.11644481608,0.632498130467,1.02431694026,-0.118347151716,-0.194018030938,-0.481141564203,0.846672162379,Head0,0,1.8898710058,1.16652558779,1.56677087998,-0.0309268378162,0.0262580061331,0.773991910373,0.631894429864,rElbow0,0,2.03512082989,1.22621956846,1.07573051923,0.82728066213,-0.486135273063,0.254218492477,-0.121046108706,Pelvis1,0,1.13907034914,1.08508671249,1.0923128016,0.077522049404,0.0577509419002,0.908931419365,-0.405584560182,Head1,0,1.47206601803,1.45457759735,1.63608451125,-0.0624819904044,0.101805063884,0.287957601803,0.950164274958,rElbow1,0,1.49136109544,1.15038584622,1.18238723031,-0.478904487354,0.677031986355,-0.515524911219,-0.215666982539
1407452530.0,451946650.0,6,Pelvis0,0,2.11671149093,0.632719209642,1.02460650857,-0.118244531057,-0.193687801811,-0.480661230697,0.847034856195,Head0,0,1.88866010171,1.16675323892,1.56678923429,-0.032658964106,0.0287467949632,0.771714333688,0.63447931489,rElbow0,0,2.03357122565,1.23344902611,1.07885072664,0.825779091743,-0.481545679337,0.261140047076,-0.134195850028,Pelvis1,0,1.13882217954,1.08553992308,1.0922925431,0.0691835800589,0.0553311710522,0.911026461105,-0.402719357526,Head1,0,1.47291002978,1.45315371994,1.63650885974,-0.0594074164519,0.0970853063853,0.285222177197,0.951679311422,rElbow1,0,1.48748850881,1.14880881694,1.18146675264,-0.476114135916,0.681283818684,-0.511007123899,-0.219178939006
1407452530.0,462100919.0,6,Pelvis0,0,2.11696427391,0.632994205417,1.02482223938,-0.116963286153,-0.193021856227,-0.480505942755,0.847452766641,Head0,0,1.88749236665,1.16749108749,1.56665579949,-0.0313647078481,0.0264131772908,0.774098134229,0.63173624065,rElbow0,0,2.0323184913,1.24103645226,1.08262031166,0.823527394901,-0.482181718589,0.260683382561,-0.146108159124,Pelvis1,0,1.13860072487,1.08568005114,1.0921898902,0.0687010758431,0.0559080315415,0.912682402012,-0.398955244665,Head1,0,1.47369376527,1.45187013994,1.63667316334,-0.0582153792246,0.0997504733717,0.2868350831,0.950992348963,rElbow1,0,1.4864348038,1.14584415113,1.18225021018,-0.46709826344,0.693292140036,-0.500658437645,-0.224736177929
1407452530.0,472097680.0,6,Pelvis0,0,2.11715528325,0.633361845532,1.02497270039,-0.116602877515,-0.191312453685,-0.477953830272,0.849331178133,Head0,0,1.88646169427,1.16768353801,1.56652829469,-0.0319649509351,0.0289486467967,0.773477888624,0.632354468293,rElbow0,0,2.03086113037,1.24754526408,1.08658673226,0.825710506818,-0.473067857331,0.264979574503,-0.155546733773,Pelvis1,0,1.13840939286,1.08575109638,1.09205989993,0.0688579129901,0.0573461539971,0.913840131062,-0.396063405657,Head1,0,1.47449418318,1.4506560445,1.63678923245,-0.0570182172107,0.0988639463112,0.286216014304,0.951343910572,rElbow1,0,1.48148352016,1.14153391381,1.18093577679,-0.473084193584,0.683873265409,-0.503283304694,-0.234977909295
1407452530.0,482014490.0,6,Pelvis0,0,2.11754918175,0.633616509101,1.02528795119,-0.117234576915,-0.192807104574,-0.476120499836,0.849935729357,Head0,0,1.88537014691,1.16782443485,1.56627831176,-0.032215685061,0.0287380140571,0.773186785617,0.632707255159,rElbow0,0,2.02895404702,1.25492899362,1.08964444971,0.821443077056,-0.468862827704,0.279153601642,-0.165747357879,Pelvis1,0,1.13817428245,1.08598629502,1.09191700838,0.0686065785465,0.05765238937,0.914603299886,-0.394297024104,Head1,0,1.47545513491,1.44942957565,1.63677890875,-0.0564144758409,0.100129487659,0.285536010025,0.951451879811,rElbow1,0,1.47700968221,1.13908542607,1.17979028923,-0.486100491059,0.667355344973,-0.510622152858,-0.240017026771
1407452530.0,492043418.0,6,Pelvis0,0,2.11798371495,0.633822645056,1.02562051267,-0.117718347045,-0.195509490979,-0.475331264814,0.849693249589,Head0,0,1.88421821464,1.16836285885,1.56607871893,-0.0305746268252,0.02639113261,0.775619778188,0.62990686613,rElbow0,0,2.02660171126,1.26155452782,1.09308545466,0.819181510822,-0.463402546583,0.286327592459,-0.17948883515,Pelvis1,0,1.13771274921,1.08620962892,1.09179098947,0.0718435252434,0.0561864379556,0.914155199899,-0.394970711025,Head1,0,1.47638151223,1.44821712014,1.63667465114,-0.0589587224259,0.0992097050866,0.28529609968,0.951465942099,rElbow1,0,1.47440913533,1.13623112847,1.1792412302,-0.486088502998,0.665249598971,-0.509889364471,-0.247333326347
1407452530.0,502122531.0,6,Pelvis0,0,2.11846546465,0.634017682549,1.02596114742,-0.119292603112,-0.197287210654,-0.472771338993,0.850490618633,Head0,0,1.88304064303,1.16881863557,1.56583049184,-0.0316124998304,0.0275822247377,0.774444559015,0.631249155045,rElbow0,0,2.02498199989,1.26770544798,1.09725180386,0.819621858129,-0.458641935694,0.286597331736,-0.189022628122,Pelvis1,0,1.13739815023,1.08627591281,1.09172019541,0.0740734603372,0.0558294849513,0.914782048969,-0.393153906209,Head1,0,1.47739748507,1.44688589236,1.63658050052,-0.0587936868385,0.102419702912,0.284034855838,0.951513377474,rElbow1,0,1.47182575711,1.13433421852,1.17751744193,-0.482626852528,0.663124127468,-0.511888058706,-0.255554941534
1407452530.0,512298627.0,6,Pelvis0,0,2.11893529046,0.634290431881,1.02635944626,-0.119675630753,-0.200635355651,-0.471823863689,0.850179651086,Head0,0,1.88182361302,1.16958526613,1.56561529805,-0.021648439337,0.0203688107372,0.776145036084,0.629853427064,rElbow0,0,2.02352065073,1.27399779409,1.10256038776,0.821155328801,-0.455406911589,0.283179957929,-0.195237246153,Pelvis1,0,1.13717692437,1.0863506724,1.09160565687,0.0744161005127,0.055002046658,0.915073862617,-0.39252623454,Head1,0,1.47833295391,1.44573533618,1.6364012218,-0.058312382527,0.0997470998947,0.28328735219,0.952049609104,rElbow1,0,1.46972908945,1.13168428277,1.17753790807,-0.482851731119,0.664402231266,-0.507984467337,-0.259568221839
1407452530.0,522035142.0,6,Pelvis0,0,2.11929614335,0.63462748805,1.026707145,-0.118856297869,-0.200285713381,-0.472128555815,0.850207880613,Head0,0,1.88075959899,1.17008555427,1.56534251605,-0.0305544179197,0.0275743926102,0.774230940126,0.631563561147,rElbow0,0,2.0200796598,1.28025843486,1.10381685106,0.814796882267,-0.444676797894,0.309292387201,-0.206656249078,Pelvis1,0,1.13698430805,1.08650799814,1.09152564182,0.0734787088366,0.0525318961093,0.914894506072,-0.393458157874,Head1,0,1.47978040577,1.44461108904,1.63630149854,-0.0561290684319,0.0999914111827,0.278514263035,0.953562295109,rElbow1,0,1.46746349717,1.13041215954,1.17637800775,-0.479010218113,0.666214967413,-0.506605545294,-0.264684056218
1407452530.0,531915254.0,6,Pelvis0,0,2.11974711929,0.635031664596,1.0270159459,-0.11742423436,-0.200093605013,-0.472547678512,0.850219259927,Head0,0,1.87967392793,1.17058123431,1.56504089665,-0.0306069398163,0.028010980851,0.776081086136,0.629266833647,rElbow0,0,2.01676826871,1.28622026244,1.10538441993,0.806963032094,-0.440308764347,0.325309281104,-0.22161391766,Pelvis1,0,1.13671948876,1.08640319639,1.09151287309,0.0734571894462,0.0520678975426,0.915598246142,-0.391883690686,Head1,0,1.48066971676,1.44335386076,1.63599858573,-0.0566618529073,0.102584255264,0.27971072308,0.952904935653,rElbow1,0,1.46555169673,1.12767370434,1.17584014452,-0.480031973333,0.663867296284,-0.505288849625,-0.271169127939
1407452530.0,542211109.0,6,Pelvis0,0,2.12010066143,0.635337999761,1.02742851511,-0.117513453747,-0.199174531198,-0.468794217656,0.852497551787,Head0,0,1.87855459501,1.17139366462,1.56471464395,-0.0236248000235,0.0209362551699,0.780722996448,0.624079437941,rElbow0,0,2.01341487174,1.29216039886,1.10797115773,0.802016075933,-0.435152907409,0.338715807686,-0.229529437636,Pelvis1,0,1.13655474269,1.08627040298,1.09148558857,0.0733178614853,0.0517518203163,0.915783786092,-0.391517940091,Head1,0,1.48202367794,1.4422087467,1.63584477565,-0.055022847104,0.102278933782,0.277112584852,0.953792493846,rElbow1,0,1.46332720489,1.12579263248,1.17329331756,-0.481202331904,0.654018675903,-0.50868397498,-0.2862594993
1407452530.0,552077511.0,6,Pelvis0,0,2.12067238323,0.6355336294,1.02795919765,-0.119891762622,-0.20338588371,-0.466927876623,0.852196283491,Head0,0,1.87736059765,1.17197628201,1.56434751787,-0.0317935180072,0.027465296031,0.777610113891,0.627341486354,rElbow0,0,2.01159741076,1.29701425983,1.11387371115,0.807641469483,-0.43711917533,0.319668184246,-0.233354527084,Pelvis1,0,1.13632583095,1.08608839934,1.09148501489,0.0732345754526,0.0512370305641,0.915939069489,-0.391237887533,Head1,0,1.48309818856,1.44119778335,1.63551003363,-0.0539746371103,0.103930554745,0.2766121014,0.953819125253,rElbow1,0,1.46252160563,1.1241752766,1.17365750791,-0.478392817166,0.660269668429,-0.503877006739,-0.28511793966
1407452530.0,562172448.0,6,Pelvis0,0,2.12109077471,0.635804063872,1.02849532953,-0.120807024705,-0.2044004122,-0.465388711502,0.852666101989,Head0,0,1.87620874459,1.17288768624,1.56396099245,-0.0173213004391,0.0153569326174,0.780141257726,0.625174979638,rElbow0,0,2.00844876281,1.30163712401,1.11658246914,0.805232360769,-0.430973464567,0.327817618093,-0.241657458559,Pelvis1,0,1.13610169195,1.08559647921,1.0913622628,0.073995095641,0.0540394116038,0.917487110436,-0.387068301464,Head1,0,1.48425900829,1.44011030546,1.6351374701,-0.0520893479011,0.10240830776,0.273147273589,0.955086281583,rElbow1,0,1.46153726828,1.12270583433,1.17326089628,-0.476389124754,0.662374364768,-0.503421084921,-0.284395523825
1407452530.0,572170844.0,6,Pelvis0,0,2.12161524221,0.636014456031,1.02904361612,-0.123319858654,-0.20861700955,-0.463050210032,0.852558302274,Head0,0,1.87500804183,1.17356433673,1.56356981505,-0.0290542576896,0.0252879058064,0.778885332712,0.625982436189,rElbow0,0,2.00525067541,1.3065456453,1.11929258089,0.802203192119,-0.430187381186,0.331024524057,-0.248659647098,Pelvis1,0,1.13584726564,1.08532072198,1.09125004562,0.0710752503516,0.0539439186025,0.917567548078,-0.387437939736,Head1,0,1.48539140629,1.4389223606,1.634709087,-0.0527541616432,0.101395372858,0.274644259825,0.95472849928,rElbow1,0,1.46154330695,1.12128972407,1.1730868168,-0.47289477945,0.666069241131,-0.499989371016,-0.287633312499
1407452530.0,582106494.0,6,Pelvis0,0,2.12197097534,0.636390698831,1.02943130416,-0.123110963844,-0.207952947032,-0.463517661119,0.852496709808,Head0,0,1.87385894966,1.17439400823,1.56324379016,-0.0197059215068,0.020200944598,0.780487854992,0.624533671395,rElbow0,0,2.0017466029,1.31075702715,1.12156311175,0.799785541098,-0.423280704891,0.341317367571,-0.254320639571,Pelvis1,0,1.1353425962,1.08509262381,1.09134102835,0.0739201429765,0.0519702182726,0.916680379467,-0.3892711019,Head1,0,1.48666686435,1.43788538705,1.63423952538,-0.0527224645499,0.0995281722952,0.275854994285,0.954577658852,rElbow1,0,1.46139906969,1.12002682938,1.17257973566,-0.470555058013,0.668310550483,-0.498002650023,-0.289710728247
1407452530.0,592176921.0,6,Pelvis0,0,2.12238043605,0.636822407027,1.02977109346,-0.122256466468,-0.206586302724,-0.462889056047,0.853293137043,Head0,0,1.87286125881,1.17527551423,1.56277023208,-0.0218939932037,0.0192763115734,0.783185088161,0.621104012671,rElbow0,0,1.99811860515,1.31465288499,1.12393488855,0.797360759449,-0.420765729444,0.344552872246,-0.261639711136,Pelvis1,0,1.13517124375,1.08503059592,1.09127159176,0.070253327654,0.0490300599445,0.917936993002,-0.387365718738,Head1,0,1.48788825975,1.43683314924,1.63379768192,-0.0526226666341,0.103376494946,0.274549562712,0.954550518759,rElbow1,0,1.46095436158,1.11895674943,1.171395104,-0.468082642021,0.668135856108,-0.499238857505,-0.29198233025
1407452530.0,602049430.0,6,Pelvis0,0,2.12267576996,0.637308739845,1.03003306986,-0.120178192415,-0.20211135217,-0.46376026215,0.854186526844,Head0,0,1.87162160846,1.1760206009,1.56219787592,-0.0205023454977,0.0182853081839,0.781489598608,0.623313170566,rElbow0,0,1.99471860338,1.31838665385,1.12654596787,0.797848688768,-0.416264831165,0.347368663905,-0.263621075606,Pelvis1,0,1.13479178003,1.08459865578,1.09131175452,0.0721917521079,0.0488528107673,0.916942538809,-0.389381733433,Head1,0,1.48903240274,1.43576047179,1.63327367498,-0.0518798633512,0.106274355566,0.271534520134,0.9551351975,rElbow1,0,1.46135789259,1.1183454918,1.17071932822,-0.463483160117,0.671045216176,-0.497688965186,-0.295275078643
1407452530.0,612139405.0,6,Pelvis0,0,2.1232029778,0.637487895552,1.03051686544,-0.121297872509,-0.205588666302,-0.461722476464,0.85430233591,Head0,0,1.87084587465,1.17669642277,1.56164923698,-0.0237178897179,0.0211227904358,0.780680848365,0.624122345721,rElbow0,0,1.9911691397,1.32191256003,1.12871061044,0.796160945945,-0.413141141874,0.350225849592,-0.269785098405,Pelvis1,0,1.13446525185,1.08404656685,1.09130789584,0.0757483252594,0.0503098400914,0.916566357674,-0.389406244417,Head1,0,1.49026818131,1.43456849057,1.63265465385,-0.0514476718075,0.105194624708,0.274405623471,0.954457323198,rElbow1,0,1.46166795377,1.11764996263,1.17040929985,-0.46185275652,0.674194300483,-0.495458138293,-0.294406707957
1407452530.0,622112670.0,6,Pelvis0,0,2.12347739685,0.63790670629,1.03083015042,-0.120954188048,-0.204754399994,-0.462166462277,0.854311349113,Head0,0,1.86971106208,1.17784110412,1.56107808417,-0.022018447692,0.017721784082,0.782520963525,0.621982369504,rElbow0,0,1.98753600962,1.32578727204,1.13072640797,0.793432294197,-0.413327866636,0.353318232005,-0.273480339551,Pelvis1,0,1.13406818811,1.08349320561,1.09131323455,0.0766698442079,0.0506334062373,0.915466741156,-0.391763498809,Head1,0,1.49142648029,1.43366451609,1.63210764026,-0.0494853129482,0.107035352993,0.273113315181,0.954727057375,rElbow1,0,1.46268537806,1.11699265515,1.1694497917,-0.456083144844,0.677277238776,-0.494617460922,-0.29772012726
1407452530.0,632002615.0,6,Pelvis0,0,2.12393534155,0.638142832731,1.03137850609,-0.121383968718,-0.204481668198,-0.460881838617,0.855009421201,Head0,0,1.86881798709,1.1787330514,1.56037170404,-0.023277517972,0.019097188257,0.782150078868,0.622362200559,rElbow0,0,1.98361958964,1.32929328101,1.13195888146,0.788291171624,-0.411223270545,0.361441374918,-0.280807020923,Pelvis1,0,1.13397374155,1.08315868475,1.09122322049,0.0727317050457,0.0495456215051,0.916170913075,-0.391006634861,Head1,0,1.49273317963,1.43253364938,1.63149652418,-0.052038257234,0.109521374177,0.274883256084,0.95380096661,rElbow1,0,1.46358010021,1.11642138241,1.16859711081,-0.449800697414,0.681051447723,-0.494568540967,-0.298747747181
1407452530.0,642086454.0,6,Pelvis0,0,2.12450745477,0.638376716808,1.03182141927,-0.123426686224,-0.207308258985,-0.459893587472,0.854568327921,Head0,0,1.86783112485,1.179481257,1.55973584283,-0.0169107498644,0.0145288932546,0.784607996754,0.619591179108,rElbow0,0,1.98044991889,1.33261577458,1.13375864846,0.787866416754,-0.407075952626,0.365666223019,-0.282566614248,Pelvis1,0,1.13363796057,1.08263447924,1.09140672797,0.076095222198,0.0491360987636,0.914932155849,-0.393311976872,Head1,0,1.49391038529,1.431573546,1.63081269378,-0.0507816091941,0.108355781026,0.270227380498,0.955331050325,rElbow1,0,1.46454006744,1.11579984984,1.16803089893,-0.448151210151,0.681975162171,-0.49387932302,-0.300255866412
1407452530.0,651935609.0,6,Pelvis0,0,2.12502068425,0.638634281263,1.03232405659,-0.124218858426,-0.212136577432,-0.457494730227,0.854556212043,Head0,0,1.86689234204,1.18051097013,1.55920688946,-0.0186844893249,0.0161968766651,0.783655156089,0.620703751705,rElbow0,0,1.97709560259,1.33555565584,1.1355995266,0.786079764572,-0.406393029649,0.365982056616,-0.288063262876,Pelvis1,0,1.13338109059,1.08211232308,1.09151843138,0.0770306575558,0.0491147288191,0.915393369839,-0.392057393329,Head1,0,1.49537828244,1.43051924954,1.63016837962,-0.0490490736394,0.108909884362,0.270656790483,0.955237000555,rElbow1,0,1.46567019035,1.11542736998,1.16788413149,-0.443546505575,0.687308483708,-0.49125986118,-0.299227830271
1407452530.0,662207640.0,6,Pelvis0,0,2.12531832948,0.639018617826,1.03266642796,-0.123298514398,-0.208776603051,-0.457533938235,0.855495471484,Head0,0,1.86585967548,1.18146137068,1.55853116849,-0.0142450247018,0.0133924182351,0.785511287051,0.618538390338,rElbow0,0,1.97380849474,1.3387748656,1.13712075094,0.784034883155,-0.406267837763,0.368175017159,-0.291003269287,Pelvis1,0,1.13316645332,1.0817929393,1.09162540742,0.0756146357453,0.047806862086,0.91510064877,-0.393176466004,Head1,0,1.49649853071,1.42957185174,1.62948323238,-0.0488767474493,0.110950244363,0.271129661961,0.954876857631,rElbow1,0,1.46704254432,1.11541585201,1.16468138315,-0.435720659313,0.682018970517,-0.496547815077,-0.313748144608
1407452530.0,672215307.0,6,Pelvis0,0,2.12589411459,0.639067989423,1.03331998014,-0.125405436225,-0.213585659818,-0.456145828306,0.854743017406,Head0,0,1.86493375659,1.18223463611,1.55789178166,-0.0194915092605,0.0168177283678,0.784839409312,0.61916423239,rElbow0,0,1.97025613554,1.34162999168,1.1380602185,0.78116190315,-0.404077922153,0.371090881734,-0.297991059245,Pelvis1,0,1.13295297491,1.08124476972,1.09163860823,0.0760425838132,0.0486728172381,0.91566072456,-0.391680890277,Head1,0,1.49781450067,1.42855546696,1.62872315377,-0.0508574812108,0.112657894953,0.270914636571,0.954634471932,rElbow1,0,1.46804087619,1.11557579054,1.16259268594,-0.431095031643,0.679395366585,-0.499469757252,-0.321105856605
1407452530.0,681954745.0,6,Pelvis0,0,2.12631455174,0.639257732175,1.03383620954,-0.126174428835,-0.215124135355,-0.453981895558,0.85539584895,Head0,0,1.86404434458,1.18320741496,1.55716547011,-0.0162555091039,0.0157540964035,0.7850093183,0.619070219807,rElbow0,0,1.96747886664,1.3440556336,1.13971805592,0.78241015992,-0.401908784904,0.369096346426,-0.300119238514,Pelvis1,0,1.13284296106,1.08094173275,1.09171337861,0.0715512912433,0.0486393021024,0.915848168787,-0.392092798635,Head1,0,1.49901709201,1.42765181541,1.62803430299,-0.0511062820194,0.116266058899,0.269331337827,0.954636570613,rElbow1,0,1.46980848734,1.11546817728,1.16091007347,-0.427898650512,0.678346613577,-0.497116840925,-0.331094341854
1407452530.0,692012399.0,6,Pelvis0,0,2.12659768905,0.639546100474,1.03435195463,-0.126628718006,-0.213423937117,-0.452001513778,0.856802207271,Head0,0,1.86294978378,1.18430438673,1.55647026379,-0.016720189113,0.0156264104181,0.784856525719,0.61925478166,rElbow0,0,1.96429074171,1.34662233558,1.14021902698,0.780053496399,-0.39982078175,0.37354460093,-0.303519878019,Pelvis1,0,1.13251397805,1.08040311301,1.09175935463,0.0743059683686,0.0486200437806,0.915011157397,-0.39353436476,Head1,0,1.50032088714,1.42702383975,1.62729055032,-0.0491093240491,0.11412941722,0.265914830865,0.955956093732,rElbow1,0,1.47174969595,1.11502660501,1.15997825286,-0.423894830233,0.678075915625,-0.498132991499,-0.335245802854
1407452530.0,702134404.0,6,Pelvis0,0,2.12697702312,0.639808793303,1.03491999952,-0.127074821585,-0.213265841976,-0.450278638393,0.857682236129,Head0,0,1.86213514796,1.18513069484,1.55571994345,-0.0191486126728,0.0149757079697,0.787153167008,0.616278306021,rElbow0,0,1.961047556,1.34898738567,1.13989930138,0.775387308651,-0.397306396471,0.383270200825,-0.306636759156,Pelvis1,0,1.13226995024,1.07993965344,1.09180830585,0.0744896889801,0.048704900255,0.915077443305,-0.393334961174,Head1,0,1.50162843623,1.42620250254,1.62643883564,-0.049147417119,0.114400005467,0.269153278113,0.95501501717,rElbow1,0,1.47274063679,1.11760050247,1.15774336197,-0.420689632201,0.682490744955,-0.492027388312,-0.339316468154
1407452530.0,712116652.0,6,Pelvis0,0,2.12742534343,0.640107154878,1.03547143208,-0.126089479027,-0.213688424997,-0.45060560821,0.85755074844,Head0,0,1.86112388047,1.18601237613,1.55507022167,-0.0219190635322,0.0189629646262,0.784298122399,0.619706717591,rElbow0,0,1.95895722207,1.3504681712,1.14123287655,0.779559101395,-0.392526073448,0.379010546583,-0.307509178196,Pelvis1,0,1.13196465512,1.07960923061,1.0919973633,0.0740595976938,0.0459635689394,0.913669018908,-0.397003085892,Head1,0,1.50254825281,1.4255048217,1.62566567389,-0.0489066490649,0.114166559123,0.266352074021,0.955840315701,rElbow1,0,1.47449521432,1.11788985436,1.15663064633,-0.416100002159,0.684021201043,-0.491605768015,-0.342490224067
1407452530.0,722047129.0,6,Pelvis0,0,2.12791528042,0.64042505167,1.03597640099,-0.127386012856,-0.215292463763,-0.44875423958,0.857928663255,Head0,0,1.86015918955,1.18704878263,1.5543097083,-0.0126327573854,0.0128737223897,0.78821177445,0.615139723421,rElbow0,0,1.95592551284,1.35254279674,1.14147377938,0.777733580437,-0.392980325501,0.37988417299,-0.310459267444,Pelvis1,0,1.13162943482,1.07912476488,1.09228677289,0.0742755138667,0.0440762446568,0.913686378893,-0.397136794721,Head1,0,1.50379102381,1.42482065584,1.62491022464,-0.0486081130499,0.118414790135,0.264197163093,0.955936738407,rElbow1,0,1.47687748866,1.11873277147,1.1553935638,-0.408402539805,0.689402037257,-0.488312891533,-0.345662720683
1407452530.0,732137229.0,6,Pelvis0,0,2.12837829629,0.64079841574,1.03647903215,-0.128479318213,-0.217036417865,-0.447889586621,0.857778046063,Head0,0,1.85924390961,1.1879172334,1.55336181703,-0.0139993857046,0.0127576404297,0.789196496927,0.613848636921,rElbow0,0,1.95299819875,1.35469383924,1.14156564671,0.775703884773,-0.393975047658,0.380926933511,-0.312988524225,Pelvis1,0,1.13143058892,1.07848963928,1.09243389858,0.0795191391336,0.0462744249594,0.913869677083,-0.395446073965,Head1,0,1.5049198947,1.42393223489,1.6240492874,-0.0504863413517,0.124458145821,0.267791568205,0.954069690994,rElbow1,0,1.47871841657,1.11887905938,1.15428109337,-0.405208250983,0.690039863589,-0.489040310953,-0.347117896768
1407452530.0,742210566.0,6,Pelvis0,0,2.12863001683,0.641259505851,1.0367882467,-0.128347404733,-0.216181105388,-0.447121657645,0.858414175463,Head0,0,1.85835009838,1.18882598956,1.55268140191,-0.0192366635536,0.0153727763734,0.78807376771,0.615088095454,rElbow0,0,1.95062872655,1.35646745275,1.14150286302,0.773699212249,-0.393761127338,0.382065378469,-0.316808696437,Pelvis1,0,1.13119433928,1.0780077737,1.09259596975,0.0762433996388,0.0463006737845,0.913608019719,-0.396690783764,Head1,0,1.505930582,1.42323301584,1.623131719,-0.0493814010346,0.124517232267,0.266366304041,0.954518689273,rElbow1,0,1.48121455397,1.11987205071,1.1534515441,-0.397625339379,0.697406082522,-0.483483843339,-0.348944435082
1407452530.0,751940471.0,6,Pelvis0,0,2.12911967574,0.64160368745,1.03714923897,-0.128969767106,-0.216502664164,-0.445719614023,0.858968812739,Head0,0,1.85751402597,1.18972891625,1.55196773864,-0.0151556769071,0.0126415072954,0.789228490367,0.613782443333,rElbow0,0,1.94832006158,1.35837025502,1.14198719685,0.772731408503,-0.393387388903,0.383101094141,-0.318380408055,Pelvis1,0,1.13108646596,1.07744623444,1.09251207966,0.077477368743,0.0478730883556,0.913270298516,-0.397042550102,Head1,0,1.5069478861,1.4227539988,1.62232591443,-0.0488618293173,0.122305197983,0.264834250059,0.955257441833,rElbow1,0,1.48361770255,1.12041284156,1.1525102987,-0.392195247011,0.701197677608,-0.480687587156,-0.351346194932
1407452530.0,762217738.0,6,Pelvis0,0,2.12968716822,0.642017086993,1.0374471391,-0.129021375484,-0.219520738826,-0.444741331309,0.858702089271,Head0,0,1.85662192689,1.19063922727,1.55119211436,-0.0147597526252,0.0105122489931,0.790610543507,0.612051150492,rElbow0,0,1.94583038855,1.35995806197,1.14167853275,0.770868551211,-0.391267151694,0.386167361163,-0.321786360699,Pelvis1,0,1.13081775286,1.07705953927,1.09254693914,0.0764378798733,0.0467477289005,0.913548459496,-0.396738090578,Head1,0,1.50801846448,1.42213921223,1.62150240314,-0.0486262257567,0.119309863569,0.267222598084,0.954983104404,rElbow1,0,1.48637768872,1.12069518743,1.15128812941,-0.383439880304,0.704883773197,-0.480037181635,-0.354509560836
1407452530.0,771983940.0,6,Pelvis0,0,2.13021988441,0.642523474796,1.03779228051,-0.127046119312,-0.218345311727,-0.445461105629,0.858923169897,Head0,0,1.85599323176,1.19142540834,1.5505685436,-0.0206157223895,0.0149066373386,0.790343045315,0.612136140802,rElbow0,0,1.94352515524,1.36182491266,1.141729851,0.769319239744,-0.390659220001,0.38772156269,-0.324353620318,Pelvis1,0,1.13066733203,1.07657960225,1.09252846575,0.0816176962753,0.0452174067765,0.912197630476,-0.398985489377,Head1,0,1.50916506396,1.42161309487,1.62072620028,-0.0480370728175,0.127981629182,0.264589090613,0.954623357852,rElbow1,0,1.48769017839,1.12188780603,1.14994641617,-0.388742454932,0.702048677322,-0.4812242468,-0.352746626767
1407452530.0,782131032.0,6,Pelvis0,0,2.1307799803,0.642922523744,1.03814774117,-0.126753356737,-0.216958522908,-0.443099444326,0.860537894767,Head0,0,1.85502741556,1.19224998396,1.54977869377,-0.0159649638847,0.014355306808,0.79051296278,0.612068869305,rElbow0,0,1.94190981463,1.36253199302,1.14262199086,0.773653580065,-0.386336661424,0.383519926085,-0.324216884799,Pelvis1,0,1.13040759385,1.0760350668,1.09274844327,0.083994842095,0.0448486174654,0.911640142538,-0.399807101646,Head1,0,1.51024455801,1.42121009448,1.62002527825,-0.0483369346512,0.127426072937,0.26415737962,0.954802081835,rElbow1,0,1.4898867096,1.12250929511,1.14852309175,-0.385900854647,0.699700154252,-0.485051229364,-0.355282323533
1407452530.0,792216395.0,6,Pelvis0,0,2.13129386443,0.64329002006,1.03859261865,-0.127645253324,-0.218430802464,-0.44052773781,0.86135357784,Head0,0,1.85426437713,1.19306302263,1.54907793443,-0.0139454299941,0.0120007026085,0.791310282073,0.611137910462,rElbow0,0,1.93985169957,1.36453813931,1.14179789496,0.76871032029,-0.38465942184,0.391534014791,-0.328363651964,Pelvis1,0,1.13038550817,1.07553045452,1.09283905628,0.0807916098839,0.0447862086527,0.911617236575,-0.400525810987,Head1,0,1.51131646606,1.4208130127,1.61919879892,-0.0490218676964,0.127559884039,0.266493206677,0.954099944066,rElbow1,0,1.49297453852,1.12305353533,1.14751250739,-0.380799476526,0.70122041783,-0.484928390126,-0.357947120041
1407452530.0,802120088.0,6,Pelvis0,0,2.13170002857,0.643667675519,1.03885387389,-0.127964785049,-0.219182351463,-0.43914299674,0.861822220071,Head0,0,1.85349078541,1.19378400597,1.54850795573,-0.0120570927866,0.00917519410012,0.793644932067,0.6081925387,rElbow0,0,1.93835408604,1.36520627626,1.14206068534,0.770633666562,-0.379917395957,0.390456861629,-0.330650817959,Pelvis1,0,1.13025587921,1.07490783865,1.09291856703,0.082407013405,0.0469762762646,0.912355208389,-0.398259070626,Head1,0,1.51234510389,1.42043358571,1.61836819248,-0.0481871284848,0.127569984624,0.263897394153,0.954862327789,rElbow1,0,1.49569481808,1.12391735838,1.14701853987,-0.379745351993,0.704315266707,-0.482596972573,-0.356137101109
1407452530.0,812031206.0,6,Pelvis0,0,2.13236125704,0.643889782791,1.03929709408,-0.129189613763,-0.221460135923,-0.436693929495,0.862301492423,Head0,0,1.85272476757,1.19446229058,1.54799231916,-0.0195169260712,0.0144794736662,0.792575460223,0.609289401098,rElbow0,0,1.93660467402,1.36700878427,1.14207405453,0.768506363888,-0.380828917025,0.391748939463,-0.333016625787,Pelvis1,0,1.1299283336,1.07441215351,1.09308891375,0.0834854046214,0.0458475693079,0.910498132154,-0.402394506608,Head1,0,1.51296245944,1.42001923586,1.61729838469,-0.0487094541584,0.128421538458,0.267804841416,0.953632982048,rElbow1,0,1.49855522166,1.1243314048,1.146737245,-0.37733589755,0.707745971734,-0.481606417055,-0.353225875278
1407452530.0,822103988.0,6,Pelvis0,0,2.13288690968,0.644154444581,1.03968606763,-0.130509202823,-0.223456392068,-0.434659605867,0.862615566664,Head0,0,1.85201587804,1.19499737898,1.54739076504,-0.0134540954425,0.0117380210546,0.792625869769,0.609446828485,rElbow0,0,1.93461229616,1.36849521437,1.14153131329,0.765130148431,-0.379108411615,0.397656237626,-0.335741246918,Pelvis1,0,1.12980554594,1.07383007502,1.09326775151,0.083496547984,0.0438709746152,0.909384922187,-0.405120633097,Head1,0,1.51437467459,1.41978602632,1.61654188339,-0.0471890074732,0.127557472682,0.26692314234,0.954072494531,rElbow1,0,1.50137933713,1.12466184734,1.14596069141,-0.375364774157,0.706571048032,-0.484391789671,-0.353868951032
1407452530.0,831966331.0,6,Pelvis0,0,2.13348789363,0.644491972199,1.04000802119,-0.13144067581,-0.226273391999,-0.43370601029,0.862219692105,Head0,0,1.85147977441,1.19557538061,1.54683146895,-0.0148653926942,0.0111099230435,0.793104205734,0.60880317719,rElbow0,0,1.93338365008,1.36948282829,1.14200420567,0.767554636591,-0.378037389773,0.393592970258,-0.336202595982,Pelvis1,0,1.12972884341,1.07329323236,1.09336441209,0.0830311782465,0.0436121356654,0.908753852051,-0.406657400578,Head1,0,1.51556776859,1.41959092676,1.61571354735,-0.0487201865703,0.132885687679,0.265079765937,0.953782184318,rElbow1,0,1.50395152872,1.12524962199,1.14502332518,-0.37497394911,0.704865936605,-0.487096959023,-0.35397048099
1407452530.0,842167420.0,6,Pelvis0,0,2.13393355843,0.645103457486,1.04019383042,-0.129249672783,-0.224671027113,-0.434485244668,0.862577546559,Head0,0,1.85069300979,1.1963398328,1.54616903587,-0.0111943773093,0.00844157870861,0.794618216245,0.606947539806,rElbow0,0,1.93172568905,1.37064811793,1.14174245691,0.765479861461,-0.37566235238,0.397246296264,-0.339284185906,Pelvis1,0,1.12954437853,1.07266227861,1.09360698927,0.0825183550984,0.0444129796699,0.909913174216,-0.404074527403,Head1,0,1.51642068801,1.41932588482,1.61461397704,-0.0474848800431,0.134105770216,0.266140244803,0.953378308259,rElbow1,0,1.50654415236,1.12527350051,1.14472571391,-0.375993262389,0.705539804667,-0.487641246868,-0.350782931485
1407452530.0,852132256.0,6,Pelvis0,0,2.13424385583,0.645777090201,1.04026994638,-0.127531383701,-0.22169286744,-0.433809322669,0.863942990169,Head0,0,1.85018933694,1.1967215406,1.54577188888,-0.0166042863337,0.0123287370831,0.795452941233,0.605662379715,rElbow0,0,1.93058466531,1.37150206413,1.14227735075,0.768070591672,-0.37391017994,0.394723020989,-0.338308262163,Pelvis1,0,1.12947007832,1.07199732361,1.09371564574,0.0846368061866,0.0462906702063,0.91064893572,-0.401761497362,Head1,0,1.51727837555,1.41910703106,1.61371820096,-0.0473375827776,0.131024637398,0.266440496788,0.953730129189,rElbow1,0,1.50931509318,1.12570525552,1.14405395858,-0.373339525593,0.705691069822,-0.49054835574,-0.349256386177
1407452530.0,862184683.0,6,Pelvis0,0,2.1348406679,0.645986870368,1.04061449306,-0.130194998233,-0.224279727243,-0.42834267192,0.865604079124,Head0,0,1.84968933722,1.19730909292,1.54539240785,-0.0139080979317,0.0117353822006,0.795578009131,0.605577804253,rElbow0,0,1.92897121431,1.37269822338,1.14185031701,0.765937890292,-0.373077776757,0.398501848655,-0.339629794518,Pelvis1,0,1.12929883418,1.07138953217,1.09386836642,0.0854060753455,0.0451801221103,0.908853808254,-0.405770026101,Head1,0,1.51840663517,1.41904540357,1.61277026861,-0.0453445443552,0.130524310236,0.267043219617,0.953727002654,rElbow1,0,1.51222515556,1.12589803341,1.14376105464,-0.372643769779,0.706615359403,-0.490494908989,-0.348204105312
1407452530.0,872081537.0,6,Pelvis0,0,2.13526309454,0.646406220187,1.04079369622,-0.127772102359,-0.221645200555,-0.429584666082,0.866028122867,Head0,0,1.84918096613,1.19780112716,1.544898587,-0.0146558731112,0.0112094472627,0.795431610618,0.605762417541,rElbow0,0,1.92767080674,1.37386594007,1.14159782464,0.764289814148,-0.374243631351,0.398517626414,-0.342032872427,Pelvis1,0,1.12911938241,1.07104836718,1.09410075544,0.0811113745417,0.0410960523858,0.907385226834,-0.410346328754,Head1,0,1.51945520888,1.41893976071,1.61181400761,-0.0457797700983,0.131326717969,0.265053792634,0.954150927688,rElbow1,0,1.51379129235,1.12660183482,1.14309321547,-0.376714869399,0.704509974457,-0.49459703856,-0.342235843406
1407452530.0,881923547.0,6,Pelvis0,0,2.13567851303,0.646670539003,1.04110569572,-0.128640079135,-0.224133342485,-0.427957250707,0.866064989706,Head0,0,1.84865189193,1.19828267851,1.54459741281,-0.0110967962958,0.00845609707771,0.797234230073,0.603508854893,rElbow0,0,1.92642381663,1.37456114268,1.14129397747,0.764475935135,-0.371554701158,0.399002964945,-0.343977154201,Pelvis1,0,1.12914053901,1.07050719669,1.0942298816,0.0798475795591,0.0411794918544,0.907129375225,-0.411150714572,Head1,0,1.52032147582,1.41875986309,1.61069242983,-0.0471410550481,0.136284703271,0.267751260304,0.952635010478,rElbow1,0,1.51642983253,1.12653263077,1.14221708743,-0.376752013545,0.701348436553,-0.498132124684,-0.343558840946
1407452530.0,892004000.0,6,Pelvis0,0,2.13601698049,0.646934906839,1.04142344094,-0.128661802046,-0.224360413291,-0.427896138892,0.866033163316,Head0,0,1.84827332649,1.19878848095,1.54421358077,-0.0162742886457,0.0118536292713,0.795468990395,0.605659743026,rElbow0,0,1.92521362884,1.37558421641,1.14116409042,0.7629369141,-0.373459583895,0.400729055836,-0.343324086119,Pelvis1,0,1.12911196501,1.06996065787,1.09435806556,0.0792707595346,0.0418777027611,0.907683668162,-0.409966783101,Head1,0,1.52107772388,1.41887788992,1.60977835306,-0.0450124814752,0.135150056537,0.265723144599,0.953467120122,rElbow1,0,1.5189531624,1.12659543968,1.14168601227,-0.373598350534,0.701703595415,-0.500636376454,-0.34263618494
1407452530.0,902115513.0,6,Pelvis0,0,2.13637460731,0.647174257378,1.04165173431,-0.129234355381,-0.225239404796,-0.425932905994,0.866687285881,Head0,0,1.84783345719,1.19929562933,1.54375568809,-0.011081772278,0.00756355556361,0.797679023663,0.602932966554,rElbow0,0,1.92408724755,1.37603739565,1.14073331503,0.764209748537,-0.369260069121,0.402932706255,-0.342455392458,Pelvis1,0,1.12911612322,1.06919614322,1.09444446359,0.0827608768063,0.0440354618979,0.907181255461,-0.410162998216,Head1,0,1.52185898093,1.41878677684,1.60874493529,-0.045331792747,0.138459697243,0.269721164485,0.951853157916,rElbow1,0,1.52126655666,1.12661114311,1.14134375422,-0.374858712211,0.701383063531,-0.501616233291,-0.340475988243
1407452530.0,912185348.0,6,Pelvis0,0,2.1367842801,0.647455231914,1.04183296301,-0.129019006618,-0.226000040152,-0.425136815745,0.866912201829,Head0,0,1.8476763413,1.19960236356,1.54339366128,-0.0109500839339,0.00817458737781,0.798558372218,0.6017622437,rElbow0,0,1.92287097182,1.37671805516,1.14039872035,0.763317958069,-0.370484290041,0.403621544231,-0.342310874433,Pelvis1,0,1.12928305815,1.06876845611,1.09450825982,0.0830470408362,0.0432670874471,0.906886144919,-0.410838980996,Head1,0,1.52280174236,1.41875217586,1.60775557424,-0.0463227546996,0.138482099328,0.26742699301,0.952449323572,rElbow1,0,1.52283755797,1.1273074149,1.14068513581,-0.379046602675,0.699386691661,-0.503991263651,-0.336414528061
1407452530.0,922007487.0,6,Pelvis0,0,2.13716243,0.647642941476,1.04209069098,-0.129076520383,-0.227563879234,-0.423675084084,0.867210099042,Head0,0,1.84750877392,1.20000283215,1.54286269685,-0.0118138034045,0.0111550903564,0.797118230696,0.603604609244,rElbow0,0,1.92172378417,1.37756304393,1.14028151838,0.764022652787,-0.371963508764,0.401596934073,-0.341514914344,Pelvis1,0,1.12927138842,1.06838583746,1.09457166666,0.0798645185162,0.0407552376778,0.905926636483,-0.413832814787,Head1,0,1.52364925657,1.4189765679,1.60675962839,-0.0467615033666,0.143507847631,0.268830001098,0.951288226554,rElbow1,0,1.52512905746,1.12719060006,1.1405525233,-0.380079195968,0.697611321201,-0.506706021123,-0.334854083866
1407452530.0,931911805.0,6,Pelvis0,0,2.13763438367,0.647844933073,1.04229406905,-0.131093778494,-0.231208549274,-0.419585673945,0.867931385654,Head0,0,1.84727322781,1.20053680329,1.54237794924,-0.0120101525178,0.0124037638485,0.795708710304,0.605433358204,rElbow0,0,1.92064231654,1.37816802897,1.13986423968,0.76306765706,-0.372530299,0.402167240208,-0.342360099863,Pelvis1,0,1.12930480998,1.06793381998,1.09465488286,0.0788491623451,0.0408850333218,0.905629178467,-0.414664942763,Head1,0,1.52444254151,1.41910963563,1.60579258819,-0.0453144312265,0.140552502473,0.269679762396,0.951558943064,rElbow1,0,1.52741530965,1.12761277447,1.13980405754,-0.379135453157,0.696730295163,-0.508906177944,-0.33442144969
1407452530.0,942185912.0,6,Pelvis0,0,2.13796001917,0.647920337288,1.0424556864,-0.131917653342,-0.232153531952,-0.418561674328,0.868048728542,Head0,0,1.8471507076,1.20104701603,1.54183214233,-0.00590561935925,0.00800937963227,0.797687179537,0.602989334151,rElbow0,0,1.91957903256,1.37871993929,1.13910486305,0.761882612168,-0.371291865902,0.40490383496,-0.343118230391,Pelvis1,0,1.12900875631,1.06642415147,1.09462684239,0.0951081657798,0.0479698872652,0.906407852825,-0.408751918717,Head1,0,1.52507031036,1.4191513978,1.60480850984,-0.0470371888327,0.140812957607,0.269344691774,0.951531739276,rElbow1,0,1.52926655267,1.12833577131,1.13889576998,-0.380610221384,0.693333576997,-0.513135331576,-0.33334147938
1407452530.0,951895026.0,6,Pelvis0,0,2.13826160508,0.647987536668,1.04256962512,-0.132193077505,-0.231501871666,-0.417272651306,0.868801132681,Head0,0,1.8471611661,1.20141334309,1.54147101246,-0.00759191273459,0.00839117633257,0.797056878317,0.60379821443,rElbow0,0,1.91893001873,1.37902809513,1.13878442698,0.763713582782,-0.369966448067,0.40330080473,-0.342366545799,Pelvis1,0,1.12952624997,1.06653047248,1.09473743306,0.0862010139033,0.0441945916206,0.905847976874,-0.412378062057,Head1,0,1.52596189961,1.41920852318,1.60388258374,-0.0479241678325,0.143828984756,0.271687978028,0.950369475455,rElbow1,0,1.53144917486,1.12875248043,1.13828592946,-0.381590459749,0.691005616321,-0.515776171414,-0.33297882852
1407452530.0,962190316.0,6,Pelvis0,0,2.1386097547,0.648056891481,1.04276299082,-0.132345040731,-0.232526481891,-0.417321812669,0.868480702194,Head0,0,1.84720283415,1.20191144042,1.5408550998,-0.010133425916,0.010004336963,0.796403889945,0.604597445415,rElbow0,0,1.91794091404,1.37964141043,1.13828059825,0.762279969826,-0.372121741477,0.40324196193,-0.343293718646,Pelvis1,0,1.12962925288,1.06616743728,1.09482894927,0.0849371966799,0.0436201668268,0.905917159525,-0.412549456119,Head1,0,1.5266153238,1.4195889935,1.60294050762,-0.0460962754236,0.145918702994,0.268902521378,0.950933383316,rElbow1,0,1.53314827281,1.1289982158,1.13797549244,-0.38322802542,0.689713717836,-0.516469499265,-0.332701854955
1407452530.0,972147482.0,6,Pelvis0,0,2.13890604679,0.648099079415,1.04292021203,-0.132697245549,-0.232767664554,-0.416237181622,0.868882767695,Head0,0,1.84724491975,1.20235841545,1.54028434324,-0.0101848779288,0.0102854608127,0.79690439563,0.603932000959,rElbow0,0,1.91703291679,1.37977932868,1.13789150283,0.763151315631,-0.370679661329,0.403759853412,-0.342307813087,Pelvis1,0,1.12925741774,1.06516458068,1.09501381123,0.095663218167,0.0460281189647,0.90527657131,-0.411344491142,Head1,0,1.52736602295,1.41976534457,1.60205988282,-0.0451417191422,0.146514115786,0.271184846415,0.950239242582,rElbow1,0,1.53457374278,1.12910000769,1.13794146484,-0.386092631107,0.687658187612,-0.518771111972,-0.330053375377
1407452530.0,981992643.0,6,Pelvis0,0,2.13912308991,0.648182162429,1.04304144562,-0.132853722111,-0.232481864039,-0.415724884697,0.869180586333,Head0,0,1.84739053471,1.20295740195,1.53970047262,-0.0101713351248,0.0135771573964,0.797499092977,0.603081587714,rElbow0,0,1.91638340824,1.37999668639,1.13750012967,0.764113170924,-0.370302842656,0.402410401902,-0.342158932635,Pelvis1,0,1.12937763483,1.06445570306,1.09523305399,0.096518055316,0.0465030465259,0.905897695653,-0.409720754505,Head1,0,1.52790007791,1.42003766357,1.60111874786,-0.0454065643179,0.145406949766,0.271919054885,0.95018687134,rElbow1,0,1.5360812395,1.12971884617,1.13733859586,-0.385854123179,0.687393161639,-0.519677001285,-0.329458724719
1407452530.0,991985510.0,6,Pelvis0,0,2.13929416196,0.648295216146,1.04318806059,-0.132208302363,-0.231522578077,-0.415547169352,0.86961992311,Head0,0,1.84758076569,1.20355006799,1.5391777694,-0.00764630574275,0.0120304014633,0.796786657449,0.604092564066,rElbow0,0,1.91564306365,1.38072264254,1.13732793663,0.763454551403,-0.373071346791,0.402346304299,-0.340693952931,Pelvis1,0,1.12966649926,1.06490216521,1.09540581743,0.0821385853414,0.0381313032017,0.903193378827,-0.41957237392,Head1,0,1.52853265495,1.42046136211,1.60014762509,-0.0470582955516,0.148993160599,0.273324580452,0.949147105898,rElbow1,0,1.53789862206,1.13027426729,1.13653524624,-0.384300520611,0.686368125384,-0.521169324517,-0.331050512003
1407452531.0,1980462.0,6,Pelvis0,0,2.13943184991,0.64836795205,1.04328543783,-0.13174946604,-0.231464876436,-0.416332000952,0.869329485384,Head0,0,1.84783302442,1.20389033267,1.53867213037,-0.0108575551731,0.0129520374005,0.795615623479,0.605565964944,rElbow0,0,1.91487895219,1.38082375926,1.13675426047,0.763237728921,-0.371734433861,0.403415094778,-0.341376538649,Pelvis1,0,1.12975349195,1.06446263123,1.09548991672,0.0832412139007,0.0390145131847,0.903733276969,-0.418108756388,Head1,0,1.52901701495,1.42094479211,1.59945981538,-0.0460940794245,0.151396571262,0.273556303229,0.94874725982,rElbow1,0,1.53892551971,1.13022765377,1.13640107049,-0.390819848778,0.683461702987,-0.520937734146,-0.329793607418
1407452531.0,12121280.0,6,Pelvis0,0,2.13963759082,0.648413284955,1.04348326453,-0.132058290607,-0.232416364762,-0.415091098963,0.869622113814,Head0,0,1.84798281958,1.20445363469,1.5383219821,-0.00854489725094,0.012479518044,0.795669067803,0.605542716001,rElbow0,0,1.91415667356,1.38089740701,1.13624622386,0.763587394786,-0.369089037885,0.404834916685,-0.341783941796,Pelvis1,0,1.12967796822,1.06301114846,1.09559806895,0.101526158058,0.0482673464853,0.906086307962,-0.407885161556,Head1,0,1.52962877321,1.42128641553,1.59862429801,-0.0460974787759,0.149803615449,0.276133682947,0.948253177369,rElbow1,0,1.54048360808,1.13062689296,1.13607833595,-0.388882485759,0.684829324987,-0.521006590501,-0.329137267051
1407452531.0,21945037.0,6,Pelvis0,0,2.13985742915,0.648442050246,1.04367081924,-0.132129774538,-0.23331327085,-0.414780664083,0.86951920107,Head0,0,1.84816849182,1.2050141412,1.53785102731,-0.00939227558157,0.0133654962943,0.796023415132,0.605045346425,rElbow0,0,1.91369189958,1.38122300928,1.13605240963,0.763567369086,-0.370076086748,0.403125924616,-0.342779888248,Pelvis1,0,1.12982018076,1.0624864847,1.0957543807,0.0999656336478,0.0458584838027,0.905310177848,-0.410264979541,Head1,0,1.53006214065,1.42161142178,1.59788697075,-0.0458745439361,0.147003729635,0.274154967078,0.949275768003,rElbow1,0,1.54120917308,1.13100368744,1.13492141194,-0.387620584804,0.681149371662,-0.526292143643,-0.329852080879
1407452531.0,31969456.0,6,Pelvis0,0,2.1400108301,0.648508312226,1.04385902008,-0.132046989867,-0.232355754376,-0.414527225659,0.869908946421,Head0,0,1.84837361774,1.20538013871,1.53727078238,-0.00547857720044,0.0123433572498,0.797722476414,0.602873516873,rElbow0,0,1.91321378795,1.38122249748,1.13568683711,0.764043452058,-0.369897411523,0.404084699486,-0.340777147058,Pelvis1,0,1.1301631179,1.06290438564,1.09587311756,0.0847155805514,0.0380843636257,0.902176114762,-0.421249462447,Head1,0,1.53041987879,1.42196351216,1.59723401359,-0.0452883021904,0.1489471443,0.276173340943,0.94841552267,rElbow1,0,1.54205469963,1.13169895327,1.13384049061,-0.386622528526,0.680366810331,-0.527813844585,-0.330206858348
1407452531.0,42228527.0,6,Pelvis0,0,2.14025510995,0.648535596703,1.04412046563,-0.131822791113,-0.23213472269,-0.414447773342,0.870039806812,Head0,0,1.84858088309,1.2056873594,1.53683551347,-0.0101008618918,0.0149028229981,0.796465363772,0.60441608414,rElbow0,0,1.91274037529,1.38121274238,1.1352357975,0.765395783749,-0.368522880995,0.403286956524,-0.340176147165,Pelvis1,0,1.13022790522,1.06179244873,1.09585604013,0.0993762951025,0.0458682185662,0.904084255631,-0.413100613915,Head1,0,1.53075915606,1.42251902783,1.59672433852,-0.0455391750173,0.150050478128,0.277115718984,0.947954595877,rElbow1,0,1.54339457642,1.13216361417,1.13307995786,-0.38454472459,0.681766141468,-0.527018368278,-0.331016499039
1407452531.0,52165491.0,6,Pelvis0,0,2.14054458568,0.648497462979,1.04443161995,-0.132011166738,-0.233898184956,-0.414188114571,0.869662518842,Head0,0,1.84868372326,1.20602810875,1.53652134518,-0.0133331925524,0.0185828965921,0.794728697162,0.606533758202,rElbow0,0,1.91156608812,1.38167037855,1.13435799589,0.763138033611,-0.369790323891,0.405976615928,-0.340673517217,Pelvis1,0,1.13018598145,1.06138859031,1.095920822,0.104000934689,0.0463901965635,0.903335787975,-0.413541061336,Head1,0,1.53116804809,1.4232159282,1.59639705903,-0.0457003527124,0.147580751546,0.278666450462,0.947879954911,rElbow1,0,1.5440189227,1.13228549499,1.13249533623,-0.384778705848,0.681177473602,-0.527676149551,-0.330908564678
1407452531.0,62093320.0,6,Pelvis0,0,2.14075168004,0.648520149986,1.04463787444,-0.132086272868,-0.233549013705,-0.412909987365,0.870352467137,Head0,0,1.84889787064,1.20624252665,1.53613994968,-0.00744872531256,0.0130662226382,0.797733494073,0.602822579829,rElbow0,0,1.91106700791,1.38167535388,1.13428656995,0.764282657257,-0.369954339468,0.403861688882,-0.340443156456,Pelvis1,0,1.13056318283,1.06087830732,1.09604384809,0.0971193867825,0.0442055823414,0.903110101333,-0.415939702446,Head1,0,1.53142032708,1.42348980597,1.59597459783,-0.0464401789086,0.150250456373,0.283454108331,0.946003107084,rElbow1,0,1.54435806873,1.13195671045,1.13230784007,-0.391808829846,0.678087502418,-0.526761757615,-0.330462147051
1407452531.0,72194427.0,6,Pelvis0,0,2.14086824052,0.64854992073,1.04478490574,-0.131535225673,-0.23266823308,-0.412704471214,0.870769198561,Head0,0,1.84919975856,1.20646028983,1.53572969938,-0.0119736456849,0.0159327331794,0.79576427001,0.605278453604,rElbow0,0,1.91075162205,1.38186039264,1.13401881906,0.764363917489,-0.371104032452,0.402905726799,-0.340141991015,Pelvis1,0,1.13072704982,1.06063395266,1.09620549696,0.0985528267038,0.0447023686684,0.903296955781,-0.4151429251,Head1,0,1.53165363022,1.42397661583,1.59547693032,-0.0463573143081,0.150285385983,0.283168618366,0.946087118474,rElbow1,0,1.54504854581,1.13220788923,1.13160762005,-0.391666478241,0.679291212573,-0.525180558008,-0.330675369257
1407452531.0,81928397.0,6,Pelvis0,0,2.14095331379,0.648542215576,1.04487900378,-0.131149546137,-0.231962050169,-0.413064132511,0.870845236688,Head0,0,1.84937218168,1.20669860304,1.53530309371,-0.010502811049,0.0172552663889,0.795682496926,0.605376998925,rElbow0,0,1.91019800159,1.38214245076,1.13332087982,0.762701086986,-0.371680875486,0.405474041933,-0.340192857107,Pelvis1,0,1.13106970323,1.06080065627,1.09621303669,0.086433056261,0.0385971222273,0.901941420257,-0.421356456419,Head1,0,1.53184730829,1.42433488906,1.59495622884,-0.0455916019479,0.149655253785,0.286152977195,0.94532596732,rElbow1,0,1.54581000606,1.13300382105,1.13022984176,-0.388464562072,0.68053299997,-0.525127961011,-0.331980036345
1407452531.0,91990231.0,6,Pelvis0,0,2.14108496004,0.648543665526,1.04484863759,-0.130417120109,-0.231601657189,-0.41409572765,0.870561184244,Head0,0,1.84957718831,1.20687195894,1.53496609197,-0.00896091704536,0.0181273220699,0.795504013873,0.605610820637,rElbow0,0,1.90982307156,1.38206680498,1.13303043442,0.763990265248,-0.37021229021,0.404006659115,-0.340646964135,Pelvis1,0,1.1313221005,1.06045554323,1.09633592696,0.0849758247328,0.0378949587672,0.901390785109,-0.422892106607,Head1,0,1.53193805529,1.42490029617,1.59457803858,-0.046446009395,0.150070894272,0.286699005336,0.945053001288,rElbow1,0,1.54658539493,1.13270685646,1.1296184337,-0.392567559469,0.679249529686,-0.522731307245,-0.333560741244
1407452531.0,102141289.0,6,Pelvis0,0,2.14129459706,0.648363451222,1.04491674839,-0.130766194346,-0.232632148863,-0.413503451701,0.870515583527,Head0,0,1.84983878479,1.20711225528,1.53466491589,-0.00691860432564,0.0163223534096,0.794663513945,0.60679124359,rElbow0,0,1.90931870361,1.38234570417,1.13247108028,0.762736841995,-0.370839485877,0.406032216549,-0.340365134381,Pelvis1,0,1.13152918293,1.06013047223,1.09643852407,0.0848352997511,0.0365199865917,0.90075235793,-0.424398930463,Head1,0,1.53199235126,1.4254697558,1.59420340418,-0.044314819104,0.149119047366,0.288369149584,0.944797830273,rElbow1,0,1.54700026665,1.13287274304,1.12859448518,-0.387948262446,0.681929196415,-0.523831866254,-0.33176632234
1407452531.0,112106290.0,6,Pelvis0,0,2.14143815066,0.648287815071,1.04485963033,-0.130703665614,-0.23272439601,-0.413570193452,0.870468610798,Head0,0,1.85006396771,1.20723905549,1.53434510876,-0.01034224236,0.0197306971155,0.794444704446,0.606927795699,rElbow0,0,1.90883670385,1.38250224863,1.13195425779,0.761289962267,-0.37204448345,0.406190889291,-0.342095684192,Pelvis1,0,1.13175666626,1.05977422423,1.09655968508,0.0844443809025,0.0365741782618,0.900559915412,-0.424880353477,Head1,0,1.53205305055,1.4258770373,1.59382168285,-0.0440737846262,0.146492208418,0.290743549334,0.944492309604,rElbow1,0,1.54745367435,1.13341035823,1.1271919748,-0.386321703082,0.681963111901,-0.523547975979,-0.334034987064
1407452531.0,121991580.0,6,Pelvis0,0,2.14155261739,0.648167381477,1.04478426025,-0.129864272826,-0.230975212582,-0.413517979666,0.8710847274,Head0,0,1.85034562513,1.20738530821,1.53404332698,-0.0102126993988,0.0206571513081,0.795337728511,0.605728388371,rElbow0,0,1.90864215896,1.38238027105,1.13177484947,0.762637244111,-0.371074294601,0.405947018228,-0.340434017355,Pelvis1,0,1.13199208016,1.05926174638,1.0965800767,0.0838741848574,0.0376923280815,0.90074489731,-0.424503285604,Head1,0,1.53212470158,1.42633762332,1.59337750908,-0.0456316518437,0.149263876363,0.295483258995,0.942511374582,rElbow1,0,1.54779939161,1.13343260808,1.12627460981,-0.386425503807,0.68184656682,-0.522594465978,-0.3356420913
1407452531.0,131935736.0,6,Pelvis0,0,2.14174480754,0.64799325426,1.04469873689,-0.1302552053,-0.231930943017,-0.412375292101,0.871314086669,Head0,0,1.85060907451,1.20737828819,1.53378740497,-0.00933818011095,0.0193405616726,0.79520926226,0.605954594241,rElbow0,0,1.90828310435,1.38272846505,1.13139877365,0.762158513664,-0.372996172964,0.406077529633,-0.339248131802,Pelvis1,0,1.132565198,1.05906451139,1.09648594553,0.0804537471983,0.0374538537036,0.902203070813,-0.422082956798,Head1,0,1.53214115604,1.42684556102,1.59311798899,-0.0453393474216,0.150609461563,0.295101440594,0.942431044386,rElbow1,0,1.54796722498,1.13301046099,1.12589424149,-0.389502010089,0.681247340556,-0.520730623708,-0.336199141365
1407452531.0,142055815.0,6,Pelvis0,0,2.14201264509,0.647748800637,1.04475573157,-0.131793501356,-0.235018387671,-0.411699944841,0.870574514832,Head0,0,1.85092801829,1.20738108977,1.53353653329,-0.00714611438749,0.0191113391339,0.795098640675,0.606136817362,rElbow0,0,1.90799862813,1.38251035461,1.13135215669,0.763315395536,-0.372816079758,0.403882157135,-0.339465728402,Pelvis1,0,1.13261187603,1.05852343371,1.09668172859,0.0822166457237,0.0357321196885,0.899770896752,-0.427054998971,Head1,0,1.53224943357,1.42707444599,1.59280400681,-0.0458943589259,0.146576514428,0.296916418719,0.942469985481,rElbow1,0,1.54788279004,1.13318672353,1.12518452089,-0.386177630572,0.68347135764,-0.520893508581,-0.335266600856
1407452531.0,151970284.0,6,Pelvis0,0,2.14226730307,0.647482356703,1.04478555665,-0.132316606619,-0.236534406748,-0.410662313706,0.870574668905,Head0,0,1.85122782125,1.20737858308,1.53331673796,-0.0076560790415,0.0206637706347,0.79373327462,0.607866664489,rElbow0,0,1.90793263503,1.38282001829,1.13134357637,0.764186200069,-0.374246566904,0.403190351878,-0.336743966445,Pelvis1,0,1.13291648755,1.05816768004,1.09670491674,0.0838992840689,0.0352259712976,0.898960995267,-0.428473068077,Head1,0,1.5322017251,1.42757183518,1.59252832756,-0.0449575634126,0.144538193675,0.297622358255,0.942607267067,rElbow1,0,1.54772734667,1.13315407101,1.12458099592,-0.385370247665,0.684014385317,-0.521092355399,-0.334778807631
1407452531.0,162219138.0,6,Pelvis0,0,2.14233308171,0.647375885713,1.0446817333,-0.131234971314,-0.233538044487,-0.412125670005,0.870855783815,Head0,0,1.85152245185,1.20736569826,1.53311991434,-0.00928262870066,0.0220403424873,0.793218615629,0.608467159284,rElbow0,0,1.90788599933,1.38291818056,1.13113363325,0.764002185667,-0.373956843461,0.404257318691,-0.336203747466,Pelvis1,0,1.1332336145,1.05792767721,1.09669764476,0.0855894185658,0.0365801938254,0.899075619877,-0.427784257065,Head1,0,1.53219530654,1.4276787545,1.59215713762,-0.0451750863989,0.147008790149,0.300367978048,0.941343032561,rElbow1,0,1.54782379276,1.13313397606,1.12385894986,-0.38146254851,0.684834579013,-0.521557918865,-0.336846049021
