1407452842.0,34993140.0,6,Pelvis0,0,1.11288028849,1.12566391116,0.991663763638,0.154226941614,0.028322772079,0.942191281503,-0.296120685061,Head0,0,1.5766640992,1.45984506867,1.53353619788,-0.127165017481,0.0998051065032,0.193413703124,0.967708188706,rElbow0,0,1.52314949904,1.10542110714,1.04073256216,-0.308982265559,0.774750984358,-0.419268118314,-0.358476103487,Pelvis1,0,1.94487236056,0.722769202386,1.12990848677,-0.101123925399,-0.12738344094,-0.549083549582,0.819789403606,Head1,0,1.77169948684,1.24195951682,1.62448068748,-0.114286464891,0.0722444043538,0.730218825427,0.669701289363,rElbow1,0,2.09845989525,1.24993881446,1.24754112985,0.627550939202,-0.404079991849,0.619763556794,-0.242471261317
1407452842.0,45166257.0,6,Pelvis0,0,1.11208801776,1.12569504377,0.991592907828,0.156648860013,0.0277459164809,0.942076360041,-0.295268404385,Head0,0,1.57740749964,1.45904970211,1.53316781772,-0.122665578087,0.0886190796536,0.196966643372,0.968660908715,rElbow0,0,1.52751857971,1.10632371967,1.0391598445,-0.299171511587,0.772217785962,-0.432146659205,-0.356966892914,Pelvis1,0,1.94485826684,0.722800323053,1.12993232942,-0.100417261103,-0.12749915988,-0.54938740729,0.819654692303,Head1,0,1.77138609766,1.24150680779,1.6243108971,-0.117005877613,0.0764802505686,0.730708413846,0.668225717712,rElbow1,0,2.09910593943,1.24749695293,1.24766360898,0.628826798295,-0.405234186489,0.617053422707,-0.244145828088
1407452842.0,55004440.0,6,Pelvis0,0,1.11154753798,1.12569142684,0.991147756711,0.165134186338,0.0280543456313,0.940435275236,-0.295846492772,Head0,0,1.57820589687,1.45793129577,1.53254789151,-0.119653645001,0.0884076769312,0.196249467995,0.969202370101,rElbow0,0,1.53223485381,1.10712877289,1.0387540935,-0.298934501358,0.771756736377,-0.43126927993,-0.359216525154,Pelvis1,0,1.94480050137,0.722828826553,1.12993250721,-0.0995971033631,-0.127178376486,-0.549409080701,0.819790058246,Head1,0,1.77117178172,1.24095793217,1.62417927265,-0.117741670076,0.0799147425374,0.731826157262,0.666469060497,rElbow1,0,2.10054828323,1.24547363985,1.24797782937,0.628145847166,-0.4091549527,0.616583100844,-0.24052089124
1407452842.0,64922252.0,6,Pelvis0,0,1.11112841757,1.12576988346,0.990938782324,0.161355332111,0.0257637608554,0.941223494771,-0.295633249681,Head0,0,1.57878131571,1.45635450123,1.53197057084,-0.125110080544,0.0897004667767,0.199834012677,0.967660922733,rElbow0,0,1.53714525741,1.10864553678,1.03744213612,-0.299812519565,0.770159199175,-0.435376128511,-0.356952220557,Pelvis1,0,1.94463894128,0.722906126748,1.12989644315,-0.0986533673128,-0.126038105929,-0.549754670987,0.819848590107,Head1,0,1.77098689236,1.24039021125,1.62423451328,-0.116470239974,0.0808476601705,0.733302245056,0.664955755251,rElbow1,0,2.10146557392,1.2426048118,1.24806952418,0.62933059271,-0.409452547243,0.614479206606,-0.242295111971
1407452842.0,75044237.0,6,Pelvis0,0,1.11053228373,1.12581266152,0.990693737237,0.160092168439,0.0261765915805,0.94217247211,-0.293251285515,Head0,0,1.57944062004,1.45518776796,1.53147844212,-0.123251699259,0.0910852293304,0.200185046331,0.967697497596,rElbow0,0,1.54152412493,1.10939430765,1.03745272198,-0.304155058224,0.769163720435,-0.437068307745,-0.353338599771,Pelvis1,0,1.94441341472,0.723003188367,1.12982715641,-0.0980497240618,-0.124000364041,-0.549788050542,0.820209278666,Head1,0,1.77082286754,1.239625265,1.62435994781,-0.114638573004,0.0827940261765,0.733274483066,0.665065169208,rElbow1,0,2.10311545382,1.24049466811,1.24830329355,0.627878809437,-0.414629823664,0.614249556535,-0.237797797056
1407452842.0,84923850.0,6,Pelvis0,0,1.10975025744,1.12567839904,0.99041839084,0.163357496817,0.0288944295485,0.942130947046,-0.291322362328,Head0,0,1.58007114224,1.45404507405,1.53101634458,-0.120497996232,0.0908208526436,0.198790111602,0.968356492805,rElbow0,0,1.54613445676,1.11097307807,1.03667039515,-0.303954240498,0.767608587082,-0.440775967512,-0.352285996295,Pelvis1,0,1.94419797042,0.723103680075,1.12973825108,-0.0973613086585,-0.123034262905,-0.550517712451,0.819947311725,Head1,0,1.77088084824,1.23869425955,1.62461875964,-0.116149773832,0.0864272814161,0.732725763591,0.664945494334,rElbow1,0,2.1041247056,1.23701585115,1.24880892013,0.630980432119,-0.414567379439,0.610879648965,-0.238377089227
1407452842.0,94992723.0,6,Pelvis0,0,1.10899169577,1.1257808194,0.99059602007,0.158235053725,0.0271715533948,0.944092318162,-0.287946295768,Head0,0,1.58072085559,1.45280491408,1.53044546635,-0.121516027101,0.0878813491669,0.201602282547,0.967919027242,rElbow0,0,1.55085212283,1.11229420722,1.03608901334,-0.29615927126,0.767631821877,-0.446902090551,-0.351154657594,Pelvis1,0,1.94407042721,0.72317812255,1.1296284172,-0.0973431726119,-0.12350045821,-0.551090705043,0.819494343106,Head1,0,1.77084153118,1.23791072803,1.62507425275,-0.113283771892,0.0882761729646,0.732422150638,0.665531289698,rElbow1,0,2.10548192659,1.23356332229,1.24934152658,0.632910363065,-0.416252237768,0.60785008793,-0.238068934308
1407452842.0,104908862.0,6,Pelvis0,0,1.10847173884,1.12594437865,0.990421295575,0.157455976395,0.0250638502399,0.943242802316,-0.291328740064,Head0,0,1.58137749693,1.45162467013,1.52989138177,-0.123517022055,0.0939146904002,0.201044378051,0.967214936942,rElbow0,0,1.55450822406,1.11304784141,1.03626707926,-0.300966559131,0.765984806158,-0.448584690741,-0.348508511018,Pelvis1,0,1.94380277131,0.723304494876,1.12945162198,-0.096785906081,-0.122694355496,-0.551603349203,0.819336517349,Head1,0,1.77073476688,1.23695486477,1.62568204865,-0.111632994879,0.0881216917257,0.734147383001,0.66392790417,rElbow1,0,2.1065078508,1.22961927464,1.24963306916,0.634602771318,-0.414510121382,0.606536334784,-0.239946570083
1407452842.0,114846994.0,6,Pelvis0,0,1.1079147357,1.12599552707,0.990421033032,0.15529520061,0.0233245282457,0.943179077827,-0.292835438768,Head0,0,1.58206985357,1.45082336939,1.52951380033,-0.118229063914,0.0923095190957,0.198669609678,0.968520122311,rElbow0,0,1.55890292155,1.11478799458,1.03584877306,-0.299778101979,0.764161571914,-0.454038262807,-0.346467079953,Pelvis1,0,1.94362373021,0.723426318867,1.12924972751,-0.0956616480251,-0.122871301165,-0.552154352914,0.819070853471,Head1,0,1.77079070274,1.2361643826,1.62643189486,-0.112154309441,0.0889751822973,0.736240342787,0.661403799099,rElbow1,0,2.10791996171,1.22650804763,1.25006403747,0.634610126896,-0.417655654414,0.605560713809,-0.23691762929
1407452842.0,124910778.0,6,Pelvis0,0,1.10737561261,1.12595370704,0.990377920703,0.154841889479,0.0238943166828,0.943365834776,-0.292427687934,Head0,0,1.58289335076,1.44957251422,1.52897973373,-0.118935706267,0.0944223127594,0.196988818109,0.968573244607,rElbow0,0,1.56291544527,1.1162103777,1.0353838974,-0.300364734984,0.761813619168,-0.457264670099,-0.346886230783,Pelvis1,0,1.94318604339,0.72381512145,1.12891959236,-0.0938298149943,-0.120274284885,-0.553791878566,0.818562531177,Head1,0,1.77080036141,1.23527477459,1.62726756893,-0.107670815235,0.0869580910754,0.736752503054,0.66184668556,rElbow1,0,2.10875496753,1.22217578847,1.25081681364,0.637070443856,-0.415563830868,0.603187045518,-0.240027790391
1407452842.0,134962696.0,6,Pelvis0,0,1.10677106748,1.12601487272,0.990226522994,0.155575670641,0.024692442114,0.943898780799,-0.29024401047,Head0,0,1.58332043102,1.44879096087,1.52848370323,-0.119693867583,0.098203962758,0.195191574855,0.968467660207,rElbow0,0,1.56698998594,1.1174472919,1.03529021521,-0.298693425639,0.761243086131,-0.460518737951,-0.345273360244,Pelvis1,0,1.94285275705,0.72406291536,1.12861091213,-0.0926975395476,-0.119105941764,-0.554629664727,0.818295103128,Head1,0,1.77102543638,1.23384087362,1.62840409004,-0.106881883967,0.0905186566413,0.736885400862,0.661349031659,rElbow1,0,2.10973367111,1.21847823077,1.25143032444,0.640000059891,-0.413366141128,0.601335972447,-0.240672817222
1407452842.0,145084996.0,6,Pelvis0,0,1.10640324342,1.12607678317,0.989953221729,0.158557462275,0.0248173942123,0.943739344592,-0.289136088322,Head0,0,1.58403210829,1.44798918498,1.52800789695,-0.118591387825,0.0889489677632,0.198997725496,0.968722906261,rElbow0,0,1.57073890851,1.11844894991,1.03536174864,-0.298309880696,0.759901316124,-0.464475313867,-0.343254843579,Pelvis1,0,1.94245173367,0.724311631957,1.12823182081,-0.0912950197694,-0.117433450998,-0.556016735976,0.817753014832,Head1,0,1.77122374331,1.23237606152,1.6293720468,-0.109723671093,0.0915406063787,0.735878482798,0.661863952743,rElbow1,0,2.11086778683,1.21454084433,1.25202933784,0.64214264476,-0.411338865414,0.599896783132,-0.242026881086
1407452842.0,154824075.0,6,Pelvis0,0,1.1059136455,1.12612480995,0.989905466096,0.161675035925,0.0250018253114,0.943086082006,-0.289525013456,Head0,0,1.58451775714,1.44688896355,1.5276015338,-0.116198362348,0.0933494202518,0.196559761783,0.969096530989,rElbow0,0,1.57432194011,1.11981199223,1.03498314933,-0.29662409108,0.756662707745,-0.471480330055,-0.342318555836,Pelvis1,0,1.94214492129,0.724450225735,1.1279408892,-0.0908391947256,-0.118572412026,-0.557093475599,0.816906165513,Head1,0,1.77113969082,1.23117894066,1.63059418785,-0.107107285957,0.0892971241923,0.738440511833,0.659742118854,rElbow1,0,2.11190649819,1.21044953295,1.2527857911,0.645112036853,-0.409153938994,0.598023757655,-0.242468759624
1407452842.0,164977687.0,6,Pelvis0,0,1.1054791182,1.1262199492,0.989838100541,0.160279464547,0.0246020924277,0.943340637007,-0.289505911621,Head0,0,1.5852118075,1.44599175824,1.52720821034,-0.116336232354,0.0981639918426,0.197344825603,0.968444490694,rElbow0,0,1.57777681442,1.12075751839,1.0352241189,-0.299045292899,0.754461934149,-0.473272311738,-0.34259658734,Pelvis1,0,1.94169442726,0.724629029001,1.12765906756,-0.0895061048357,-0.120099109852,-0.558363834318,0.815962431448,Head1,0,1.77117800195,1.22980375646,1.6316603325,-0.105836430547,0.0904615662996,0.737806139714,0.660497884321,rElbow1,0,2.11279804395,1.20656444968,1.25323908963,0.647634924204,-0.407762818679,0.59590654302,-0.24329792568
1407452842.0,175012244.0,6,Pelvis0,0,1.10509622668,1.12621010033,0.989848575538,0.160441369195,0.0248352757803,0.94363863453,-0.288423132827,Head0,0,1.5855796189,1.44527867181,1.52688245802,-0.118317303038,0.10094086193,0.19900696694,0.967578516351,rElbow0,0,1.58068927475,1.12147722442,1.03567069009,-0.301595233718,0.752657899253,-0.476750055075,-0.339493426559,Pelvis1,0,1.94124786958,0.724663916582,1.12740240317,-0.0889617034244,-0.121524518441,-0.559425908964,0.815082976832,Head1,0,1.77130679519,1.2282532795,1.63284206591,-0.103199302507,0.0923120585558,0.738609276682,0.659761111469,rElbow1,0,2.11333155892,1.20227638598,1.25353438727,0.648976902285,-0.405305791196,0.594999721041,-0.246031558715
1407452842.0,184899493.0,6,Pelvis0,0,1.10459657772,1.12620976596,0.989836599501,0.161699246929,0.0261568804929,0.943325626801,-0.288627671865,Head0,0,1.58595674726,1.44439323879,1.52658251448,-0.118258130977,0.105401362518,0.196216901294,0.96767995478,rElbow0,0,1.58363097468,1.12267292495,1.03535990944,-0.304440177188,0.748910499167,-0.481664177776,-0.338302915445,Pelvis1,0,1.94058690397,0.72479855572,1.12715489749,-0.088760800362,-0.121198480656,-0.56084312449,0.814178996486,Head1,0,1.77146554987,1.22674932836,1.63403558898,-0.105763740604,0.0917216870873,0.738301625448,0.659781685978,rElbow1,0,2.1141500672,1.19826071607,1.25380357013,0.652859782659,-0.402810710225,0.592877961874,-0.244976240153
1407452842.0,195023379.0,6,Pelvis0,0,1.10431675046,1.12626434364,0.989752720545,0.165074103797,0.0257686493091,0.942132577282,-0.290641916787,Head0,0,1.58669364341,1.44345749988,1.52629603906,-0.118758559943,0.10953958939,0.19289475249,0.967826997587,rElbow0,0,1.58689635337,1.12348550679,1.03535537426,-0.302071712889,0.746934218158,-0.485864284506,-0.338788800079,Pelvis1,0,1.93997101821,0.724830470679,1.12690198151,-0.0881304966724,-0.121478174444,-0.562796487354,0.812856803202,Head1,0,1.77147859028,1.22523986514,1.63535359484,-0.104751031826,0.0926497008292,0.739811615371,0.658120071134,rElbow1,0,2.11484001731,1.19447198468,1.25405232345,0.65385297984,-0.402927506572,0.591355824416,-0.245812925071
1407452842.0,205026102.0,6,Pelvis0,0,1.10397983297,1.12627154427,0.98971297891,0.166104224342,0.024597724695,0.941862923003,-0.291030192364,Head0,0,1.58713730814,1.44296607172,1.52601097192,-0.116519275792,0.107037633758,0.19551748406,0.967852838377,rElbow0,0,1.58913937555,1.12429533804,1.03549875263,-0.304225487716,0.743249186319,-0.490921983224,-0.337673075693,Pelvis1,0,1.9391613293,0.724791726678,1.12658542361,-0.0869972097039,-0.120254472911,-0.564524352209,0.811962193092,Head1,0,1.77152233823,1.22376137107,1.63661434497,-0.098390570962,0.0900317130556,0.738756001637,0.660646014319,rElbow1,0,2.11540418702,1.19025650438,1.25471200771,0.658087045379,-0.398129304487,0.589696440413,-0.24631809876
1407452842.0,215101944.0,6,Pelvis0,0,1.10358678022,1.12621682432,0.989651909735,0.168119622462,0.0245837995433,0.941655815609,-0.290543893884,Head0,0,1.58742687469,1.44259788099,1.5258405027,-0.114130553774,0.103767790864,0.197147319321,0.968162897843,rElbow0,0,1.59180900374,1.1247512852,1.03576685656,-0.305250857522,0.740776761115,-0.494176672087,-0.337433135508,Pelvis1,0,1.93821392415,0.724883186364,1.12629156323,-0.0856554393785,-0.118911658727,-0.565929739238,0.811324037219,Head1,0,1.77163949192,1.22195178221,1.63778540882,-0.0993234248767,0.0930893146722,0.741353518975,0.65716375179,rElbow1,0,2.11587174082,1.18687332618,1.25468916465,0.659204373406,-0.396517227298,0.589323710319,-0.246822298411
1407452842.0,225029086.0,6,Pelvis0,0,1.1032619607,1.12628429566,0.989655676972,0.165804078315,0.0236600087303,0.942228671882,-0.290093677083,Head0,0,1.58771551494,1.44223562391,1.52564663006,-0.114350287428,0.109684709389,0.195478753839,0.967822986444,rElbow0,0,1.59435471691,1.12525787092,1.03598281058,-0.309297014459,0.738058050687,-0.497899138397,-0.334218668907,Pelvis1,0,1.93737562002,0.724870514314,1.12601410459,-0.0850594824756,-0.1168502518,-0.566925193303,0.81099120112,Head1,0,1.77171959239,1.2201991559,1.63906224449,-0.102087108335,0.0943690365403,0.742303877399,0.655482769303,rElbow1,0,2.11612607686,1.1831364184,1.25516279956,0.663729388206,-0.391122983353,0.587179696696,-0.248407155516
1407452842.0,234922842.0,6,Pelvis0,0,1.10300589214,1.12632718003,0.989579123143,0.164400236107,0.0236136578906,0.942544592823,-0.289870053762,Head0,0,1.58790839673,1.4417462465,1.52539701948,-0.115036662614,0.111829103951,0.196664234967,0.967255910527,rElbow0,0,1.59636470408,1.12600057981,1.03616442634,-0.312049350415,0.735927661309,-0.502354819369,-0.329659393437,Pelvis1,0,1.93648604621,0.724799092281,1.12565465003,-0.0844063214552,-0.115923096113,-0.570482339585,0.808694818153,Head1,0,1.77177101388,1.21868862327,1.64036270822,-0.098921995102,0.0942749127149,0.742073564293,0.656241956061,rElbow1,0,2.1163746269,1.17983580744,1.2554708201,0.666938260915,-0.387917581037,0.585591707381,-0.248587326097
1407452842.0,245143510.0,6,Pelvis0,0,1.10275573002,1.12636987465,0.989516552238,0.163695234831,0.0236267107908,0.942576691129,-0.290163453886,Head0,0,1.58824496796,1.44153522634,1.52536195425,-0.116082210346,0.116022459052,0.195869260781,0.966798294433,rElbow0,0,1.59861377797,1.12661419629,1.03623374391,-0.315067436639,0.730895522254,-0.507370153608,-0.330302547895,Pelvis1,0,1.93556445358,0.72462209836,1.12538088953,-0.0844385630219,-0.115731332011,-0.570688916199,0.808573156117,Head1,0,1.77182163693,1.21709462669,1.64163715943,-0.0944923180978,0.0931029041418,0.742358383976,0.65673973597,rElbow1,0,2.11641195293,1.17653664747,1.25531394372,0.670016054833,-0.383080975981,0.584725770272,-0.24984640419
1407452842.0,255067630.0,6,Pelvis0,0,1.10252516936,1.12629082387,0.989510028276,0.163848407319,0.0245989634865,0.94294059544,-0.288810705974,Head0,0,1.58862050016,1.44130592345,1.52536008211,-0.11616018849,0.114236893808,0.199451270025,0.966269079288,rElbow0,0,1.60042869549,1.12702477304,1.03654688439,-0.320832749715,0.727864016488,-0.510016999937,-0.327357572064,Pelvis1,0,1.9346477049,0.72445341538,1.12516184509,-0.083104041836,-0.114566582071,-0.573134311053,0.807146379535,Head1,0,1.77201501178,1.21543765923,1.64292665931,-0.0956475212609,0.097181969589,0.74349868926,0.654688411027,rElbow1,0,2.11633036249,1.17353607025,1.25540702577,0.673446390851,-0.378940071428,0.583253967196,-0.250378095421
1407452842.0,264987667.0,6,Pelvis0,0,1.10234800482,1.12626809983,0.989600893054,0.162685262362,0.0246865015798,0.943169924902,-0.28871192357,Head0,0,1.58880856683,1.44127329846,1.52527975295,-0.115434938226,0.113770381751,0.201084628328,0.966072485647,rElbow0,0,1.60278515879,1.12682667152,1.03648623769,-0.3148177063,0.726744994951,-0.515855015738,-0.326535031583,Pelvis1,0,1.93375947892,0.724345303625,1.12494987109,-0.0828541198941,-0.114702346424,-0.575636084859,0.805370513708,Head1,0,1.77218084926,1.21387425436,1.64425134907,-0.096333847809,0.0948977648271,0.745469310057,0.652678873383,rElbow1,0,2.11596569761,1.17096969779,1.25498713582,0.676326849526,-0.374739656731,0.582587417164,-0.250487691605
1407452842.0,274980681.0,6,Pelvis0,0,1.10212038911,1.12621155588,0.989801100122,0.158640143928,0.0243602420187,0.944402058619,-0.286957549161,Head0,0,1.58897884399,1.44127720453,1.52517401138,-0.114468840706,0.113293181625,0.203075524927,0.965827039733,rElbow0,0,1.60329977224,1.12810872486,1.03643391169,-0.330550618272,0.718833484024,-0.521416433522,-0.319592887686,Pelvis1,0,1.93301403433,0.723899323337,1.12473805474,-0.0831608066059,-0.114029470556,-0.577055023788,0.80441846051,Head1,0,1.77258183571,1.21252702095,1.64528024246,-0.0879094483616,0.0921737309845,0.744735563118,0.655091499893,rElbow1,0,2.11531081842,1.16871397153,1.25447933684,0.679416631846,-0.371848511416,0.580433450494,-0.251433359913
1407452842.0,284952668.0,6,Pelvis0,0,1.10200311544,1.12616480343,0.989834560237,0.159648795414,0.0247153598682,0.944098510918,-0.287366342481,Head0,0,1.58909413167,1.44134461565,1.5250942408,-0.113623434546,0.113142623408,0.204961840964,0.965546014253,rElbow0,0,1.60438856879,1.12822343904,1.036875008,-0.33338088792,0.717638705049,-0.523482626852,-0.315939570122,Pelvis1,0,1.93196484759,0.723605520713,1.1244311579,-0.0826322288682,-0.112202020257,-0.577696378806,0.804269553892,Head1,0,1.77284963272,1.21105812586,1.64652476382,-0.0911357915384,0.0957160051733,0.746782878157,0.651803687275,rElbow1,0,2.11426778297,1.16645094077,1.25424524799,0.686830787567,-0.364419371214,0.576074297282,-0.252191187685
1407452842.0,294962664.0,6,Pelvis0,0,1.10192940637,1.12611263234,0.989815224449,0.16044193585,0.024891760621,0.943817200271,-0.287833073059,Head0,0,1.58915520698,1.44155449974,1.52494929449,-0.111564867291,0.112436045416,0.206456881451,0.965550087866,rElbow0,0,1.6062412009,1.12848441151,1.03660914404,-0.331646936228,0.715217372791,-0.526680206667,-0.31793455184,Pelvis1,0,1.9313013379,0.723297781432,1.12424668559,-0.0800837895541,-0.113058729984,-0.580591809892,0.802320048679,Head1,0,1.77311419658,1.20980541828,1.64774708655,-0.0900636618407,0.0956953297247,0.746327229366,0.652477284962,rElbow1,0,2.11342286355,1.16561047892,1.25361812006,0.686408277938,-0.365389612786,0.576065048562,-0.25195866064
1407452842.0,304939719.0,6,Pelvis0,0,1.10189119343,1.12608879768,0.989809454484,0.160111991458,0.0247467240729,0.943875387618,-0.287838500704,Head0,0,1.58924531371,1.44183424822,1.52480671292,-0.109283365024,0.112099682515,0.208762366086,0.965354381466,rElbow0,0,1.60747941386,1.12860650972,1.03656403926,-0.332717509981,0.713784107709,-0.528362783713,-0.317244503374,Pelvis1,0,1.93060726261,0.722925684801,1.1240449414,-0.0788930571196,-0.110507503536,-0.583362043315,0.800782557015,Head1,0,1.7734685338,1.20843767615,1.64856023547,-0.0862159619731,0.0926964590754,0.746784013288,0.652907200047,rElbow1,0,2.11171569532,1.16391931665,1.25288450715,0.694110891261,-0.355201628257,0.57227339951,-0.254057139497
1407452842.0,315107387.0,6,Pelvis0,0,1.10184520152,1.126067056,0.989785126719,0.160307981533,0.0249185236968,0.943670112872,-0.28838712923,Head0,0,1.58920641323,1.44201540244,1.52462948678,-0.107656130341,0.111752983182,0.211983076626,0.964875434227,rElbow0,0,1.60880866155,1.12877783759,1.03641900444,-0.331414408352,0.712856364396,-0.530015103707,-0.317937546569,Pelvis1,0,1.92977865381,0.722459273206,1.12372518951,-0.0794446464739,-0.110077993929,-0.582969893844,0.801072709728,Head1,0,1.77382772103,1.20732323268,1.64957167552,-0.0853284378346,0.0937758312775,0.747208823296,0.652383419129,rElbow1,0,2.10998182059,1.16343140808,1.25180886664,0.696763242939,-0.348725020038,0.572092068798,-0.256168906205
1407452842.0,324951610.0,6,Pelvis0,0,1.10180590879,1.12604161768,0.989770370591,0.159904283557,0.0246715697064,0.943753300257,-0.288360264258,Head0,0,1.58918503348,1.44233985884,1.52452518807,-0.104760186432,0.110249799811,0.214867838546,0.964729027727,rElbow0,0,1.60987712769,1.12921964665,1.03605462153,-0.334199290579,0.710699776063,-0.531727558903,-0.316989693183,Pelvis1,0,1.92930009616,0.721691218607,1.12364944079,-0.0800214434714,-0.112437683004,-0.584655010278,0.79945785066,Head1,0,1.77413594438,1.20654507007,1.6504721643,-0.082195572142,0.0924493638204,0.748571455274,0.651412142502,rElbow1,0,2.10797851203,1.16340984182,1.25095650024,0.700004953339,-0.342481539334,0.570974399102,-0.258239609833
1407452842.0,334844576.0,6,Pelvis0,0,1.10190472719,1.12604858782,0.989591054356,0.163579978546,0.0247388321811,0.942336140266,-0.29091610397,Head0,0,1.5890934467,1.44282432986,1.52442173325,-0.102938481965,0.109660428034,0.215916794045,0.964758103103,rElbow0,0,1.61040555251,1.12974683096,1.03568085091,-0.3357157338,0.707951017353,-0.535262352065,-0.31558599077,Pelvis1,0,1.92894490338,0.720812349319,1.1235038799,-0.0791025850099,-0.112441964738,-0.58500437635,0.799293103474,Head1,0,1.77438943593,1.20579550664,1.65117715545,-0.077983141993,0.0913185271252,0.749580134244,0.650929472767,rElbow1,0,2.10571448864,1.1639547223,1.24982736316,0.70250731011,-0.335134532573,0.570131442573,-0.262903903564
1407452842.0,345073456.0,6,Pelvis0,0,1.10176872877,1.12600100811,0.989730530045,0.160334164236,0.0244437169434,0.943410624435,-0.289260875653,Head0,0,1.5890492197,1.44333850538,1.52432014738,-0.101171736747,0.10371302253,0.222394529822,0.964130987857,rElbow0,0,1.61096802559,1.13003971884,1.03541171251,-0.336016915366,0.706580699963,-0.537187462376,-0.31506503661,Pelvis1,0,1.92854703546,0.720331332059,1.12316475875,-0.0780927037851,-0.11060573859,-0.584772488181,0.799818127622,Head1,0,1.7748052427,1.20493495348,1.65167110974,-0.0781616845451,0.0926693142233,0.747342211158,0.653286130797,rElbow1,0,2.10330487081,1.16475819487,1.24937324338,0.706624368816,-0.327305722495,0.568319675741,-0.265642074198
1407452842.0,354845978.0,6,Pelvis0,0,1.10187539961,1.12599724899,0.989569674656,0.1633330926,0.0242810023568,0.942148927704,-0.291698700396,Head0,0,1.58886753459,1.44370408933,1.52425986834,-0.101704198295,0.102372871616,0.226335022863,0.963300840149,rElbow0,0,1.61145299519,1.13041664422,1.03494860733,-0.336451813396,0.705097242438,-0.538972580134,-0.314875552929,Pelvis1,0,1.92818998399,0.719653842752,1.12312133113,-0.0796722688469,-0.111828419925,-0.586647691871,0.798117296954,Head1,0,1.7752123729,1.20414623588,1.65220673985,-0.0761479570682,0.0955808078832,0.748615444964,0.651644621983,rElbow1,0,2.10052972216,1.16588455501,1.2482507605,0.708734787323,-0.318241229452,0.568195455586,-0.271240567332
1407452842.0,364903608.0,6,Pelvis0,0,1.10187770302,1.12596833041,0.989558077472,0.163385720134,0.0244369622585,0.941993247535,-0.292158626316,Head0,0,1.58869443111,1.44409919764,1.52421576427,-0.101340616603,0.102489282761,0.228688925033,0.962770690202,rElbow0,0,1.61192427862,1.13063650107,1.03453363156,-0.335262523591,0.704054780759,-0.540813958803,-0.315319152495,Pelvis1,0,1.92779445411,0.718871239197,1.12313656839,-0.0789224903606,-0.110018257447,-0.58734048951,0.797933814878,Head1,0,1.77568152891,1.20380409915,1.65262381613,-0.076568224138,0.0954942066264,0.749573300896,0.650505980093,rElbow1,0,2.09714787417,1.16726352303,1.24688836733,0.712018782793,-0.308021241192,0.567024671325,-0.276830616141
1407452842.0,374868337.0,6,Pelvis0,0,1.10188066878,1.12594209501,0.989599073046,0.162966737279,0.0240074657072,0.941889469944,-0.292762208182,Head0,0,1.58858831246,1.44454335451,1.52425310115,-0.100026274654,0.100662801005,0.231103956637,0.962524132736,rElbow0,0,1.61274414689,1.13054055745,1.03431875662,-0.331056236041,0.705434738945,-0.53988878886,-0.318250991093,Pelvis1,0,1.92759294339,0.717965901825,1.1231585977,-0.078518168291,-0.109040333895,-0.584899386489,0.79989862515,Head1,0,1.77603478829,1.20344101746,1.65290939872,-0.0755304299415,0.0959137354444,0.749257063604,0.650929767445,rElbow1,0,2.09366868885,1.16884292935,1.24556227198,0.716480842391,-0.297446695651,0.564230995089,-0.282531502516
1407452842.0,384853636.0,6,Pelvis0,0,1.10193084919,1.1258903492,0.989607474411,0.163344133517,0.0240089463947,0.941739456589,-0.293034230837,Head0,0,1.58836376881,1.44512485423,1.52434395724,-0.096752052106,0.0990931971857,0.232947391448,0.962577317155,rElbow0,0,1.61284772744,1.13088074236,1.03414452153,-0.332572949304,0.705030162581,-0.54006857367,-0.31725957665,Pelvis1,0,1.92733776512,0.717397676474,1.12322469687,-0.0792534929242,-0.110193992258,-0.588163445303,0.797270298919,Head1,0,1.77636971675,1.20320400674,1.65309638036,-0.0739226279471,0.0945022804252,0.748496545752,0.652194514749,rElbow1,0,2.08966328289,1.17095594128,1.24380288279,0.719492859521,-0.288756802009,0.562541823962,-0.287221570717
1407452842.0,395061277.0,6,Pelvis0,0,1.10196658638,1.12583724004,0.989633334986,0.163653927799,0.0240690814589,0.941536768255,-0.293507385354,Head0,0,1.58823902359,1.44562906446,1.52441991617,-0.0941964635143,0.0988663174134,0.23511321256,0.962327519518,rElbow0,0,1.6130845716,1.13098336151,1.03402863363,-0.332521844636,0.705291624043,-0.539974068043,-0.316892653333,Pelvis1,0,1.92732775704,0.716371659484,1.12343267341,-0.0809436384656,-0.115063822111,-0.586601648754,0.797563132242,Head1,0,1.77668978432,1.20296491575,1.65300439502,-0.0732551554292,0.0954403823857,0.748278356964,0.652383565176,rElbow1,0,2.08542372689,1.17297503479,1.24197575254,0.723660115555,-0.278337966549,0.559485475881,-0.292950534748
1407452842.0,405053188.0,6,Pelvis0,0,1.10201100095,1.12581230047,0.989636850882,0.164031793005,0.0240529336968,0.941503353898,-0.29340494519,Head0,0,1.58810062628,1.44616611455,1.52454795772,-0.0943522086047,0.0985966829063,0.239531401126,0.961249740039,rElbow0,0,1.61324886971,1.13107960957,1.03384618879,-0.333308071572,0.704995407026,-0.539940910317,-0.316782289378,Pelvis1,0,1.92719207206,0.715276223051,1.12362346123,-0.0803418180452,-0.112725292459,-0.585517419268,0.798753749567,Head1,0,1.77698406198,1.20274679503,1.65283642741,-0.0714250216554,0.0959050427846,0.748039494701,0.652792159433,rElbow1,0,2.08077214453,1.17529374855,1.24011162839,0.727624788057,-0.26896899921,0.556162335971,-0.298163212548
1407452842.0,415127420.0,6,Pelvis0,0,1.10207943522,1.12578080572,0.989666730954,0.163444050634,0.0239118497366,0.941538751259,-0.293630798167,Head0,0,1.58786382461,1.44658367182,1.52459903097,-0.0934026469921,0.100155418114,0.240859878382,0.960849289297,rElbow0,0,1.61326161172,1.13118515923,1.03363533978,-0.334391552955,0.704776738523,-0.539897997287,-0.316199605749,Pelvis1,0,1.92701460503,0.714396918626,1.12368826119,-0.0803956395797,-0.11340244188,-0.586350436901,0.798041096973,Head1,0,1.77717409072,1.20263297204,1.65257994545,-0.0697759798999,0.09596245719,0.748830512121,0.652054739693,rElbow1,0,2.07590371724,1.17836958043,1.2375479774,0.728359994864,-0.262046420089,0.557142925969,-0.300691123319
1407452842.0,424940099.0,6,Pelvis0,0,1.10217650992,1.12575132458,0.989646908476,0.164208542941,0.0239327363982,0.941295552963,-0.293982075177,Head0,0,1.58754989122,1.44710454262,1.52468902693,-0.0931472633718,0.102904475696,0.241707556148,0.960370612581,rElbow0,0,1.61339350997,1.13097446382,1.03361022663,-0.333216430132,0.705639166583,-0.539057737556,-0.316949416872,Pelvis1,0,1.92684803153,0.713473093969,1.12372913296,-0.0782824022686,-0.112422570921,-0.586758959739,0.79808956528,Head1,0,1.77724194765,1.20264846555,1.65223570697,-0.067378709601,0.0953162813149,0.7491504188,0.6520341755,rElbow1,0,2.07036100955,1.18088547887,1.23511469622,0.731476435617,-0.250022294221,0.554925393866,-0.307390441902
1407452842.0,435068755.0,6,Pelvis0,0,1.10220108913,1.12574859593,0.989772462567,0.162868309813,0.0233564295006,0.941423569762,-0.294363810881,Head0,0,1.58724750654,1.44768237759,1.52469992865,-0.09181956771,0.103886503759,0.242760726638,0.960127070197,rElbow0,0,1.61333909126,1.13088765367,1.03351474152,-0.333229329948,0.705651158708,-0.539074677668,-0.316880336678,Pelvis1,0,1.92682762702,0.712468713536,1.1238310324,-0.0784513591234,-0.111474350583,-0.584991143799,0.799502479728,Head1,0,1.77717588861,1.20276557992,1.65175071866,-0.0664296024635,0.0947278239425,0.74773349034,0.653841245802,rElbow1,0,2.06488465939,1.18461947328,1.23254751389,0.731420544348,-0.246960872791,0.554714220223,-0.310365024605
1407452842.0,445161835.0,6,Pelvis0,0,1.10230477382,1.1257085918,0.989813633443,0.161581607911,0.0231711754607,0.94185641401,-0.293702189303,Head0,0,1.58684278172,1.4481814738,1.52468614777,-0.0932741587014,0.105134777364,0.245482695701,0.959158410284,rElbow0,0,1.61334638804,1.13083624245,1.03321472058,-0.333137256953,0.704855089177,-0.540100811677,-0.317001552862,Pelvis1,0,1.92683724807,0.71151841023,1.12379713141,-0.0804060942088,-0.114336569402,-0.586606561854,0.797718465689,Head1,0,1.77715365269,1.20287709036,1.65118705343,-0.0658750021232,0.093684819718,0.748320955093,0.653375379716,rElbow1,0,2.05920291503,1.18762320092,1.23073824339,0.734759299259,-0.238765868353,0.553748148685,-0.310616516125
1407452842.0,454981944.0,6,Pelvis0,0,1.1025204468,1.12568685281,0.98966737158,0.164302071624,0.0229223697609,0.941015379965,-0.294905830552,Head0,0,1.58660655569,1.44861955868,1.52471655381,-0.0946210800319,0.105019416879,0.250084402923,0.957849447829,rElbow0,0,1.61309062302,1.13093248553,1.03310954179,-0.335686232433,0.704552631274,-0.539772565677,-0.315540679569,Pelvis1,0,1.92672191512,0.710484223741,1.12380452586,-0.0789657354099,-0.111728628745,-0.584329726415,0.799899929352,Head1,0,1.77699859492,1.20310208063,1.6507342807,-0.0673770810905,0.093832915129,0.747127383078,0.654565799929,rElbow1,0,2.05315765963,1.19028665396,1.22829852124,0.737862820584,-0.230823111318,0.548021381691,-0.319298785607
1407452842.0,464986556.0,6,Pelvis0,0,1.10268579646,1.12566942652,0.989625769821,0.164959229909,0.0228311343543,0.940852220519,-0.295066587257,Head0,0,1.58637201808,1.44911651112,1.52474112679,-0.0940739520628,0.105123098468,0.251966726285,0.957398555752,rElbow0,0,1.61285947222,1.13079965248,1.033028945,-0.336836697144,0.705065600483,-0.53842791456,-0.315466193586,Pelvis1,0,1.92683162037,0.709408196282,1.12390519854,-0.079800626335,-0.11299479712,-0.583384034663,0.800329372172,Head1,0,1.77679318676,1.20330857332,1.65007797349,-0.0658939247581,0.0940283311104,0.747471371136,0.654295967404,rElbow1,0,2.04689519412,1.19416997156,1.22587688182,0.737623243849,-0.22481153779,0.552865452508,-0.315771300204
1407452842.0,475076965.0,6,Pelvis0,0,1.10284517862,1.12563644557,0.98960141129,0.164892464854,0.0227494114466,0.940834397726,-0.29516702961,Head0,0,1.58600955846,1.44981975681,1.5249137177,-0.0906233060195,0.10449081184,0.252717198974,0.9576027903,rElbow0,0,1.6130902495,1.13013505281,1.03344316461,-0.331620531332,0.710450871207,-0.533330399464,-0.317562699018,Pelvis1,0,1.9270155959,0.708475286169,1.12390416677,-0.0793426950296,-0.113933964886,-0.584449983671,0.799463573265,Head1,0,1.77646683637,1.20355871299,1.6495388949,-0.0682723371997,0.09756061593,0.748199737489,0.652700518625,rElbow1,0,2.04067484429,1.19714965356,1.22346825207,0.738877703371,-0.218900474457,0.551042074608,-0.320148330864
1407452842.0,484858775.0,6,Pelvis0,0,1.1029813888,1.12570252476,0.989629230219,0.162623568607,0.021757512657,0.940947596769,-0.296138153084,Head0,0,1.58546699963,1.45061504521,1.52495243203,-0.0860189365116,0.100120938496,0.2559628975,0.957632254751,rElbow0,0,1.61277281304,1.12958917622,1.03318959112,-0.326629227206,0.710747462537,-0.534911083975,-0.31940808486,Pelvis1,0,1.92729294545,0.707295749997,1.12397205721,-0.0780942526808,-0.110687829374,-0.582633492697,0.801366149344,Head1,0,1.77591759294,1.20401088991,1.64875001822,-0.0654724043037,0.0971863086787,0.74924706109,0.651841259148,rElbow1,0,2.03440008073,1.2004879116,1.22083797006,0.738910229025,-0.213028698348,0.552204611407,-0.322025642244
1407452842.0,494941722.0,6,Pelvis0,0,1.10314931861,1.12562413152,0.989518139759,0.165031901452,0.022672435285,0.94054416664,-0.296018754103,Head0,0,1.58494509717,1.45129997892,1.52507892023,-0.0867754638274,0.100766993153,0.258095328696,0.956923629802,rElbow0,0,1.61155658083,1.12964934166,1.03315184173,-0.332562891082,0.71105716833,-0.53204854215,-0.317370407628,Pelvis1,0,1.92750941777,0.706525877704,1.12376479641,-0.0782747572138,-0.111511670062,-0.582646347873,0.801224964123,Head1,0,1.77523260043,1.20450034492,1.64760274972,-0.061992213819,0.0915562367717,0.747009764164,0.655553836979,rElbow1,0,2.02799868183,1.2035420028,1.21842522716,0.739608386934,-0.206823589849,0.552743301238,-0.323540228713
1407452842.0,504921720.0,6,Pelvis0,0,1.10330683231,1.12564513905,0.989578403791,0.16467340914,0.0224434796587,0.940446492167,-0.296545702908,Head0,0,1.58474573179,1.45191848058,1.52528954917,-0.0867195746015,0.101328788787,0.259232097045,0.95656202716,rElbow0,0,1.61067765776,1.12911129656,1.03324920259,-0.330244342512,0.714392828328,-0.529422250625,-0.316691713841,Pelvis1,0,1.9277471345,0.705517245354,1.12394327635,-0.0786852145941,-0.110075132857,-0.582802728616,0.801269668494,Head1,0,1.77455851296,1.20485869987,1.64690793514,-0.0631577000051,0.0934252480976,0.746696491106,0.655535794689,rElbow1,0,2.02196137434,1.20554925125,1.21616630657,0.744430453409,-0.192432474296,0.553157513171,-0.320639686402
1407452842.0,514825006.0,6,Pelvis0,0,1.10343387272,1.12553898473,0.989592437999,0.16621016861,0.0231104442845,0.940444744922,-0.295641284268,Head0,0,1.58452101996,1.4525717009,1.52549322174,-0.0881541124012,0.102265952124,0.26195061718,0.955590080349,rElbow0,0,1.60973277062,1.12797055596,1.03312181375,-0.320846232286,0.717433166729,-0.528948902846,-0.320250534243,Pelvis1,0,1.92802579167,0.704352725543,1.12403572352,-0.0788259465287,-0.110034848131,-0.581226331845,0.802405604119,Head1,0,1.77369203483,1.20512682428,1.64550739157,-0.066224326473,0.0965060268301,0.74745594797,0.6539193614,rElbow1,0,2.01545672203,1.20875549467,1.21285466143,0.741051296942,-0.192234874876,0.555039034183,-0.325300474508
1407452842.0,524861582.0,6,Pelvis0,0,1.1036256827,1.12554480053,0.989627539673,0.167018841613,0.0228108619643,0.940178383598,-0.296055701074,Head0,0,1.58409442242,1.45295742974,1.52557932636,-0.0886272808501,0.10329525471,0.264417807214,0.9547557377,rElbow0,0,1.60820306546,1.12765275039,1.03276350398,-0.326094657388,0.71803143093,-0.522715100707,-0.323824122192,Pelvis1,0,1.92831311606,0.703726235317,1.12407595364,-0.0781167154904,-0.110542460478,-0.58002830856,0.80327162558,Head1,0,1.77290469045,1.20546423288,1.64417331071,-0.0678957156101,0.0966091353025,0.749307396204,0.65160975497,rElbow1,0,2.00971953228,1.21137306332,1.20999328602,0.741930978416,-0.188428063641,0.554254116305,-0.326857251196
1407452842.0,534917558.0,6,Pelvis0,0,1.10399171396,1.12557987284,0.989615507168,0.16563788194,0.0225573132019,0.940116475184,-0.297045910216,Head0,0,1.58363677358,1.45355762072,1.52570656198,-0.0858220473971,0.103031362122,0.263198713247,0.955377177844,rElbow0,0,1.6071908819,1.12614963219,1.03296321954,-0.31357957398,0.724908740024,-0.520463305734,-0.324489008757,Pelvis1,0,1.92872909055,0.702788090712,1.1243823956,-0.078446953421,-0.112162314579,-0.578285966772,0.804270496364,Head1,0,1.77179272476,1.20583810048,1.64302255785,-0.0669338907077,0.0960823669243,0.749997805051,0.650992569435,rElbow1,0,2.00357572782,1.21385325361,1.20746761697,0.742749943081,-0.18768856759,0.553800069686,-0.326191671361
1407452842.0,544888660.0,6,Pelvis0,0,1.10429400851,1.12546854546,0.989626331114,0.167065781526,0.0235878172065,0.93983148368,-0.297068042385,Head0,0,1.58336385134,1.45436204716,1.52593838044,-0.0828344168574,0.101258666555,0.26306863565,0.955866117596,rElbow0,0,1.60515396244,1.1244783593,1.03307090595,-0.312017315414,0.729052227145,-0.513155296348,-0.328328626237,Pelvis1,0,1.92927278125,0.701893939205,1.12455777135,-0.0778783701165,-0.112179152198,-0.575289019219,0.80646967807,Head1,0,1.77076493436,1.2062910267,1.64185116779,-0.0676695567919,0.0974747882689,0.749750884382,0.650993938608,rElbow1,0,1.99803413455,1.21568679916,1.20460093732,0.744209910809,-0.180926307358,0.555513481166,-0.323762339073
1407452842.0,554996834.0,6,Pelvis0,0,1.10470645879,1.12541403472,0.989611113422,0.166708696526,0.0239706552373,0.939821645589,-0.297269057712,Head0,0,1.58329987027,1.45525256535,1.52630900662,-0.0800426871602,0.0986831325815,0.264612412071,0.955947215569,rElbow0,0,1.60290829866,1.1229542036,1.03307581447,-0.309004687316,0.732632190696,-0.510155488581,-0.327883445515,Pelvis1,0,1.92977071258,0.701283687198,1.12470345936,-0.0774401432102,-0.11243632835,-0.576118483232,0.805883732039,Head1,0,1.76974775157,1.2067941922,1.64048540937,-0.0693262685858,0.0984419889972,0.749499297816,0.650963782294,rElbow1,0,1.9927976591,1.21751746023,1.20197534008,0.745251815621,-0.180012337634,0.553821826077,-0.324771726869
1407452842.0,565006417.0,6,Pelvis0,0,1.10533665926,1.12540407485,0.989425108236,0.168713618784,0.0238067377188,0.938111963909,-0.301520973147,Head0,0,1.58282829123,1.45581244734,1.52656413495,-0.0840100642462,0.102950162339,0.267530961733,0.954343102712,rElbow0,0,1.60047838961,1.12067397949,1.0335923282,-0.308261762189,0.738438404816,-0.502824165819,-0.32688111988,Pelvis1,0,1.93033649563,0.700533495517,1.12493335663,-0.0790621592782,-0.114493145881,-0.573901731873,0.807017531823,Head1,0,1.76869278385,1.20713531646,1.63918264974,-0.0687290844248,0.0968040994728,0.748931009627,0.651926086377,rElbow1,0,1.98770981091,1.2193058158,1.19910129596,0.744457120774,-0.178733555058,0.556310101123,-0.323043314455
1407452842.0,575123357.0,6,Pelvis0,0,1.10593122866,1.12532004629,0.98927300892,0.169455289725,0.0238586962111,0.937655063498,-0.30252049401,Head0,0,1.58223707421,1.45649524519,1.52686899698,-0.0855426474836,0.111849031336,0.264625535986,0.954015500584,rElbow0,0,1.59790690117,1.1185854694,1.03336117726,-0.304300313698,0.74214205616,-0.497798329822,-0.329883783155,Pelvis1,0,1.93115270886,0.699748347758,1.12519981391,-0.0794716805464,-0.115747897822,-0.5700213354,0.809544534495,Head1,0,1.76737381154,1.20778976422,1.63808267797,-0.06713008873,0.0957358392835,0.748992028011,0.652180298874,rElbow1,0,1.98320599464,1.22057184939,1.19643000601,0.746508625817,-0.16959925063,0.55849953704,-0.319435804024
1407452842.0,584886096.0,6,Pelvis0,0,1.10663491225,1.12515779085,0.989325100427,0.168125060479,0.0244229033192,0.938233671824,-0.301421735925,Head0,0,1.58185241965,1.45700100443,1.52715398928,-0.0872108035602,0.106867684814,0.268854520842,0.953252757828,rElbow0,0,1.59474609728,1.11586320748,1.03382701551,-0.302033096906,0.747241669484,-0.492241928023,-0.328791392915,Pelvis1,0,1.93165902666,0.699339462297,1.12533572991,-0.0790535251223,-0.114602724692,-0.56869066168,0.810683469042,Head1,0,1.76619577901,1.2079237029,1.63676322245,-0.0707795737094,0.100572053096,0.752174590687,0.647386205604,rElbow1,0,1.9789386757,1.22192619648,1.19389593873,0.745927499525,-0.170133569255,0.558658470532,-0.320230303639
1407452842.0,594991361.0,6,Pelvis0,0,1.10710480539,1.12456523894,0.989629063981,0.163416378137,0.0277879506217,0.939128798564,-0.300931914002,Head0,0,1.58154629524,1.4579618951,1.52747132654,-0.0840932104342,0.102690885172,0.266965931728,0.954521925027,rElbow0,0,1.5907817948,1.11289451625,1.03434278589,-0.301770904369,0.751774491013,-0.486794444067,-0.326803618652,Pelvis1,0,1.93228921022,0.698744215722,1.12564025433,-0.0786163936338,-0.11537150465,-0.568727424243,0.810591139528,Head1,0,1.76497313685,1.2082948826,1.6355580048,-0.0707914370499,0.098195643884,0.751799978714,0.648184371895,rElbow1,0,1.97460096385,1.22324844732,1.19165108002,0.748149852783,-0.167772387477,0.558839895111,-0.315946507203
1407452842.0,605037667.0,6,Pelvis0,0,1.10759783925,1.1239872977,0.989889053981,0.164617699071,0.0305361877028,0.939174836011,-0.299865272743,Head0,0,1.58118715174,1.458962655,1.52782714476,-0.0835538024595,0.10054370488,0.270110904608,0.953912902059,rElbow0,0,1.58655907412,1.10982935271,1.0349737576,-0.303259108281,0.755464753309,-0.480885091307,-0.325663090802,Pelvis1,0,1.93307148211,0.697942473789,1.12581021117,-0.079039957409,-0.11630355296,-0.565771674854,0.81248297252,Head1,0,1.76326519018,1.20875252978,1.63414965336,-0.0710420358512,0.0989609231511,0.750932544117,0.649045513826,rElbow1,0,1.9702837088,1.22428713173,1.18897160066,0.746677687744,-0.167395023841,0.562387287718,-0.313323914234
1407452842.0,615028738.0,6,Pelvis0,0,1.10871293545,1.12409039992,0.98966354116,0.169172680767,0.028594030483,0.937829324276,-0.301726936202,Head0,0,1.58065351908,1.45998665337,1.5282511119,-0.0808201047426,0.101970840385,0.267539607684,0.9547212246,rElbow0,0,1.58266574289,1.10632586097,1.03582263807,-0.301212295229,0.760083783511,-0.474377776465,-0.326357963657,Pelvis1,0,1.93371759147,0.697344971723,1.12589217491,-0.0778908970637,-0.116297149923,-0.562185549561,0.815079989289,Head1,0,1.76174414249,1.20896527203,1.63285130256,-0.0725328607006,0.100562797111,0.750022524791,0.649686324515,rElbow1,0,1.96661017028,1.22511789701,1.18616417792,0.746032041519,-0.168186970731,0.562393719617,-0.314424299378
1407452842.0,624950146.0,6,Pelvis0,0,1.10937126948,1.12338008461,0.989716999297,0.167535687391,0.0304469780185,0.937874418318,-0.302318293268,Head0,0,1.58011938118,1.46079222644,1.52869659157,-0.0822428771041,0.102118137572,0.268573848549,0.954293499412,rElbow0,0,1.57818773591,1.10292251946,1.03664020121,-0.300300361523,0.763042272794,-0.470077069922,-0.326517581659,Pelvis1,0,1.93394241788,0.697464467199,1.12577982367,-0.0755028946683,-0.11478437206,-0.567534857085,0.811805424237,Head1,0,1.76002297309,1.20944724336,1.63140566946,-0.0709708329052,0.0998391312503,0.751729275797,0.64799566716,rElbow1,0,1.96327269681,1.22534776099,1.18349967154,0.746257814183,-0.166906014287,0.560923341373,-0.317185532881
1407452842.0,634936880.0,6,Pelvis0,0,1.1105770058,1.12318901312,0.989577062223,0.168505639218,0.0307906968499,0.936546122079,-0.305841697218,Head0,0,1.57968788586,1.46165778168,1.52900742377,-0.0836227741575,0.0988279230333,0.272321108385,0.953457648351,rElbow0,0,1.5729160303,1.09916782489,1.03773972104,-0.296912289314,0.765060990753,-0.469353956172,-0.325931951041,Pelvis1,0,1.93501321003,0.696302626515,1.12598050933,-0.0778819792343,-0.120302025512,-0.560862045295,0.815411298742,Head1,0,1.75846303699,1.20990570749,1.6301775305,-0.0704477500221,0.0979931955913,0.753064328588,0.646783244328,rElbow1,0,1.95965207599,1.22614894524,1.18132297677,0.746726622738,-0.166508940208,0.56345029761,-0.31176575477
1407452842.0,644962023.0,6,Pelvis0,0,1.11218526583,1.12328633703,0.989187628076,0.165087264322,0.0273655461939,0.934325299146,-0.314695976167,Head0,0,1.57901082422,1.46285238588,1.52941659437,-0.0826018858038,0.0984418043484,0.271552749688,0.953805663516,rElbow0,0,1.56753115234,1.09554086515,1.03930637671,-0.304097119483,0.767516420563,-0.461464516302,-0.324798377894,Pelvis1,0,1.9356488249,0.695540878197,1.12625986899,-0.0769971927317,-0.118272388885,-0.558146611012,0.817652392496,Head1,0,1.75689451449,1.20997071918,1.62869365124,-0.073546670494,0.100283828002,0.754234392938,0.644720498829,rElbow1,0,1.95644868436,1.22666348455,1.17907877653,0.746478059211,-0.166836755645,0.565936769042,-0.307654965066
1407452842.0,654910460.0,6,Pelvis0,0,1.11322074962,1.12309035838,0.989229862406,0.165291683582,0.0248081991609,0.934605807841,-0.313966871727,Head0,0,1.57844319783,1.46372904139,1.5299448003,-0.083550984968,0.0986526075771,0.271252558098,0.953786635288,rElbow0,0,1.5617563216,1.09157802864,1.04110979073,-0.308176942205,0.768999671623,-0.456700849994,-0.324177128977,Pelvis1,0,1.93614436528,0.695039799998,1.1263692368,-0.0754477153437,-0.116632695684,-0.555020462074,0.820156535807,Head1,0,1.75538938926,1.21035336334,1.6273666276,-0.075218704428,0.0998092272873,0.75711543415,0.641214850127,rElbow1,0,1.95386813429,1.22657976701,1.17680481852,0.749212032793,-0.162716374186,0.562313175607,-0.309852552075
1407452842.0,664987996.0,6,Pelvis0,0,1.11399629887,1.12249627305,0.989474508593,0.168224165141,0.0279484711793,0.934322055469,-0.312988513983,Head0,0,1.57785315083,1.46482089411,1.53039356768,-0.0843971056378,0.0976964657312,0.273752335206,0.953096106441,rElbow0,0,1.55595948438,1.08819631986,1.04250889092,-0.312836479671,0.769044233462,-0.455253253851,-0.321634542336,Pelvis1,0,1.93678497266,0.694543905073,1.12649903086,-0.0756155612598,-0.118918534636,-0.553938020981,0.820544537442,Head1,0,1.75385631379,1.21065321251,1.6257519355,-0.074338470746,0.100721454585,0.75406794592,0.644756165763,rElbow1,0,1.95088614046,1.22673060359,1.17424453096,0.749092576112,-0.163105075043,0.563052310632,-0.308592194329
1407452842.0,674932174.0,6,Pelvis0,0,1.11499469433,1.12175144925,0.989712198692,0.162073060913,0.0318081908422,0.93570455624,-0.311733131626,Head0,0,1.5771193718,1.46597761286,1.53089078533,-0.0847189268448,0.0950034851554,0.275996482148,0.952692491355,rElbow0,0,1.55073011733,1.08405782214,1.04467470767,-0.316081096152,0.768391751589,-0.45172593589,-0.324977746299,Pelvis1,0,1.93736546925,0.694080468186,1.1265447608,-0.0768098237107,-0.120888690415,-0.552228376518,0.821297750928,Head1,0,1.7524035968,1.21189673123,1.62439591627,-0.0643905609867,0.084526876419,0.756165506532,0.645695585822,rElbow1,0,1.94814709462,1.22708233447,1.17261253049,0.749712644695,-0.163208653264,0.565685435487,-0.302148761311
1407452842.0,684886848.0,6,Pelvis0,0,1.11607685562,1.1215293572,0.989839325483,0.155541134384,0.0294034117925,0.935623354668,-0.315517563836,Head0,0,1.57645900149,1.46686490869,1.53136662388,-0.0857676857341,0.095145662762,0.27501283377,0.952868903996,rElbow0,0,1.54437918509,1.07996868481,1.04725905197,-0.322863506288,0.765618712787,-0.453324189814,-0.322621018949,Pelvis1,0,1.93797529051,0.693451700319,1.12683357319,-0.0778852164948,-0.121176933627,-0.549748020323,0.82281660044,Head1,0,1.75106411695,1.21199115325,1.62302407519,-0.0743794033594,0.0931731002514,0.759781548078,0.639154501624,rElbow1,0,1.94555826964,1.22767775128,1.17004379682,0.748779049916,-0.165694369337,0.56792753951,-0.298887303584
1407452842.0,694929198.0,6,Pelvis0,0,1.11744545255,1.12141467658,0.989388609032,0.164096681932,0.0270964058568,0.932920330551,-0.319370819916,Head0,0,1.57595157532,1.46807504232,1.53192018163,-0.0855718073042,0.0975963162936,0.275093773676,0.952615263643,rElbow0,0,1.53886494418,1.07570282842,1.05025214346,-0.327367586553,0.763693830154,-0.452424769914,-0.323904344874,Pelvis1,0,1.93850703738,0.693006014855,1.12688831166,-0.0770699058636,-0.120682155169,-0.54771312799,0.824321767553,Head1,0,1.74982600229,1.21194216509,1.62159050868,-0.0773159156626,0.0952848968213,0.761433104512,0.636523891913,rElbow1,0,1.94329709641,1.22805303361,1.16827235531,0.749333592794,-0.169302951054,0.567651323273,-0.29598589943
1407452842.0,704961749.0,6,Pelvis0,0,1.11876982957,1.12107040355,0.989304692734,0.163556678942,0.0289795459193,0.933123979097,-0.318887187461,Head0,0,1.57513050847,1.46925293376,1.53247992761,-0.0866672340516,0.096329729997,0.277092918347,0.952065590315,rElbow0,0,1.53297721139,1.07115501818,1.05329289367,-0.334969724804,0.759189889222,-0.454999122161,-0.323112665182,Pelvis1,0,1.93892179164,0.692767470582,1.12684741886,-0.0756999208475,-0.119888638028,-0.547290758899,0.824844871281,Head1,0,1.74844643752,1.21252475368,1.62015065251,-0.077698397552,0.0948029331413,0.759877789859,0.638405127927,rElbow1,0,1.94161760066,1.22719294212,1.16620596111,0.75172634564,-0.165205342904,0.564710699567,-0.297853188235
1407452842.0,714925258.0,6,Pelvis0,0,1.11989898604,1.1206267501,0.989210972077,0.160564360727,0.0326237048834,0.933583053464,-0.31871219341,Head0,0,1.57440675007,1.47027618943,1.5329038191,-0.087659356255,0.0937759584903,0.278985882398,0.951676827654,rElbow0,0,1.52709929406,1.06748351334,1.05646531449,-0.34468172131,0.753182269355,-0.45628877123,-0.325133107162,Pelvis1,0,1.93924354667,0.692364533151,1.1268730088,-0.074605840879,-0.119922760254,-0.548262991477,0.824293753619,Head1,0,1.74725393804,1.21327806641,1.61886710446,-0.075716282327,0.0882653531809,0.761644251584,0.637474945427,rElbow1,0,1.93941721321,1.22740311805,1.16427866935,0.751321426926,-0.169768853428,0.565494358253,-0.294806344286
1407452842.0,724906185.0,6,Pelvis0,0,1.12097193323,1.12044480368,0.989078132371,0.160749623615,0.0306702659696,0.932550614585,-0.321820205287,Head0,0,1.57385598623,1.47116167147,1.53342069181,-0.0877706770435,0.0958282514175,0.278105571194,0.95171978321,rElbow0,0,1.52107292401,1.06337609584,1.06018179986,-0.35541665912,0.747702054443,-0.456887764249,-0.325383169634,Pelvis1,0,1.93958211394,0.691937206762,1.12697764116,-0.0752914620711,-0.121411130232,-0.547721059229,0.824373807488,Head1,0,1.74602006747,1.21279890109,1.61738293014,-0.0833822411307,0.097758897853,0.760282769958,0.636757967724,rElbow1,0,1.93780981393,1.22787123734,1.16278486971,0.751626318212,-0.176609299058,0.566143194405,-0.288702124492
1407452842.0,734947128.0,6,Pelvis0,0,1.12207381833,1.12009056487,0.989206847312,0.165176047192,0.0306928577918,0.931007357684,-0.324037222944,Head0,0,1.57314536492,1.47239975052,1.53402930357,-0.086507783018,0.093593226459,0.280937161897,0.951226062776,rElbow0,0,1.51575904993,1.0600423273,1.0633604448,-0.364206415667,0.74250692287,-0.45618147038,-0.328535572441,Pelvis1,0,1.93971975466,0.691490872632,1.12719224639,-0.0752611179875,-0.119219583912,-0.546135232697,0.825747396325,Head1,0,1.74485785979,1.21335378609,1.61635151914,-0.0826519754911,0.0968769890513,0.760823986076,0.636341388055,rElbow1,0,1.93613293948,1.22771509129,1.16111555917,0.751134070894,-0.177699126952,0.566845227848,-0.287935957268
1407452842.0,744970134.0,6,Pelvis0,0,1.12328868908,1.11985397966,0.989167578825,0.162368495662,0.0301516729385,0.930644504308,-0.32653966809,Head0,0,1.57226438721,1.47342102233,1.53466999975,-0.0864241137769,0.0924617822226,0.283131055051,0.950693692549,rElbow0,0,1.50963993496,1.05689306349,1.0665754188,-0.377831529594,0.736075036608,-0.455688114988,-0.328306590835,Pelvis1,0,1.9399675491,0.690868645668,1.12738234679,-0.0758956474118,-0.119827178161,-0.543709237228,0.827201041725,Head1,0,1.74389470477,1.21409673531,1.61502998399,-0.0796117810118,0.0913373770525,0.760908800268,0.637445876567,rElbow1,0,1.93483601724,1.22777647776,1.15962954414,0.750319416244,-0.182936412876,0.568293125589,-0.283897808831
1407452842.0,754971050.0,6,Pelvis0,0,1.12439066617,1.11955941424,0.989035443097,0.161713434268,0.0307893570485,0.931441731733,-0.324525932795,Head0,0,1.57148053201,1.47450380781,1.53519858532,-0.0871426304342,0.0955105414623,0.278545479889,0.9516807837,rElbow0,0,1.50428606756,1.05440693052,1.06892347265,-0.388661305691,0.729442214948,-0.456141194584,-0.329835800231,Pelvis1,0,1.93995423617,0.690439894296,1.12754280397,-0.0762078148007,-0.119097499168,-0.543092313019,0.827682846382,Head1,0,1.74314163407,1.2143611226,1.61401148074,-0.0836857247478,0.0925369633196,0.759339926838,0.638620768064,rElbow1,0,1.93389488084,1.22669543145,1.15847198277,0.753888151399,-0.175760209505,0.566819819399,-0.281915406234
1407452842.0,764971177.0,6,Pelvis0,0,1.1252996095,1.11925443127,0.989154986442,0.161152496063,0.031679732045,0.931520396687,-0.324493479358,Head0,0,1.57077451818,1.47541157501,1.53582165795,-0.091775621857,0.0971985666659,0.280964856161,0.950362259075,rElbow0,0,1.49978394048,1.05183955018,1.07162521299,-0.397693174247,0.726659731789,-0.451360864234,-0.331781771036,Pelvis1,0,1.93998915522,0.689948399357,1.1276884965,-0.0775348456909,-0.121097029677,-0.543610294258,0.826929081048,Head1,0,1.7425588702,1.21424165732,1.61283527702,-0.0872050137685,0.0934983175799,0.758718756445,0.638748149745,rElbow1,0,1.93290715244,1.2274780584,1.15732347365,0.75122499731,-0.182456216636,0.569353608633,-0.279655503726
1407452842.0,775019057.0,6,Pelvis0,0,1.12637036468,1.11891850841,0.98928576668,0.159142003927,0.0334035118737,0.932053442436,-0.323781420751,Head0,0,1.56993506638,1.47650623895,1.53653303234,-0.0892149328415,0.0900279947433,0.283390039461,0.950592310854,rElbow0,0,1.49499317446,1.04982293526,1.07370577633,-0.409442623198,0.720175185045,-0.450137705521,-0.333287394334,Pelvis1,0,1.93990862599,0.689579287876,1.12773693287,-0.0771454325485,-0.120595387384,-0.544388127792,0.826527011717,Head1,0,1.74178621518,1.21497669378,1.61193226074,-0.0829761750058,0.0876203851597,0.760316532994,0.638244774473,rElbow1,0,1.93214082704,1.22736873021,1.15602021904,0.750130529998,-0.184513181022,0.570442942229,-0.27902315971
1407452842.0,784855421.0,6,Pelvis0,0,1.12734537128,1.11883601403,0.989341859963,0.164216413097,0.0336090378036,0.929996591357,-0.327123435896,Head0,0,1.56914617347,1.47725331808,1.53709609643,-0.0929275725337,0.0942612646585,0.285967770152,0.9490530621,rElbow0,0,1.49124082943,1.04775741363,1.07579353317,-0.419891751885,0.717311444695,-0.445121515795,-0.333199706159,Pelvis1,0,1.93985039873,0.689145408935,1.12784276927,-0.0762192190122,-0.120829233648,-0.545221393516,0.826029393546,Head1,0,1.74123690281,1.2152060514,1.61107356716,-0.0809448324379,0.0851970247094,0.760158949038,0.639020949015,rElbow1,0,1.93174133578,1.22692180044,1.15527166516,0.751567823759,-0.183635635949,0.569143329774,-0.278387553015
1407452842.0,794929685.0,6,Pelvis0,0,1.12820459549,1.11885508656,0.989228062579,0.166409362585,0.0307269907147,0.927788732739,-0.332523448026,Head0,0,1.56862563465,1.47842354785,1.53764883564,-0.0890004684288,0.085421206808,0.288711416918,0.949435543777,rElbow0,0,1.48775493089,1.04717687809,1.07687163867,-0.429943749098,0.713903362384,-0.440309436035,-0.334092745096,Pelvis1,0,1.93985120245,0.688578038915,1.12800893239,-0.0768374147725,-0.122761343362,-0.54372645778,0.826672367614,Head1,0,1.74090012215,1.21536316589,1.61049760427,-0.0834401792511,0.0868815433163,0.758458286106,0.640492281104,rElbow1,0,1.93130690643,1.22710303767,1.15397634422,0.749780454987,-0.186023384532,0.571080989085,-0.277652793308
1407452842.0,804935741.0,6,Pelvis0,0,1.12922911124,1.11860240436,0.989235713411,0.163214993426,0.0310961833371,0.928130537733,-0.333117994455,Head0,0,1.56779013365,1.47940583849,1.53826686371,-0.0887612391943,0.0855194981033,0.290828092224,0.948802866055,rElbow0,0,1.48396523844,1.04677062793,1.07817147376,-0.448405475014,0.708903128154,-0.433198630679,-0.329739035069,Pelvis1,0,1.93976263881,0.688083657805,1.12812687703,-0.0764189217087,-0.122444528956,-0.543148974475,0.827137641061,Head1,0,1.74073916405,1.21605487471,1.60982483826,-0.0804600905798,0.0790850290138,0.759194878217,0.641010818083,rElbow1,0,1.93109273515,1.22759225573,1.15336330726,0.748524745721,-0.189618031821,0.572296816444,-0.276101540994
1407452842.0,814855618.0,6,Pelvis0,0,1.13009685827,1.11833968909,0.989409603212,0.160744304864,0.0308739519905,0.928878589917,-0.332253867903,Head0,0,1.56697672442,1.48030243279,1.53868334985,-0.0881489739524,0.0862054184903,0.289937377081,0.949070440792,rElbow0,0,1.48083416504,1.04700595129,1.07861448635,-0.460210643325,0.706131433,-0.428013683289,-0.326173036926,Pelvis1,0,1.93962379189,0.687606121334,1.12810193658,-0.0755356224163,-0.122462348593,-0.542935788365,0.827356073668,Head1,0,1.74071388819,1.21611663417,1.60915487577,-0.0808942738209,0.0792131782396,0.757437580515,0.643016096594,rElbow1,0,1.93128040399,1.22721377901,1.15222605536,0.749097746368,-0.18719505194,0.572982166652,-0.274776301043
1407452842.0,824912068.0,6,Pelvis0,0,1.13071429452,1.11830521032,0.989551830113,0.15832058767,0.0298326173444,0.9283899131,-0.334868296075,Head0,0,1.56629160998,1.48082043991,1.53916093877,-0.0933869471758,0.0882593745914,0.293556365396,0.947266499581,rElbow0,0,1.47846952717,1.0474034916,1.07901788701,-0.463842852174,0.707272690549,-0.422670166707,-0.325522779335,Pelvis1,0,1.9393627173,0.68720530832,1.12816651063,-0.0751262939362,-0.122220647998,-0.543583730379,0.827003555754,Head1,0,1.74104393698,1.21511569112,1.60878319506,-0.0959819306948,0.0932649963458,0.747941960029,0.650132243366,rElbow1,0,1.93135946984,1.2271342174,1.15119986189,0.748686874096,-0.189229689951,0.573421714746,-0.273582941821
1407452842.0,834965291.0,6,Pelvis0,0,1.13113384939,1.11808966151,0.989555776729,0.158648933861,0.0300795125346,0.928825262429,-0.333480689972,Head0,0,1.56581910157,1.48161790005,1.53955722523,-0.0919401936058,0.0834907652981,0.296123485491,0.947041273784,rElbow0,0,1.47606433854,1.04895117798,1.07877136689,-0.475847813104,0.707567699274,-0.413644661332,-0.319084477623,Pelvis1,0,1.93902195005,0.686747168796,1.12816844496,-0.0750897469445,-0.121977755062,-0.544844151637,0.826212931151,Head1,0,1.74142858693,1.21532448442,1.60855666506,-0.0968261734488,0.0914593043847,0.74585341947,0.652658076209,rElbow1,0,1.93166374784,1.22702355845,1.15039225676,0.748746320853,-0.190206713211,0.573768038049,-0.272012116958
1407452842.0,844982328.0,6,Pelvis0,0,1.13148204856,1.1180423258,0.989684746985,0.159965728071,0.0297150433303,0.928450300497,-0.33392816825,Head0,0,1.56508804492,1.4824940102,1.53988903042,-0.0910384547898,0.0837866725937,0.298672225687,0.946301587681,rElbow0,0,1.47384476044,1.05107813301,1.07803148711,-0.486580763862,0.704266051761,-0.408646115536,-0.316633606609,Pelvis1,0,1.93873259228,0.686136552047,1.12830735326,-0.0750027212907,-0.122298028537,-0.546034853471,0.825387013957,Head1,0,1.74197494018,1.21527610288,1.60831606501,-0.0971341906053,0.0894206191654,0.744459385303,0.654483861924,rElbow1,0,1.93194313305,1.22718493498,1.1493670864,0.746830541994,-0.192990664857,0.575457513962,-0.27174877083
1407452842.0,854940596.0,6,Pelvis0,0,1.13186633229,1.1179378546,0.989663990466,0.160953555823,0.0315229923662,0.928703463694,-0.332581013203,Head0,0,1.56445529898,1.48307572471,1.54014778195,-0.0882516750424,0.0824660934191,0.297227555471,0.947136086081,rElbow0,0,1.47281380566,1.05347104463,1.07730181906,-0.48979466067,0.70878512675,-0.400827761827,-0.311547652576,Pelvis1,0,1.93850229038,0.685442078231,1.1283837914,-0.075254854279,-0.123413921321,-0.545899074378,0.825287774976,Head1,0,1.74243227221,1.2151272788,1.60821934788,-0.0970370302874,0.0867669249454,0.741607959745,0.65808278319,rElbow1,0,1.93247903769,1.22658121686,1.14860021217,0.747987936273,-0.191264463796,0.575249556626,-0.270221945224
1407452842.0,864945476.0,6,Pelvis0,0,1.1323847019,1.11787300048,0.98948510137,0.160172417248,0.0330094405955,0.929115674145,-0.331661329737,Head0,0,1.56394776556,1.48361526872,1.54043185787,-0.0915402520721,0.0850404685758,0.296419181705,0.946849602457,rElbow0,0,1.47223639881,1.05618682487,1.07611523092,-0.494076891501,0.712810253803,-0.392410374106,-0.306273840953,Pelvis1,0,1.93811112511,0.685076019673,1.12832079153,-0.0745313863128,-0.123371393559,-0.546101249424,0.825226027875,Head1,0,1.74307546574,1.21508268568,1.60833234365,-0.0969849784897,0.0835156491361,0.738571412406,0.661914888088,rElbow1,0,1.93299896628,1.2261313926,1.14812567258,0.748233403026,-0.192052660639,0.575444003846,-0.268564235473
1407452842.0,874901652.0,6,Pelvis0,0,1.13280641455,1.11782237104,0.989376755936,0.162277308071,0.0340905344582,0.928721332694,-0.331633226539,Head0,0,1.5634329117,1.48439568299,1.54072055994,-0.0911832263897,0.0829964626798,0.299483240974,0.946100943231,rElbow0,0,1.47158313325,1.05979954915,1.07482966632,-0.499284388937,0.71557419616,-0.387802584194,-0.297115843478,Pelvis1,0,1.93763813079,0.684786754421,1.12817548459,-0.0731731279669,-0.121574056278,-0.546830169408,0.825131630717,Head1,0,1.74374361753,1.21493052129,1.60830656228,-0.0985717841216,0.0832720072806,0.73737266121,0.663046706257,rElbow1,0,1.93373430744,1.22558778991,1.1479959986,0.749394487872,-0.192258958574,0.5739249526,-0.268429773272
1407452842.0,884890962.0,6,Pelvis0,0,1.13315485352,1.11785663896,0.98929823165,0.161426342635,0.0337197798273,0.928946433476,-0.33145593385,Head0,0,1.5628137792,1.4849265907,1.54079581834,-0.0916847075052,0.0849811556586,0.301627832184,0.945194566449,rElbow0,0,1.47182087946,1.0637874196,1.07325520136,-0.503055121659,0.720214825363,-0.380714980237,-0.288586648553,Pelvis1,0,1.93713375028,0.684327620087,1.12818533502,-0.0734607850166,-0.121633662066,-0.548453397033,0.824019196743,Head1,0,1.74453405591,1.21484764711,1.60843223421,-0.101013687109,0.0809926792411,0.734791111633,0.665821630162,rElbow1,0,1.93437823131,1.22493563999,1.14738632151,0.747438027832,-0.191566547662,0.57680700728,-0.268202029672
1407452842.0,894889064.0,6,Pelvis0,0,1.13335222256,1.11789560291,0.98928996144,0.159739610308,0.0333723350512,0.929217864442,-0.33154743937,Head0,0,1.56245768315,1.48557480635,1.54114869667,-0.0885719797368,0.0817021992707,0.301637182288,0.945777333891,rElbow0,0,1.47250607954,1.06840733713,1.07121279827,-0.506194047556,0.724815068363,-0.373166156801,-0.281349821949,Pelvis1,0,1.93664519276,0.68398018344,1.12806742399,-0.0721146701727,-0.12053558659,-0.551569090802,0.822217845089,Head1,0,1.74525215147,1.21460162119,1.60867666681,-0.101723430631,0.0797045711538,0.733023348492,0.66781456675,rElbow1,0,1.93516305664,1.2243067767,1.14712135492,0.746165353466,-0.193844745218,0.57760455276,-0.268392363282
1407452842.0,904861468.0,6,Pelvis0,0,1.13348271366,1.11790338758,0.989258293253,0.15982130243,0.0332931842592,0.929614504971,-0.330402159979,Head0,0,1.56204389288,1.48577283357,1.54135978699,-0.0913488216987,0.0822440999343,0.301815122108,0.945409399608,rElbow0,0,1.47356611649,1.07257234548,1.06999253606,-0.505664892624,0.733659414309,-0.365188228012,-0.269600516107,Pelvis1,0,1.93600767218,0.683661309548,1.12781013953,-0.0726459136062,-0.120399928702,-0.553976499262,0.820570817584,Head1,0,1.74602904446,1.21432421206,1.60895343413,-0.10078863943,0.0781644567365,0.731214423136,0.670117478702,rElbow1,0,1.93620248774,1.22353138119,1.14718824198,0.744877081313,-0.196347791399,0.577728155747,-0.269881189793
1407452842.0,914864816.0,6,Pelvis0,0,1.13353323197,1.11794137303,0.989287802996,0.160121035909,0.0327635607822,0.929891752199,-0.329528651467,Head0,0,1.56161101361,1.48621001177,1.54159571846,-0.0908107567546,0.0824833751885,0.302362400265,0.945265506713,rElbow0,0,1.47518595041,1.07850484856,1.06747003987,-0.513285311102,0.736046266858,-0.357789553605,-0.258380954761,Pelvis1,0,1.93526132947,0.683553318799,1.12770240844,-0.0730223932729,-0.120083844341,-0.556471042794,0.818894119493,Head1,0,1.74695659006,1.21402168234,1.60928114193,-0.101630980811,0.0763595530289,0.730030764872,0.67148748666,rElbow1,0,1.93753110887,1.22257890483,1.14755413586,0.745133967677,-0.196071491861,0.578611020382,-0.267470797258
1407452842.0,924917951.0,6,Pelvis0,0,1.13353107096,1.11799049578,0.989279451427,0.159978526421,0.0319926948259,0.930090770766,-0.329111678154,Head0,0,1.56170562482,1.48752613629,1.54239283346,-0.104606547149,0.080080103653,0.31884862398,0.938605456131,rElbow0,0,1.47650660841,1.08439490025,1.06510069783,-0.515262200489,0.739745051615,-0.355889311988,-0.246221284562,Pelvis1,0,1.93472313673,0.683279873768,1.12768288433,-0.0730930535897,-0.122867791669,-0.557725655477,0.817620330294,Head1,0,1.74777844883,1.21379625031,1.60964232234,-0.103205333137,0.0754187793163,0.727923635317,0.673637772163,rElbow1,0,1.93899253826,1.2208727875,1.1479441553,0.745247164367,-0.19740225042,0.577992294786,-0.267514341111
1407452842.0,934973484.0,6,Pelvis0,0,1.13343500971,1.11800241865,0.989298945855,0.160253439328,0.0319351058497,0.930469786106,-0.327909989696,Head0,0,1.56065603902,1.48664840475,1.54196190177,-0.0917094884622,0.0828967095655,0.301714381987,0.945349637421,rElbow0,0,1.47916634663,1.09055474707,1.06307264834,-0.515563955028,0.746913299162,-0.348599569719,-0.234078345438,Pelvis1,0,1.93392473402,0.683033713663,1.1276220462,-0.0741477368266,-0.124601826964,-0.558437482248,0.816776637926,Head1,0,1.74847664228,1.2136280458,1.61011589123,-0.102832837041,0.0734950153961,0.725831492832,0.676160139576,rElbow1,0,1.94086328896,1.21909550138,1.14898247926,0.74626509533,-0.199889096077,0.577710461879,-0.263407249325
