1407452638.0,693108340.0,18,ChestFront,1.93718005371,0.968155029297,1.17698205566,ChestBack,2.07988183594,0.742719055176,1.32885546875,SternumFront,1.92359594727,0.973546630859,1.34304040527,SternumBack,2.01704528809,0.835464660645,1.47124841309,rShoulderFront,2.01929711914,1.03476049805,1.3594375,rShoulderBack,2.10092602539,0.946092834473,1.47090625,rWristOuter,2.02575695801,1.38970056152,1.07196362305,rWristInner,2.07910375977,1.42487426758,1.10636950684,rPalm,2.02186474609,1.45029406738,1.09602844238,ChestFront,1.36204638672,1.32616442871,1.30154589844,ChestBack,1.21499621582,1.10424743652,1.37263171387,SternumFront,1.35680627441,1.3114864502,1.48166259766,SternumBack,1.27388671875,1.16930041504,1.55106884766,rShoulderFront,1.47585449219,1.21779138184,1.48289074707,rShoulderBack,1.406265625,1.09605969238,1.53556640625,rWristOuter,1.54359753418,1.27194763184,0.970825500488,rWristInner,1.58403417969,1.22270153809,0.940171386719,rPalm,1.61864196777,1.28165380859,0.964289978027
1407452638.0,703094144.0,18,ChestFront,1.93695739746,0.968108642578,1.17696704102,ChestBack,2.0797644043,0.742817749023,1.32884680176,SternumFront,1.92319555664,0.973531921387,1.34301879883,SternumBack,2.01675634766,0.835660217285,1.47120336914,rShoulderFront,2.01914709473,1.03481311035,1.35938525391,rShoulderBack,2.10072241211,0.946184692383,1.4709005127,rWristOuter,2.02475891113,1.38802624512,1.07403198242,rWristInner,2.07838989258,1.42313952637,1.10822302246,rPalm,2.02122143555,1.4484888916,1.09846362305,ChestFront,1.36188037109,1.32576428223,1.30137609863,ChestBack,1.21474255371,1.10394824219,1.37262963867,SternumFront,1.35698901367,1.31095373535,1.4816072998,SternumBack,1.27401245117,1.16877380371,1.55104992676,rShoulderFront,1.47592346191,1.21703369141,1.48214025879,rShoulderBack,1.40650036621,1.09529638672,1.53514404297,rWristOuter,1.54691442871,1.27094445801,0.969280395508,rWristInner,1.5843157959,1.21943859863,0.938427429199,rPalm,1.62244006348,1.27677990723,0.960718017578
1407452638.0,713203673.0,18,ChestFront,1.93668115234,0.968053100586,1.17690686035,ChestBack,2.07962792969,0.742949768066,1.32881066895,SternumFront,1.92281152344,0.973598083496,1.34298681641,SternumBack,2.01654492188,0.835760009766,1.47118029785,rShoulderFront,2.01903820801,1.03490258789,1.35932702637,rShoulderBack,2.10045043945,0.946300720215,1.47083227539,rWristOuter,2.02333618164,1.38690258789,1.07725927734,rWristInner,2.07789892578,1.42115612793,1.1100657959,rPalm,2.0204510498,1.44635656738,1.10125488281,ChestFront,1.3615645752,1.32520703125,1.30118237305,ChestBack,1.21449536133,1.10366235352,1.37267956543,SternumFront,1.35712133789,1.31047497559,1.4815769043,SternumBack,1.27418774414,1.16807141113,1.55103662109,rShoulderFront,1.47592895508,1.21616955566,1.48133239746,rShoulderBack,1.40672363281,1.09458129883,1.53469055176,rWristOuter,1.55081030273,1.27016772461,0.96803302002,rWristInner,1.58484655762,1.21674926758,0.936062561035,rPalm,1.62608312988,1.27217138672,0.956964294434
1407452638.0,723267005.0,18,ChestFront,1.93629187012,0.968093261719,1.17680688477,ChestBack,2.07951025391,0.743024963379,1.32880175781,SternumFront,1.92248986816,0.973613342285,1.34290539551,SternumBack,2.01629443359,0.835893554688,1.47112695312,rShoulderFront,2.01890820313,1.03514318848,1.35925854492,rShoulderBack,2.10017358398,0.946440429687,1.4707713623,rWristOuter,2.02219580078,1.38432226563,1.07929577637,rWristInner,2.07730126953,1.41897631836,1.11180053711,rPalm,2.01950305176,1.44390478516,1.10414355469,ChestFront,1.36122937012,1.32455371094,1.3009744873,ChestBack,1.21434289551,1.10327404785,1.37277172852,SternumFront,1.35724511719,1.30986242676,1.48151635742,SternumBack,1.2744197998,1.16742614746,1.55102929688,rShoulderFront,1.47606225586,1.2154798584,1.48068859863,rShoulderBack,1.40678894043,1.09399145508,1.53410839844,rWristOuter,1.55492333984,1.26935180664,0.966871704102,rWristInner,1.58537182617,1.21432873535,0.933885498047,rPalm,1.62981140137,1.26772106934,0.953563720703
1407452638.0,733196356.0,18,ChestFront,1.9358972168,0.968155212402,1.17671166992,ChestBack,2.0793527832,0.743109985352,1.32879174805,SternumFront,1.92226159668,0.973637451172,1.34274963379,SternumBack,2.01602026367,0.836018310547,1.47107446289,rShoulderFront,2.01877587891,1.0353302002,1.3591619873,rShoulderBack,2.0999140625,0.946560974121,1.47068408203,rWristOuter,2.02116125488,1.3817467041,1.08218762207,rWristInner,2.07668701172,1.4163651123,1.11346203613,rPalm,2.0185378418,1.44118530273,1.10703259277,ChestFront,1.36090881348,1.3240760498,1.30092346191,ChestBack,1.21422229004,1.10278210449,1.37280334473,SternumFront,1.35732714844,1.30918493652,1.48141381836,SternumBack,1.27458203125,1.16695568848,1.55097924805,rShoulderFront,1.47634667969,1.21519995117,1.48038232422,rShoulderBack,1.40696899414,1.09338537598,1.53349914551,rWristOuter,1.55918640137,1.2689621582,0.965434936523,rWristInner,1.5863170166,1.21232592773,0.932051879883,rPalm,1.6338392334,1.26350195313,0.949945678711
1407452638.0,743071187.0,18,ChestFront,1.93556262207,0.96824987793,1.17655480957,ChestBack,2.07942407227,0.743006713867,1.32892626953,SternumFront,1.92210888672,0.973580871582,1.34260144043,SternumBack,2.01576452637,0.83613470459,1.47100244141,rShoulderFront,2.0187199707,1.03562231445,1.35912060547,rShoulderBack,2.09968505859,0.946667785645,1.47063378906,rWristOuter,2.0197635498,1.37841516113,1.08469470215,rWristInner,2.07575756836,1.41370007324,1.11505041504,rPalm,2.01762695313,1.43811181641,1.11005493164,ChestFront,1.3606048584,1.32373400879,1.30094970703,ChestBack,1.21410021973,1.10220166016,1.37283520508,SternumFront,1.35743103027,1.30854992676,1.48128723145,SternumBack,1.27490344238,1.16622998047,1.55100512695,rShoulderFront,1.4765546875,1.21460644531,1.47980285645,rShoulderBack,1.4070369873,1.09276367188,1.53286901855,rWristOuter,1.5639263916,1.26865698242,0.96368560791,rWristInner,1.58815368652,1.21003344727,0.930637451172,rPalm,1.63783569336,1.25950854492,0.946851257324
1407452638.0,753030570.0,18,ChestFront,1.93529919434,0.96831060791,1.17641235352,ChestBack,2.07906176758,0.743286132812,1.32873876953,SternumFront,1.92200695801,0.973594421387,1.34246472168,SternumBack,2.01556152344,0.836167907715,1.4709666748,rShoulderFront,2.01865686035,1.03586022949,1.35908435059,rShoulderBack,2.09937255859,0.946785400391,1.47057263184,rWristOuter,2.01892224121,1.37511230469,1.08700415039,rWristInner,2.07484399414,1.41071960449,1.11634606934,rPalm,2.01648181152,1.43492858887,1.11286181641,ChestFront,1.36028210449,1.32347583008,1.30094348145,ChestBack,1.2140246582,1.10169885254,1.37280114746,SternumFront,1.35747253418,1.30799206543,1.48118505859,SternumBack,1.27527355957,1.16540429688,1.55095996094,rShoulderFront,1.47659655762,1.21361181641,1.47896582031,rShoulderBack,1.40727392578,1.09226062012,1.53235681152,rWristOuter,1.56932702637,1.2682520752,0.962389343262,rWristInner,1.59010534668,1.20919787598,0.928414672852,rPalm,1.64195458984,1.25598083496,0.944109436035
1407452638.0,763264767.0,18,ChestFront,1.93512536621,0.968347961426,1.17627307129,ChestBack,2.07892382813,0.743364318848,1.32873803711,SternumFront,1.92191772461,0.973610229492,1.34229284668,SternumBack,2.0152376709,0.83633782959,1.47090344238,rShoulderFront,2.01868518066,1.03604772949,1.35905334473,rShoulderBack,2.0991027832,0.94686706543,1.47053039551,rWristOuter,2.01681176758,1.37093493652,1.08971313477,rWristInner,2.07392895508,1.40739929199,1.11751318359,rPalm,2.01532006836,1.43118554688,1.11554589844,ChestFront,1.35988500977,1.32328747559,1.30094970703,ChestBack,1.21389587402,1.10144592285,1.37282836914,SternumFront,1.35752770996,1.3074642334,1.48110632324,SternumBack,1.27549230957,1.16485046387,1.55087194824,rShoulderFront,1.47668884277,1.21292785645,1.47827355957,rShoulderBack,1.40763964844,1.09155358887,1.53163903809,rWristOuter,1.5742409668,1.26816906738,0.960917358398,rWristInner,1.59269470215,1.20774365234,0.926808837891,rPalm,1.64634240723,1.25244506836,0.942051818848
1407452638.0,773217502.0,18,ChestFront,1.93500695801,0.96840020752,1.17615734863,ChestBack,2.07876708984,0.743468139648,1.32875146484,SternumFront,1.92178393555,0.973648193359,1.34219604492,SternumBack,2.01499023437,0.836378723145,1.47092541504,rShoulderFront,2.01868652344,1.03623010254,1.35911584473,rShoulderBack,2.09886694336,0.946910339355,1.47050842285,rWristOuter,2.01547851562,1.36685314941,1.09183947754,rWristInner,2.07295947266,1.40375537109,1.11825195312,rPalm,2.01427612305,1.42730395508,1.11783898926,ChestFront,1.35945898438,1.32304675293,1.30090966797,ChestBack,1.21385888672,1.10103259277,1.37287573242,SternumFront,1.35764343262,1.30683642578,1.4809588623,SternumBack,1.27590649414,1.16411816406,1.55087634277,rShoulderFront,1.47667651367,1.21232226563,1.47769812012,rShoulderBack,1.40809545898,1.09080786133,1.53098730469,rWristOuter,1.57943933105,1.26770617676,0.959272155762,rWristInner,1.59531408691,1.2066595459,0.925254394531,rPalm,1.65056530762,1.24965344238,0.939890563965
1407452638.0,783142554.0,18,ChestFront,1.9349909668,0.968457092285,1.17610754395,ChestBack,2.07860791016,0.74353137207,1.32873754883,SternumFront,1.9216965332,0.973696472168,1.34211157227,SternumBack,2.01476501465,0.836467956543,1.47093945312,rShoulderFront,2.01871179199,1.03633068848,1.35916455078,rShoulderBack,2.09864355469,0.946947998047,1.47054724121,rWristOuter,2.01404370117,1.36235705566,1.09415869141,rWristInner,2.0717902832,1.39999511719,1.11873669434,rPalm,2.01300183105,1.42314978027,1.11982531738,ChestFront,1.35897973633,1.32274719238,1.30080810547,ChestBack,1.21384570313,1.10039611816,1.37291516113,SternumFront,1.35777648926,1.3062520752,1.48086328125,SternumBack,1.27629736328,1.16329553223,1.55079748535,rShoulderFront,1.47692468262,1.21231347656,1.47720800781,rShoulderBack,1.40855664063,1.09026855469,1.5302479248,rWristOuter,1.58442529297,1.26735095215,0.957705871582,rWristInner,1.59839587402,1.20581616211,0.923789733887,rPalm,1.65477636719,1.24717236328,0.938008544922
1407452638.0,793195237.0,18,ChestFront,1.93502575684,0.968557250977,1.17608581543,ChestBack,2.07850390625,0.743611450195,1.3287635498,SternumFront,1.92159436035,0.973757385254,1.34204736328,SternumBack,2.01449914551,0.836523803711,1.47096484375,rShoulderFront,2.01864685059,1.0365447998,1.35927124023,rShoulderBack,2.09840625,0.94698034668,1.47056750488,rWristOuter,2.01269726562,1.35775708008,1.09567272949,rWristInner,2.07044165039,1.39592041016,1.11911865234,rPalm,2.01141662598,1.41874731445,1.12140087891,ChestFront,1.35837634277,1.32239135742,1.3006229248,ChestBack,1.2138092041,1.0997322998,1.37294250488,SternumFront,1.35789038086,1.30564526367,1.48069506836,SternumBack,1.27626220703,1.16295275879,1.5502220459,rShoulderFront,1.47690368652,1.21114892578,1.47581066895,rShoulderBack,1.4088013916,1.08994287109,1.52949206543,rWristOuter,1.58943835449,1.2679041748,0.95668963623,rWristInner,1.6015546875,1.20562573242,0.92259564209,rPalm,1.65931433105,1.24509375,0.93619519043
1407452638.0,803052400.0,18,ChestFront,1.93508093262,0.968651916504,1.17609143066,ChestBack,2.0783684082,0.743664123535,1.32879553223,SternumFront,1.92151342773,0.973836242676,1.34199682617,SternumBack,2.01427783203,0.836549926758,1.47102197266,rShoulderFront,2.01857324219,1.03659423828,1.35934277344,rShoulderBack,2.09818066406,0.946968811035,1.47062011719,rWristOuter,2.01098266602,1.35273278809,1.09706103516,rWristInner,2.06899584961,1.39172070313,1.11879797363,rPalm,2.0099005127,1.41404394531,1.12252868652,ChestFront,1.35788928223,1.32208605957,1.30045556641,ChestBack,1.21379699707,1.09923583984,1.37295178223,SternumFront,1.35802294922,1.30505761719,1.48059472656,SternumBack,1.27719970703,1.16186816406,1.55057421875,rShoulderFront,1.47752624512,1.21174291992,1.47542150879,rShoulderBack,1.40910778809,1.08968481445,1.52850439453,rWristOuter,1.59458190918,1.26804980469,0.955310119629,rWristInner,1.60483972168,1.2056217041,0.921460754395,rPalm,1.66365637207,1.24296765137,0.934704101563
1407452638.0,813179323.0,18,ChestFront,1.93506616211,0.968800720215,1.17608398437,ChestBack,2.07825,0.743726379395,1.32887670898,SternumFront,1.9214230957,0.973943786621,1.34198828125,SternumBack,2.01409033203,0.836475708008,1.47113012695,rShoulderFront,2.01848266602,1.03658117676,1.35941186523,rShoulderBack,2.09795239258,0.946977600098,1.47072668457,rWristOuter,2.0096237793,1.34728967285,1.09806335449,rWristInner,2.06727563477,1.38724731445,1.11821936035,rPalm,2.00819287109,1.40938513184,1.12316467285,ChestFront,1.35752062988,1.32171911621,1.3003092041,ChestBack,1.21380126953,1.0990291748,1.37295324707,SternumFront,1.35820544434,1.30455493164,1.48044042969,SternumBack,1.27763879395,1.16111340332,1.55050793457,rShoulderFront,1.47745898438,1.21092211914,1.47459289551,rShoulderBack,1.40960339355,1.08896228027,1.52759875488,rWristOuter,1.60015063477,1.26829675293,0.954484680176,rWristInner,1.60813964844,1.20578820801,0.92028692627,rPalm,1.66813342285,1.24155419922,0.932762207031
1407452638.0,823002652.0,18,ChestFront,1.93509509277,0.96890045166,1.17608239746,ChestBack,2.07809594727,0.74379119873,1.32894641113,SternumFront,1.92132336426,0.974049743652,1.34198547363,SternumBack,2.01384008789,0.836552734375,1.47118371582,rShoulderFront,2.01836755371,1.03653088379,1.35945043945,rShoulderBack,2.09768017578,0.947015136719,1.47088549805,rWristOuter,2.00774621582,1.34191918945,1.0982310791,rWristInner,2.06549414063,1.38241625977,1.1171607666,rPalm,2.00610339355,1.40381750488,1.12262329102,ChestFront,1.35730505371,1.32144873047,1.30017248535,ChestBack,1.21382226562,1.09848339844,1.37295263672,SternumFront,1.35831323242,1.30407385254,1.4802824707,SternumBack,1.27802612305,1.1604362793,1.55044238281,rShoulderFront,1.47772692871,1.2104543457,1.47411083984,rShoulderBack,1.41019897461,1.08828625488,1.52703076172,rWristOuter,1.6052713623,1.26909094238,0.953565063477,rWristInner,1.61192163086,1.2059420166,0.919628417969,rPalm,1.67254699707,1.24048754883,0.930817321777
1407452638.0,833090694.0,18,ChestFront,1.93503857422,0.969047180176,1.17612133789,ChestBack,2.07793725586,0.743842529297,1.32898681641,SternumFront,1.92124584961,0.974148498535,1.34196386719,SternumBack,2.01359033203,0.836537658691,1.47124511719,rShoulderFront,2.01832397461,1.03651342773,1.35949145508,rShoulderBack,2.09750341797,0.94696862793,1.47107702637,rWristOuter,2.00590478516,1.33606860352,1.09776098633,rWristInner,2.0634831543,1.37741625977,1.11552185059,rPalm,2.00372619629,1.39838867188,1.12159875488,ChestFront,1.35705749512,1.3212442627,1.3000579834,ChestBack,1.21384179687,1.09776391602,1.37297424316,SternumFront,1.35845495605,1.30363244629,1.48014331055,SternumBack,1.27846655273,1.15983874512,1.55032019043,rShoulderFront,1.47842529297,1.2101842041,1.47355554199,rShoulderBack,1.41066577148,1.08759350586,1.52630517578,rWristOuter,1.6102421875,1.26978442383,0.952471923828,rWristInner,1.61535009766,1.20629638672,0.918911071777,rPalm,1.67682080078,1.23986877441,0.928879516602
1407452638.0,843088535.0,18,ChestFront,1.93500366211,0.969181152344,1.1761184082,ChestBack,2.07776367188,0.743869018555,1.32901220703,SternumFront,1.92112548828,0.974267272949,1.34196765137,SternumBack,2.0133560791,0.836497192383,1.47130541992,rShoulderFront,2.01833581543,1.03650390625,1.35954589844,rShoulderBack,2.09730273437,0.946909790039,1.47124902344,rWristOuter,2.00391137695,1.33027722168,1.09702600098,rWristInner,2.06147827148,1.37249084473,1.11362011719,rPalm,2.00146606445,1.39255944824,1.12000427246,ChestFront,1.35659875488,1.3209440918,1.29984387207,ChestBack,1.2139083252,1.09717675781,1.37296252441,SternumFront,1.35854199219,1.30311901855,1.47992736816,SternumBack,1.27892114258,1.15905407715,1.55026611328,rShoulderFront,1.47882556152,1.20958630371,1.47278601074,rShoulderBack,1.41111901855,1.08696435547,1.52548693848,rWristOuter,1.61503369141,1.27065283203,0.951302246094,rWristInner,1.61897607422,1.20677709961,0.918095397949,rPalm,1.68121154785,1.2392388916,0.926669555664
1407452638.0,853064345.0,18,ChestFront,1.9349140625,0.969341674805,1.17613671875,ChestBack,2.07759594727,0.743886047363,1.32902258301,SternumFront,1.92102441406,0.974377685547,1.34197412109,SternumBack,2.01309460449,0.836482299805,1.471328125,rShoulderFront,2.01832275391,1.03658911133,1.35956787109,rShoulderBack,2.09714306641,0.946858154297,1.4713840332,rWristOuter,2.00172155762,1.32383581543,1.09539746094,rWristInner,2.05913354492,1.36697521973,1.11068139648,rPalm,1.99860693359,1.38676904297,1.11766796875,ChestFront,1.35610754395,1.32071337891,1.29968725586,ChestBack,1.2140098877,1.09686193848,1.37296240234,SternumFront,1.35868127441,1.3025378418,1.47970617676,SternumBack,1.27937072754,1.15834729004,1.55018615723,rShoulderFront,1.47900439453,1.20928820801,1.47216320801,rShoulderBack,1.411484375,1.08640551758,1.52474731445,rWristOuter,1.61988305664,1.27137805176,0.950043334961,rWristInner,1.62257470703,1.2072689209,0.917406860352,rPalm,1.68527429199,1.23901843262,0.924645812988
1407452638.0,863178372.0,18,ChestFront,1.93486364746,0.969504577637,1.17615368652,ChestBack,2.07741186523,0.74391217041,1.32901501465,SternumFront,1.92095214844,0.974497314453,1.34195703125,SternumBack,2.01290478516,0.836452209473,1.47135534668,rShoulderFront,2.01830456543,1.03671191406,1.35957629395,rShoulderBack,2.09704052734,0.946819213867,1.47147314453,rWristOuter,1.9996854248,1.31742919922,1.09358605957,rWristInner,2.05660766602,1.36143115234,1.10713391113,rPalm,1.99603552246,1.38068078613,1.11465820313,ChestFront,1.35572229004,1.32055175781,1.29959350586,ChestBack,1.21406958008,1.09654394531,1.37297729492,SternumFront,1.35883630371,1.30198413086,1.47954101562,SternumBack,1.27986791992,1.15752282715,1.5502310791,rShoulderFront,1.4790267334,1.20919226074,1.47173010254,rShoulderBack,1.41218395996,1.08585144043,1.52412133789,rWristOuter,1.62433544922,1.27240283203,0.948800109863,rWristInner,1.62616088867,1.20748632813,0.916669250488,rPalm,1.6892512207,1.238984375,0.922489685059
1407452638.0,873271057.0,18,ChestFront,1.93480383301,0.969700073242,1.17614465332,ChestBack,2.07723925781,0.743923583984,1.32904284668,SternumFront,1.92087255859,0.974569763184,1.34189562988,SternumBack,2.01270202637,0.836499328613,1.47135241699,rShoulderFront,2.01825634766,1.03688720703,1.35951586914,rShoulderBack,2.09695507813,0.946829101562,1.47147021484,rWristOuter,1.99714074707,1.31141088867,1.09109265137,rWristInner,2.05410644531,1.3560390625,1.10334533691,rPalm,1.99339526367,1.37489538574,1.11120288086,ChestFront,1.35536425781,1.32047753906,1.29955883789,ChestBack,1.21415319824,1.09587573242,1.37298095703,SternumFront,1.3590279541,1.30137451172,1.47935583496,SternumBack,1.28029626465,1.15688830566,1.55014685059,rShoulderFront,1.47889697266,1.20814501953,1.4705526123,rShoulderBack,1.41295349121,1.08530639648,1.52340197754,rWristOuter,1.62858447266,1.27313061523,0.947342590332,rWristInner,1.62968823242,1.20795593262,0.915659057617,rPalm,1.69272192383,1.23916320801,0.920248718262
1407452638.0,883130396.0,18,ChestFront,1.93466345215,0.96975012207,1.17599768066,ChestBack,2.0770402832,0.743940734863,1.3290501709,SternumFront,1.92080102539,0.974580993652,1.34178820801,SternumBack,2.0125020752,0.836570068359,1.47134619141,rShoulderFront,2.01829870605,1.03695129395,1.35924853516,rShoulderBack,2.09684985352,0.946903442383,1.4713392334,rWristOuter,1.99510961914,1.3049329834,1.08822888184,rWristInner,2.05114697266,1.35059753418,1.0992623291,rPalm,1.99033312988,1.36889746094,1.10662597656,ChestFront,1.35505004883,1.32028100586,1.29945629883,ChestBack,1.21424572754,1.09516174316,1.37299255371,SternumFront,1.35925476074,1.30087194824,1.47927478027,SternumBack,1.28088903809,1.1562199707,1.55005883789,rShoulderFront,1.47959729004,1.20890148926,1.47027563477,rShoulderBack,1.41346520996,1.0849753418,1.52267663574,rWristOuter,1.63243139648,1.27405993652,0.945609741211,rWristInner,1.63284899902,1.20865600586,0.914299804688,rPalm,1.69632336426,1.23926013184,0.918221069336
1407452638.0,893052670.0,18,ChestFront,1.93450280762,0.969721069336,1.17578234863,ChestBack,2.07683935547,0.74393548584,1.32907189941,SternumFront,1.92063708496,0.974570556641,1.34165991211,SternumBack,2.01233850098,0.836623657227,1.47133081055,rShoulderFront,2.0183293457,1.03694909668,1.35884179687,rShoulderBack,2.09674536133,0.946975463867,1.47108972168,rWristOuter,1.99277624512,1.29891467285,1.08429199219,rWristInner,2.04841796875,1.34532922363,1.09447009277,rPalm,1.98714758301,1.36322521973,1.10208679199,ChestFront,1.35472338867,1.32008288574,1.29932714844,ChestBack,1.21435595703,1.09457177734,1.37300439453,SternumFront,1.35942370605,1.30047607422,1.47916027832,SternumBack,1.28151367187,1.15551989746,1.54993603516,rShoulderFront,1.47986254883,1.20888037109,1.4695604248,rShoulderBack,1.41402429199,1.08463232422,1.5220324707,rWristOuter,1.6358984375,1.27446643066,0.943479736328,rWristInner,1.63593164062,1.20875231934,0.913087280273,rPalm,1.69960754395,1.23934130859,0.916388671875
1407452638.0,903106604.0,18,ChestFront,1.93426489258,0.969511169434,1.1755111084,ChestBack,2.07663378906,0.743914367676,1.32906115723,SternumFront,1.92045373535,0.974498596191,1.34147668457,SternumBack,2.01222521973,0.836702087402,1.471296875,rShoulderFront,2.01842529297,1.03684997559,1.35823669434,rShoulderBack,2.09667016602,0.947065673828,1.4707532959,rWristOuter,1.9902064209,1.29299487305,1.08028088379,rWristInner,2.04556774902,1.34001086426,1.08988122559,rPalm,1.98427978516,1.35748193359,1.09676379395,ChestFront,1.35430419922,1.31993334961,1.2991081543,ChestBack,1.21444836426,1.09431762695,1.37297827148,SternumFront,1.35959838867,1.30005285645,1.47899462891,SternumBack,1.28178894043,1.15507849121,1.54944042969,rShoulderFront,1.4797052002,1.20809301758,1.46862976074,rShoulderBack,1.41460888672,1.08417236328,1.52145397949,rWristOuter,1.6389453125,1.27521533203,0.94122265625,rWristInner,1.63880712891,1.20883300781,0.911708007813,rPalm,1.70242590332,1.23962268066,0.914092102051
1407452638.0,913222523.0,18,ChestFront,1.93410998535,0.969349243164,1.17534899902,ChestBack,2.07646435547,0.743887329102,1.32903393555,SternumFront,1.92027978516,0.974479309082,1.34129846191,SternumBack,2.01213757324,0.83676171875,1.47123205566,rShoulderFront,2.01846508789,1.03688598633,1.35771362305,rShoulderBack,2.09664916992,0.947189575195,1.47041052246,rWristOuter,1.9878260498,1.28739318848,1.0759453125,rWristInner,2.0428347168,1.3351340332,1.0844675293,rPalm,1.98120324707,1.35202856445,1.09123352051,ChestFront,1.35389038086,1.31973181152,1.29888830566,ChestBack,1.21456811523,1.09384069824,1.37304467773,SternumFront,1.35975085449,1.29961560059,1.47883239746,SternumBack,1.2826973877,1.15422485352,1.54975463867,rShoulderFront,1.48021936035,1.20891992187,1.46859667969,rShoulderBack,1.41526574707,1.08365002441,1.52084851074,rWristOuter,1.64199438477,1.2759309082,0.939046203613,rWristInner,1.64160131836,1.20911914062,0.910262512207,rPalm,1.70518676758,1.23968139648,0.911505737305
1407452638.0,922996857.0,18,ChestFront,1.93396728516,0.969178588867,1.17521142578,ChestBack,2.07627416992,0.74383782959,1.32898791504,SternumFront,1.92009924316,0.974442871094,1.34109570312,SternumBack,2.01210070801,0.836828308105,1.47116918945,rShoulderFront,2.01847216797,1.03702832031,1.35723388672,rShoulderBack,2.09671362305,0.947343994141,1.47007714844,rWristOuter,1.98569226074,1.28184338379,1.07087329102,rWristInner,2.03998254395,1.33031005859,1.07883898926,rPalm,1.97790405273,1.3470423584,1.08520812988,ChestFront,1.35355981445,1.31952514648,1.29871765137,ChestBack,1.2147052002,1.09320288086,1.37306787109,SternumFront,1.35987927246,1.29923217773,1.47865942383,SternumBack,1.28324523926,1.15351281738,1.54956872559,rShoulderFront,1.4804498291,1.20886828613,1.46791931152,rShoulderBack,1.41601159668,1.08326818848,1.52020825195,rWristOuter,1.64410986328,1.2762064209,0.936292358398,rWristInner,1.64385827637,1.20959936523,0.908296203613,rPalm,1.70776123047,1.24003527832,0.909360778809
1407452638.0,933115452.0,18,ChestFront,1.9338170166,0.968964538574,1.17501159668,ChestBack,2.07612817383,0.743813354492,1.32894091797,SternumFront,1.91995507813,0.97441217041,1.34088903809,SternumBack,2.01201586914,0.837023742676,1.47105761719,rShoulderFront,2.0182878418,1.03716491699,1.35680114746,rShoulderBack,2.09685620117,0.947510742187,1.46976879883,rWristOuter,1.98287365723,1.27708325195,1.06591040039,rWristInner,2.03718322754,1.32572387695,1.0729342041,rPalm,1.97490576172,1.34223791504,1.0788963623,ChestFront,1.35317016602,1.31938916016,1.29862988281,ChestBack,1.21490356445,1.09251794434,1.37314794922,SternumFront,1.35995654297,1.29883435059,1.47846228027,SternumBack,1.28383618164,1.15308728027,1.54944445801,rShoulderFront,1.48070898438,1.20889428711,1.46703259277,rShoulderBack,1.41676245117,1.08318493652,1.51946459961,rWristOuter,1.64631665039,1.27670837402,0.934018859863,rWristInner,1.6463092041,1.20982775879,0.906763122559,rPalm,1.71018676758,1.24040820313,0.907154785156
1407452638.0,943112787.0,18,ChestFront,1.93370947266,0.968828918457,1.17488867188,ChestBack,2.07602124023,0.74375970459,1.32888537598,SternumFront,1.91982678223,0.974441711426,1.34066345215,SternumBack,2.01204699707,0.837115966797,1.47096472168,rShoulderFront,2.01810852051,1.03741564941,1.35638439941,rShoulderBack,2.09702294922,0.947659973145,1.46952185059,rWristOuter,1.98020581055,1.27248779297,1.06019641113,rWristInner,2.03430236816,1.32151159668,1.06663928223,rPalm,1.97220019531,1.33781933594,1.07252075195,ChestFront,1.35279467773,1.31932995605,1.29861633301,ChestBack,1.21504943848,1.09211901855,1.37313720703,SternumFront,1.36006933594,1.29849194336,1.4782668457,SternumBack,1.28446496582,1.15236669922,1.54953344727,rShoulderFront,1.48093652344,1.20901574707,1.46638012695,rShoulderBack,1.41746557617,1.08323925781,1.51875598145,rWristOuter,1.64813061523,1.27736401367,0.932041809082,rWristInner,1.64809155273,1.20996704102,0.905249511719,rPalm,1.71205224609,1.24094873047,0.90526739502
1407452638.0,952983950.0,18,ChestFront,1.93355334473,0.968713623047,1.1747154541,ChestBack,2.07595922852,0.743722595215,1.32886669922,SternumFront,1.91977844238,0.974489318848,1.34043395996,SternumBack,2.01223852539,0.837118164063,1.47090966797,rShoulderFront,2.01801965332,1.03763146973,1.35601928711,rShoulderBack,2.09712353516,0.947815307617,1.46921923828,rWristOuter,1.9777232666,1.26817663574,1.05456921387,rWristInner,2.03121801758,1.3176697998,1.06023583984,rPalm,1.96897143555,1.33380603027,1.06521252441,ChestFront,1.35232873535,1.31924951172,1.29850964355,ChestBack,1.21526757812,1.09178039551,1.37319311523,SternumFront,1.36020263672,1.2981973877,1.47804943848,SternumBack,1.28493151855,1.15206237793,1.54943591309,rShoulderFront,1.48105407715,1.20919543457,1.46586328125,rShoulderBack,1.41816491699,1.08304150391,1.51809191895,rWristOuter,1.64941577148,1.27785021973,0.930114379883,rWristInner,1.65016589355,1.20992529297,0.903869934082,rPalm,1.71345568848,1.24137988281,0.903340454102
1407452638.0,963081851.0,18,ChestFront,1.93340332031,0.968598693848,1.17450268555,ChestBack,2.07593579102,0.743683959961,1.32881542969,SternumFront,1.91972888184,0.974593933105,1.34015637207,SternumBack,2.01225268555,0.837402648926,1.47077148437,rShoulderFront,2.01792480469,1.03767321777,1.35562536621,rShoulderBack,2.09721191406,0.948069152832,1.46872265625,rWristOuter,1.97503552246,1.26416784668,1.04843701172,rWristInner,2.02832067871,1.31407434082,1.05399157715,rPalm,1.9660246582,1.33008154297,1.0583449707,ChestFront,1.3518605957,1.31915966797,1.2984465332,ChestBack,1.21562109375,1.09131396484,1.37325415039,SternumFront,1.36027038574,1.2979855957,1.47785791016,SternumBack,1.28550720215,1.15160375977,1.54935656738,rShoulderFront,1.48129199219,1.20946142578,1.46512915039,rShoulderBack,1.41895483398,1.08314941406,1.51749987793,rWristOuter,1.65056628418,1.2783236084,0.927948181152,rWristInner,1.65132873535,1.21016369629,0.902417358398,rPalm,1.71465637207,1.24205212402,0.901884277344
1407452638.0,973155267.0,18,ChestFront,1.93325195313,0.968404174805,1.17422961426,ChestBack,2.07593457031,0.743615234375,1.32876062012,SternumFront,1.91968164063,0.974701538086,1.33978442383,SternumBack,2.01238793945,0.837569030762,1.47061401367,rShoulderFront,2.01785778809,1.03746569824,1.35495202637,rShoulderBack,2.09735131836,0.948277526855,1.46807080078,rWristOuter,1.97207824707,1.26044958496,1.04189990234,rWristInner,2.02505700684,1.31070849609,1.04746655273,rPalm,1.96270336914,1.32635791016,1.05111999512,ChestFront,1.35134289551,1.31910046387,1.29842114258,ChestBack,1.21603833008,1.0907010498,1.3733527832,SternumFront,1.36030773926,1.2978470459,1.47768334961,SternumBack,1.28626086426,1.15078198242,1.549421875,rShoulderFront,1.48138537598,1.2096739502,1.46446643066,rShoulderBack,1.4198371582,1.08288415527,1.51700268555,rWristOuter,1.65109082031,1.2785423584,0.926120300293,rWristInner,1.65237744141,1.21018164063,0.901098999023,rPalm,1.71554882812,1.24278234863,0.900203125
1407452638.0,983201893.0,18,ChestFront,1.93303930664,0.968145141602,1.17390380859,ChestBack,2.07594824219,0.743549377441,1.32869750977,SternumFront,1.91962915039,0.974762939453,1.33935327148,SternumBack,2.01263012695,0.837702636719,1.47044934082,rShoulderFront,2.01802563477,1.03733435059,1.3540333252,rShoulderBack,2.09753271484,0.948437438965,1.4673104248,rWristOuter,1.96941870117,1.25734814453,1.03570581055,rWristInner,2.02216394043,1.30786437988,1.04113806152,rPalm,1.95956628418,1.32306860352,1.04384033203,ChestFront,1.35067504883,1.31904931641,1.29834265137,ChestBack,1.21647253418,1.09024438477,1.37342419434,SternumFront,1.36039221191,1.29778027344,1.47754956055,SternumBack,1.28683300781,1.15032275391,1.54921716309,rShoulderFront,1.48173144531,1.20989282227,1.46399816895,rShoulderBack,1.42073876953,1.08274658203,1.51648461914,rWristOuter,1.65189086914,1.27881872559,0.924404541016,rWristInner,1.6535723877,1.21049462891,0.899979980469,rPalm,1.71652954102,1.2436159668,0.898642578125
1407452638.0,993264930.0,18,ChestFront,1.93283325195,0.967774536133,1.17359936523,ChestBack,2.07596411133,0.743497070313,1.32860961914,SternumFront,1.91964660645,0.974676452637,1.33889904785,SternumBack,2.01288098145,0.837920227051,1.4702557373,rShoulderFront,2.0182175293,1.03737939453,1.35287060547,rShoulderBack,2.09768310547,0.948740112305,1.4665994873,rWristOuter,1.9668260498,1.25449853516,1.02936743164,rWristInner,2.01872668457,1.30519470215,1.03394519043,rPalm,1.95657116699,1.32041711426,1.03674194336,ChestFront,1.34999291992,1.31894921875,1.29824304199,ChestBack,1.21683776855,1.08988415527,1.37349755859,SternumFront,1.36048742676,1.29765344238,1.47739831543,SternumBack,1.28736914063,1.14996362305,1.54907702637,rShoulderFront,1.48202124023,1.21016967773,1.46357751465,rShoulderBack,1.42142382813,1.08287695312,1.51592956543,rWristOuter,1.65241271973,1.27893676758,0.923317993164,rWristInner,1.6548190918,1.21056384277,0.899061462402,rPalm,1.71743127441,1.24438439941,0.89717401123
1407452639.0,3180367.0,18,ChestFront,1.9326484375,0.967407409668,1.17332531738,ChestBack,2.07600537109,0.743479187012,1.32851367188,SternumFront,1.91964685059,0.974513061523,1.33840515137,SternumBack,2.01317224121,0.838117919922,1.4700579834,rShoulderFront,2.01816784668,1.03751196289,1.35199633789,rShoulderBack,2.09775634766,0.949289978027,1.46594555664,rWristOuter,1.96355627441,1.25223474121,1.02255963135,rWristInner,2.01617285156,1.30364855957,1.02870019531,rPalm,1.9533371582,1.31788439941,1.02926452637,ChestFront,1.34946203613,1.3188203125,1.29811938477,ChestBack,1.21715246582,1.08959448242,1.37349108887,SternumFront,1.36054858398,1.29756066895,1.47728271484,SternumBack,1.28800891113,1.14952648926,1.54905273438,rShoulderFront,1.48230688477,1.21057800293,1.46316235352,rShoulderBack,1.42203649902,1.08302478027,1.51545251465,rWristOuter,1.65299951172,1.27912255859,0.921574707031,rWristInner,1.65583947754,1.21082189941,0.898151123047,rPalm,1.7182833252,1.2451184082,0.895457458496
1407452639.0,13182807.0,18,ChestFront,1.93256347656,0.96686895752,1.17299707031,ChestBack,2.07611572266,0.743448303223,1.32845385742,SternumFront,1.91964172363,0.97430255127,1.33783996582,SternumBack,2.01349157715,0.838343139648,1.46987023926,rShoulderFront,2.0178951416,1.03730273438,1.35088476563,rShoulderBack,2.09797558594,0.949931152344,1.46517626953,rWristOuter,1.96105603027,1.2503762207,1.01625012207,rWristInner,2.01320556641,1.30160534668,1.02133911133,rPalm,1.95044836426,1.31572412109,1.02222668457,ChestFront,1.34916796875,1.31871972656,1.29799279785,ChestBack,1.21751513672,1.08904858398,1.37355700684,SternumFront,1.36062316895,1.29748022461,1.47713269043,SternumBack,1.28873510742,1.14905102539,1.54898352051,rShoulderFront,1.48248535156,1.21095178223,1.46267297363,rShoulderBack,1.42281433105,1.08294165039,1.51492883301,rWristOuter,1.65316162109,1.27938806152,0.920373962402,rWristInner,1.65705749512,1.21119616699,0.897151489258,rPalm,1.71904284668,1.24615661621,0.894096374512
1407452639.0,23002394.0,18,ChestFront,1.93255114746,0.966161987305,1.17262268066,ChestBack,2.07624389648,0.743431396484,1.32838952637,SternumFront,1.91956530762,0.974085021973,1.33735229492,SternumBack,2.01376171875,0.83858215332,1.46962890625,rShoulderFront,2.01766552734,1.03722351074,1.35002661133,rShoulderBack,2.09826318359,0.950369262695,1.4642701416,rWristOuter,1.95823181152,1.24883605957,1.00928833008,rWristInner,2.01023620605,1.30001586914,1.01469989014,rPalm,1.94786462402,1.31417773438,1.01509265137,ChestFront,1.34876184082,1.31867211914,1.2978651123,ChestBack,1.21786877441,1.08844775391,1.37358752441,SternumFront,1.36076306152,1.29733007813,1.47698400879,SternumBack,1.28932763672,1.14866333008,1.54891430664,rShoulderFront,1.48285656738,1.21109375,1.46215026855,rShoulderBack,1.42357019043,1.08306713867,1.51448144531,rWristOuter,1.65338696289,1.27958728027,0.919325744629,rWristInner,1.65799560547,1.21144848633,0.896712646484,rPalm,1.71971508789,1.2471763916,0.892812744141
1407452639.0,33090574.0,18,ChestFront,1.93259143066,0.965680664062,1.17235327148,ChestBack,2.07642407227,0.743442932129,1.32834387207,SternumFront,1.9194284668,0.974052124023,1.33689624023,SternumBack,2.01407116699,0.838750915527,1.46945349121,rShoulderFront,2.01757849121,1.03727954102,1.34892578125,rShoulderBack,2.09845263672,0.950788818359,1.46338757324,rWristOuter,1.95557141113,1.24734802246,1.00253564453,rWristInner,2.0076640625,1.29876123047,1.00828436279,rPalm,1.94535668945,1.31312194824,1.00774694824,ChestFront,1.34819262695,1.31860888672,1.29765258789,ChestBack,1.21821350098,1.08798071289,1.3735994873,SternumFront,1.36089001465,1.2971817627,1.47678735352,SternumBack,1.28987414551,1.14840698242,1.54879272461,rShoulderFront,1.48338842773,1.21123620605,1.46158825684,rShoulderBack,1.42428857422,1.08324926758,1.51406445313,rWristOuter,1.65351928711,1.2799765625,0.917811523438,rWristInner,1.65882226563,1.21152392578,0.89578515625,rPalm,1.7202421875,1.24779919434,0.891472351074
1407452639.0,43272107.0,18,ChestFront,1.9326072998,0.96533605957,1.17209008789,ChestBack,2.07665722656,0.743463500977,1.32834667969,SternumFront,1.91926403809,0.973923156738,1.33639550781,SternumBack,2.0144161377,0.83902154541,1.46925366211,rShoulderFront,2.01760656738,1.03725354004,1.34763476563,rShoulderBack,2.09852319336,0.951344482422,1.46261865234,rWristOuter,1.95335437012,1.24617565918,0.99569921875,rWristInner,2.00467565918,1.29820568848,1.00188781738,rPalm,1.94248706055,1.31216748047,1.00071118164,ChestFront,1.34761755371,1.31856530762,1.29743408203,ChestBack,1.21855578613,1.08766503906,1.37360839844,SternumFront,1.36099035645,1.29698498535,1.47660974121,SternumBack,1.2904161377,1.14809008789,1.54874890137,rShoulderFront,1.4837479248,1.21143139648,1.46108557129,rShoulderBack,1.42491442871,1.08310217285,1.51367504883,rWristOuter,1.65342565918,1.28042932129,0.916465026855,rWristInner,1.65947790527,1.21190478516,0.894660095215,rPalm,1.72052233887,1.24842077637,0.890636169434
1407452639.0,53202097.0,18,ChestFront,1.93264025879,0.964966796875,1.17181860352,ChestBack,2.0769519043,0.743484863281,1.32835656738,SternumFront,1.91905102539,0.973760742187,1.33591418457,SternumBack,2.0148515625,0.839264221191,1.46911157227,rShoulderFront,2.0174074707,1.03712768555,1.34669543457,rShoulderBack,2.09871557617,0.952095214844,1.46168347168,rWristOuter,1.95034008789,1.24614099121,0.988887878418,rWristInner,2.00232653809,1.29752478027,0.995968200684,rPalm,1.9400456543,1.31128613281,0.994316772461,ChestFront,1.34722460937,1.31856958008,1.29728015137,ChestBack,1.21888232422,1.08744714355,1.37358422852,SternumFront,1.36102941895,1.29684741211,1.47640625,SternumBack,1.29101635742,1.14774743652,1.54869238281,rShoulderFront,1.48389294434,1.21161486816,1.46063525391,rShoulderBack,1.42549450684,1.08302441406,1.51326147461,rWristOuter,1.65341247559,1.28060546875,0.91519519043,rWristInner,1.65968640137,1.21195043945,0.893984985352,rPalm,1.72083837891,1.24920556641,0.889832214355
1407452639.0,63069921.0,18,ChestFront,1.93276745605,0.964580566406,1.17161669922,ChestBack,2.07728369141,0.743516967773,1.32832067871,SternumFront,1.9187668457,0.973689880371,1.33549279785,SternumBack,2.01526049805,0.839632324219,1.46890039062,rShoulderFront,2.01702893066,1.03717541504,1.34582495117,rShoulderBack,2.09886523437,0.952640014648,1.46089147949,rWristOuter,1.94793029785,1.24529614258,0.982208190918,rWristInner,1.99912817383,1.29711987305,0.990360778809,rPalm,1.93721813965,1.31060852051,0.98754095459,ChestFront,1.34695532227,1.31862158203,1.29714916992,ChestBack,1.21917150879,1.0871192627,1.37357080078,SternumFront,1.36113049316,1.29665734863,1.47623022461,SternumBack,1.29144311523,1.14775158691,1.54813378906,rShoulderFront,1.48399719238,1.21188513184,1.46005432129,rShoulderBack,1.42616308594,1.08310424805,1.51277685547,rWristOuter,1.65352990723,1.28068823242,0.913505065918,rWristInner,1.66025927734,1.21214660645,0.892793518066,rPalm,1.72136462402,1.24980712891,0.888973815918
1407452639.0,73078385.0,18,ChestFront,1.93287817383,0.964301757813,1.17147265625,ChestBack,2.07759985352,0.74357220459,1.32825915527,SternumFront,1.91839660645,0.973590270996,1.33494848633,SternumBack,2.015734375,0.839934997559,1.46874890137,rShoulderFront,2.01647937012,1.03729467773,1.3447434082,rShoulderBack,2.09902172852,0.953209472656,1.46013671875,rWristOuter,1.94564660645,1.245,0.976106262207,rWristInner,1.99659899902,1.29705651855,0.985002075195,rPalm,1.93459375,1.31006799316,0.981183532715,ChestFront,1.34675891113,1.3187578125,1.29704272461,ChestBack,1.21945214844,1.0866472168,1.3736463623,SternumFront,1.36118505859,1.29652734375,1.4760411377,SternumBack,1.29210803223,1.14715966797,1.54841040039,rShoulderFront,1.48426464844,1.21209179688,1.45940734863,rShoulderBack,1.42678601074,1.08326220703,1.51223962402,rWristOuter,1.65369726562,1.28098217773,0.911983032227,rWristInner,1.66101928711,1.21212866211,0.891485412598,rPalm,1.72186901855,1.25031713867,0.887883361816
1407452639.0,83114581.0,18,ChestFront,1.93291687012,0.963864135742,1.17126306152,ChestBack,2.07789672852,0.743640441895,1.3281965332,SternumFront,1.91817712402,0.973558349609,1.33455419922,SternumBack,2.01615844727,0.840384399414,1.46855578613,rShoulderFront,2.01608044434,1.03708081055,1.34379260254,rShoulderBack,2.09915698242,0.954122009277,1.4591126709,rWristOuter,1.94329443359,1.24472998047,0.969485473633,rWristInner,1.99428662109,1.29675537109,0.979889648438,rPalm,1.93208056641,1.30987963867,0.975132507324,ChestFront,1.34664343262,1.31883398438,1.29694055176,ChestBack,1.2197565918,1.08614355469,1.3736920166,SternumFront,1.3612265625,1.29642895508,1.47584997559,SternumBack,1.29261828613,1.14683581543,1.54821179199,rShoulderFront,1.48465905762,1.21221801758,1.45857568359,rShoulderBack,1.42744213867,1.08345178223,1.5116138916,rWristOuter,1.65427587891,1.28099462891,0.910614196777,rWristInner,1.66142138672,1.21227648926,0.890277954102,rPalm,1.7223236084,1.25054992676,0.886969238281
1407452639.0,93052061.0,18,ChestFront,1.93291308594,0.963181335449,1.17093823242,ChestBack,2.07814624023,0.743743774414,1.32810852051,SternumFront,1.91807177734,0.973593261719,1.33419677734,SternumBack,2.01647460937,0.84089453125,1.46833544922,rShoulderFront,2.01583068848,1.03728369141,1.34287158203,rShoulderBack,2.09930932617,0.954667297363,1.45830407715,rWristOuter,1.9412401123,1.2445916748,0.964180786133,rWristInner,1.99156652832,1.29687817383,0.974589904785,rPalm,1.92954760742,1.30927807617,0.96899395752,ChestFront,1.3465390625,1.31891149902,1.29687854004,ChestBack,1.22003405762,1.08572790527,1.37371899414,SternumFront,1.36125280762,1.29633483887,1.47565893555,SternumBack,1.29298352051,1.14681237793,1.54778588867,rShoulderFront,1.48491723633,1.21235681152,1.45785498047,rShoulderBack,1.42794348145,1.083328125,1.51101879883,rWristOuter,1.65477429199,1.28140783691,0.908873413086,rWristInner,1.6623848877,1.21231835937,0.888627990723,rPalm,1.72322839355,1.25069189453,0.885494995117
1407452639.0,103039858.0,18,ChestFront,1.93286999512,0.96256237793,1.17060498047,ChestBack,2.07839746094,0.743867675781,1.32802124023,SternumFront,1.91789294434,0.97351739502,1.33370239258,SternumBack,2.01685742188,0.84128137207,1.46814758301,rShoulderFront,2.01532507324,1.03751550293,1.34203881836,rShoulderBack,2.09922070312,0.955330993652,1.4575690918,rWristOuter,1.93919628906,1.24448925781,0.958501159668,rWristInner,1.98938781738,1.29712585449,0.969492004395,rPalm,1.92778466797,1.30921850586,0.963687744141,ChestFront,1.34639953613,1.31894714355,1.29678125,ChestBack,1.2203059082,1.08541833496,1.37373327637,SternumFront,1.36102038574,1.29750634766,1.47600622559,SternumBack,1.2937064209,1.14618640137,1.54806066895,rShoulderFront,1.48501965332,1.21278039551,1.45718798828,rShoulderBack,1.42833691406,1.08359753418,1.51042236328,rWristOuter,1.65555749512,1.28160058594,0.907485412598,rWristInner,1.6635715332,1.21230688477,0.887856628418,rPalm,1.72379943848,1.25091369629,0.884058959961
1407452639.0,113260407.0,18,ChestFront,1.93262963867,0.962095581055,1.17027368164,ChestBack,2.07866088867,0.744038452148,1.3279732666,SternumFront,1.91780505371,0.973406188965,1.33322302246,SternumBack,2.01725744629,0.841592834473,1.46792492676,rShoulderFront,2.01477392578,1.03735949707,1.3409498291,rShoulderBack,2.0991081543,0.956264160156,1.45673828125,rWristOuter,1.93750671387,1.24441967773,0.953323852539,rWristInner,1.98723583984,1.29729199219,0.964512084961,rPalm,1.92559814453,1.30905712891,0.958099060059,ChestFront,1.34619140625,1.31899597168,1.29661364746,ChestBack,1.22052050781,1.08515161133,1.37373913574,SternumFront,1.36120751953,1.29567749023,1.47496264648,SternumBack,1.2941418457,1.14592687988,1.54790661621,rShoulderFront,1.48515710449,1.2131920166,1.45645593262,rShoulderBack,1.42882629395,1.08357055664,1.50978588867,rWristOuter,1.6566418457,1.2821105957,0.906054931641,rWristInner,1.66410668945,1.21289672852,0.886013305664,rPalm,1.72474230957,1.2510123291,0.882290466309
1407452639.0,122997184.0,18,ChestFront,1.93232055664,0.961667724609,1.16992480469,ChestBack,2.07891333008,0.744234741211,1.32797717285,SternumFront,1.91770666504,0.973386352539,1.33287182617,SternumBack,2.01761560059,0.841970397949,1.46766943359,rShoulderFront,2.01431884766,1.0374519043,1.34027099609,rShoulderBack,2.09923950195,0.956859313965,1.45613537598,rWristOuter,1.93554516602,1.24451867676,0.948211791992,rWristInner,1.98522607422,1.2975246582,0.959731445312,rPalm,1.92380065918,1.30903112793,0.953213256836,ChestFront,1.34593847656,1.3190793457,1.29639440918,ChestBack,1.22081420898,1.08480175781,1.37378479004,SternumFront,1.36123205566,1.29554736328,1.47472631836,SternumBack,1.29444433594,1.14593566895,1.5476439209,rShoulderFront,1.48554040527,1.21368737793,1.4554083252,rShoulderBack,1.42951000977,1.08375854492,1.50904882813,rWristOuter,1.65770349121,1.28237597656,0.904656188965,rWristInner,1.66471386719,1.21361108398,0.884530700684,rPalm,1.72569445801,1.25126647949,0.880836242676
1407452639.0,133222033.0,18,ChestFront,1.93195910645,0.961306030273,1.16972436523,ChestBack,2.07931835938,0.744421264648,1.32798693848,SternumFront,1.91754016113,0.973260742188,1.33229003906,SternumBack,2.01799353027,0.842322387695,1.46743481445,rShoulderFront,2.01398742676,1.0373671875,1.33956872559,rShoulderBack,2.09932983398,0.957358886719,1.45550085449,rWristOuter,1.93392919922,1.24483374023,0.943506774902,rWristInner,1.98331799316,1.29783154297,0.955655517578,rPalm,1.92189123535,1.30879504395,0.948477722168,ChestFront,1.34560290527,1.31921118164,1.29614672852,ChestBack,1.22104675293,1.08431652832,1.37383666992,SternumFront,1.36123950195,1.2954140625,1.4744888916,SternumBack,1.29483703613,1.14559423828,1.54755297852,rShoulderFront,1.48535510254,1.21435595703,1.45434191895,rShoulderBack,1.43025585938,1.08381262207,1.50809533691,rWristOuter,1.65918017578,1.28292163086,0.903202880859,rWristInner,1.66527807617,1.21425439453,0.882697509766,rPalm,1.72658532715,1.25138769531,0.878901794434
1407452639.0,143375582.0,18,ChestFront,1.93161889648,0.960848083496,1.16948132324,ChestBack,2.0797121582,0.744605895996,1.32795397949,SternumFront,1.91731079102,0.973120178223,1.33176293945,SternumBack,2.01833544922,0.84271673584,1.4672565918,rShoulderFront,2.01344348145,1.03728381348,1.33883825684,rShoulderBack,2.09925,0.958173828125,1.4547902832,rWristOuter,1.93229675293,1.24470715332,0.938578369141,rWristInner,1.98129064941,1.29804663086,0.951999755859,rPalm,1.91966052246,1.30846472168,0.943690002441,ChestFront,1.34522277832,1.31935595703,1.29589550781,ChestBack,1.22126965332,1.08381469727,1.37392443848,SternumFront,1.36126733398,1.29525646973,1.47424719238,SternumBack,1.29529174805,1.14517236328,1.54744165039,rShoulderFront,1.48495678711,1.21458569336,1.45368762207,rShoulderBack,1.43078015137,1.0838795166,1.5072265625,rWristOuter,1.66065686035,1.28318518066,0.90203527832,rWristInner,1.66584265137,1.21477331543,0.881373596191,rPalm,1.72766186523,1.2515489502,0.877134887695
1407452639.0,152981236.0,18,ChestFront,1.93134777832,0.960538574219,1.16933776855,ChestBack,2.08013427734,0.744825073242,1.32790795898,SternumFront,1.91710302734,0.973050109863,1.33141589355,SternumBack,2.0186282959,0.843059387207,1.46715112305,rShoulderFront,2.01278674316,1.03707580566,1.33790222168,rShoulderBack,2.09918701172,0.958849609375,1.45428405762,rWristOuter,1.93092248535,1.24467272949,0.934223571777,rWristInner,1.9793125,1.29824975586,0.948325439453,rPalm,1.91771020508,1.30834802246,0.93928717041,ChestFront,1.34482910156,1.31949279785,1.29566430664,ChestBack,1.22145458984,1.08348046875,1.37395825195,SternumFront,1.36144958496,1.29515649414,1.47398168945,SternumBack,1.29585131836,1.14471020508,1.54733288574,rShoulderFront,1.48471789551,1.21491882324,1.45211462402,rShoulderBack,1.43126513672,1.08406237793,1.50634985352,rWristOuter,1.66207739258,1.28395825195,0.900842773437,rWristInner,1.66668383789,1.21504541016,0.879624938965,rPalm,1.72851623535,1.25155102539,0.875482116699
1407452639.0,163099426.0,18,ChestFront,1.93114453125,0.960254943848,1.1692722168,ChestBack,2.08049438477,0.745013916016,1.3278170166,SternumFront,1.91686352539,0.97279473877,1.33098071289,SternumBack,2.01893981934,0.843265075684,1.46706164551,rShoulderFront,2.01218078613,1.03715185547,1.3374552002,rShoulderBack,2.09909863281,0.959357849121,1.45381201172,rWristOuter,1.9294777832,1.24459692383,0.930072387695,rWristInner,1.9774453125,1.29839172363,0.945036865234,rPalm,1.9158223877,1.30778845215,0.935171936035,ChestFront,1.34444055176,1.31954663086,1.29545422363,ChestBack,1.22160998535,1.08325109863,1.37398120117,SternumFront,1.36157312012,1.2950189209,1.47368981934,SternumBack,1.29639038086,1.14434387207,1.54716772461,rShoulderFront,1.48473522949,1.21530004883,1.45089306641,rShoulderBack,1.4318515625,1.08409265137,1.50549389648,rWristOuter,1.66351599121,1.28417773438,0.899591674805,rWristInner,1.66716723633,1.21518737793,0.878141723633,rPalm,1.72980358887,1.25159423828,0.873903442383
1407452639.0,173094186.0,18,ChestFront,1.93102392578,0.959473266602,1.16899682617,ChestBack,2.08080126953,0.745171569824,1.32778869629,SternumFront,1.91659069824,0.972484619141,1.330546875,SternumBack,2.01910070801,0.843628723145,1.46693078613,rShoulderFront,2.01157702637,1.0371973877,1.33708129883,rShoulderBack,2.09896044922,0.959932617188,1.45332629395,rWristOuter,1.92842700195,1.24455187988,0.926498962402,rWristInner,1.97549780273,1.2986541748,0.941942749023,rPalm,1.9140736084,1.30753381348,0.93151965332,ChestFront,1.3441282959,1.31952990723,1.29534643555,ChestBack,1.22174243164,1.08304956055,1.37397680664,SternumFront,1.36172619629,1.29488452148,1.4733885498,SternumBack,1.29686291504,1.14420800781,1.54695385742,rShoulderFront,1.48444567871,1.21555126953,1.45016125488,rShoulderBack,1.43243347168,1.08432971191,1.50460498047,rWristOuter,1.66449536133,1.28439916992,0.898391967773,rWristInner,1.66816455078,1.21546289063,0.876733886719,rPalm,1.73081054688,1.25159899902,0.872827148437
1407452639.0,183018800.0,18,ChestFront,1.93076806641,0.958745361328,1.16875378418,ChestBack,2.08101464844,0.745379760742,1.32770239258,SternumFront,1.91634838867,0.972284179688,1.33020922852,SternumBack,2.0192791748,0.843848693848,1.46678918457,rShoulderFront,2.0111048584,1.0373104248,1.33678466797,rShoulderBack,2.09880957031,0.960614013672,1.45290014648,rWristOuter,1.92787182617,1.24477661133,0.922885131836,rWristInner,1.97400744629,1.29889196777,0.939288391113,rPalm,1.91247180176,1.30725610352,0.92776373291,ChestFront,1.34377038574,1.31947460938,1.29518005371,ChestBack,1.22191918945,1.08279760742,1.37389343262,SternumFront,1.36178710938,1.29483679199,1.4730994873,SternumBack,1.29736853027,1.14397485352,1.54684240723,rShoulderFront,1.4845222168,1.21578198242,1.44889013672,rShoulderBack,1.43306628418,1.08419665527,1.50364038086,rWristOuter,1.6654921875,1.28436169434,0.897124694824,rWristInner,1.66908068848,1.2154140625,0.875756835937,rPalm,1.7318548584,1.2517791748,0.871938537598
1407452639.0,193133811.0,18,ChestFront,1.930421875,0.958232177734,1.1685892334,ChestBack,2.08126904297,0.745517089844,1.32773657227,SternumFront,1.91615014648,0.972233764648,1.3300078125,SternumBack,2.01944592285,0.844108459473,1.4666628418,rShoulderFront,2.01058996582,1.03746948242,1.33641796875,rShoulderBack,2.0987253418,0.961097167969,1.45258105469,rWristOuter,1.92657775879,1.24505615234,0.919931884766,rWristInner,1.97253112793,1.29903808594,0.936868347168,rPalm,1.91078674316,1.30680029297,0.924772460937,ChestFront,1.34346777344,1.31950622559,1.2950390625,ChestBack,1.22217346191,1.08242431641,1.37383618164,SternumFront,1.3618560791,1.29481848145,1.47285253906,SternumBack,1.29789709473,1.14344506836,1.54686254883,rShoulderFront,1.48445227051,1.2157199707,1.44760351563,rShoulderBack,1.43350842285,1.08427270508,1.50301696777,rWristOuter,1.66602770996,1.28472888184,0.896493652344,rWristInner,1.66962878418,1.21558752441,0.875064697266,rPalm,1.73238366699,1.25183691406,0.871468261719
1407452639.0,202960920.0,18,ChestFront,1.92976989746,0.957729980469,1.16826025391,ChestBack,2.08152490234,0.745653869629,1.32773693848,SternumFront,1.91592736816,0.972153930664,1.32985021973,SternumBack,2.01958935547,0.844411865234,1.46650720215,rShoulderFront,2.01007019043,1.03741687012,1.33587597656,rShoulderBack,2.0985637207,0.96146282959,1.45221643066,rWristOuter,1.92625268555,1.24496252441,0.916964050293,rWristInner,1.97080712891,1.29922619629,0.934256286621,rPalm,1.90973779297,1.30647094727,0.921687744141,ChestFront,1.34302111816,1.31955993652,1.29495605469,ChestBack,1.22242626953,1.08209997559,1.37371459961,SternumFront,1.36188208008,1.29479919434,1.47268920898,SternumBack,1.298359375,1.14302502441,1.54677209473,rShoulderFront,1.48454577637,1.2156295166,1.44711975098,rShoulderBack,1.43388134766,1.08423071289,1.50246606445,rWristOuter,1.66676000977,1.28488806152,0.895902709961,rWristInner,1.67014489746,1.2158651123,0.874388305664,rPalm,1.73288769531,1.2518001709,0.871372375488
1407452639.0,213019160.0,18,ChestFront,1.92859570313,0.957407348633,1.16844445801,ChestBack,2.08185961914,0.745821655273,1.32776086426,SternumFront,1.9157845459,0.972141479492,1.32978271484,SternumBack,2.01970812988,0.844673706055,1.46634643555,rShoulderFront,2.00960632324,1.0373770752,1.33552355957,rShoulderBack,2.09829345703,0.961863525391,1.45184936523,rWristOuter,1.92506115723,1.24508935547,0.913815856934,rWristInner,1.9696427002,1.29935522461,0.931879455566,rPalm,1.90840112305,1.30639831543,0.91866973877,ChestFront,1.34235559082,1.31956408691,1.29490393066,ChestBack,1.22270825195,1.08184777832,1.37356091309,SternumFront,1.36186889648,1.29475427246,1.47262231445,SternumBack,1.29865734863,1.14264978027,1.54669018555,rShoulderFront,1.48463537598,1.2156192627,1.4470168457,rShoulderBack,1.43414050293,1.0838951416,1.50200561523,rWristOuter,1.66744445801,1.28481103516,0.895543701172,rWristInner,1.67014489746,1.2158651123,0.874388305664,rPalm,1.73328430176,1.25171411133,0.87142755127
1407452639.0,223103866.0,18,ChestFront,1.92803417969,0.957344482422,1.16851464844,ChestBack,2.08211767578,0.745967834473,1.32776452637,SternumFront,1.91567785645,0.972041137695,1.32966577148,SternumBack,2.01985595703,0.844944885254,1.46621130371,rShoulderFront,2.0090949707,1.03748754883,1.33525415039,rShoulderBack,2.09805517578,0.962361206055,1.45150939941,rWristOuter,1.92451611328,1.24540319824,0.911401428223,rWristInner,1.96844311523,1.29948937988,0.92999041748,rPalm,1.90722180176,1.30602978516,0.916342224121,ChestFront,1.34172143555,1.3195213623,1.29492248535,ChestBack,1.22291931152,1.0817097168,1.37342175293,SternumFront,1.36185437012,1.29472741699,1.47259960938,SternumBack,1.29885620117,1.14238061523,1.54661218262,rShoulderFront,1.48464001465,1.21549169922,1.44698876953,rShoulderBack,1.43427600098,1.08363354492,1.50178710937,rWristOuter,1.66786816406,1.28476123047,0.895617675781,rWristInner,1.67014489746,1.2158651123,0.874388305664,rPalm,1.73349401855,1.25160400391,0.871541503906
1407452639.0,232968851.0,18,ChestFront,1.92772546387,0.957402648926,1.16854125977,ChestBack,2.08237304687,0.746096008301,1.32777355957,SternumFront,1.9155579834,0.971872375488,1.32952844238,SternumBack,2.01998815918,0.845155151367,1.46606518555,rShoulderFront,2.0086751709,1.03772900391,1.33504418945,rShoulderBack,2.09785791016,0.962922973633,1.45122644043,rWristOuter,1.92347387695,1.24598144531,0.909820739746,rWristInner,1.96699572754,1.29982788086,0.92779107666,rPalm,1.90601171875,1.30570031738,0.914048706055,ChestFront,1.34132263184,1.31939428711,1.29501123047,ChestBack,1.22308093262,1.08162805176,1.37330664063,SternumFront,1.36185095215,1.29468334961,1.47269702148,SternumBack,1.29894714355,1.14218566895,1.54659765625,rShoulderFront,1.48465515137,1.21535766602,1.4470736084,rShoulderBack,1.4343605957,1.08339953613,1.50175939941,rWristOuter,1.6679909668,1.2847677002,0.896161743164,rWristInner,1.67014489746,1.2158651123,0.874388305664,rPalm,1.7333939209,1.25136657715,0.871775024414
1407452639.0,243227355.0,18,ChestFront,1.92764892578,0.957545471191,1.1684888916,ChestBack,2.08261035156,0.746263916016,1.3277800293,SternumFront,1.91539916992,0.971568725586,1.32934667969,SternumBack,2.02008007812,0.845319213867,1.46596203613,rShoulderFront,2.00817041016,1.03797888184,1.33490881348,rShoulderBack,2.09768383789,0.963380371094,1.45097131348,rWristOuter,1.92331835938,1.24481677246,0.906252380371,rWristInner,1.96647436523,1.30002880859,0.926448364258,rPalm,1.90498986816,1.30568164063,0.911594299316,ChestFront,1.34112695313,1.31924914551,1.29514929199,ChestBack,1.22313586426,1.08159594727,1.37324255371,SternumFront,1.3618001709,1.29462524414,1.47281494141,SternumBack,1.2989375,1.14210192871,1.54662878418,rShoulderFront,1.48486975098,1.21567163086,1.44761706543,rShoulderBack,1.43430090332,1.08327319336,1.5019276123,rWristOuter,1.66786291504,1.28468188477,0.897090698242,rWristInner,1.67014489746,1.2158651123,0.874388305664,rPalm,1.73297192383,1.25098266602,0.872192199707
1407452639.0,253073441.0,18,ChestFront,1.9276315918,0.957593139648,1.16841577148,ChestBack,2.08282104492,0.746396728516,1.32775036621,SternumFront,1.91524267578,0.971255187988,1.32917810059,SternumBack,2.02016601563,0.845480773926,1.46586071777,rShoulderFront,2.0076151123,1.03825878906,1.33483850098,rShoulderBack,2.09749389648,0.963721801758,1.45076293945,rWristOuter,1.92272973633,1.24529406738,0.904386352539,rWristInner,1.96491333008,1.30063220215,0.924262023926,rPalm,1.90435021973,1.30568505859,0.90958215332,ChestFront,1.34095373535,1.31891552734,1.29534240723,ChestBack,1.22314807129,1.0816048584,1.37322827148,SternumFront,1.36178564453,1.29459729004,1.47298156738,SternumBack,1.29877697754,1.14210009766,1.54669628906,rShoulderFront,1.48477893066,1.2153972168,1.44789575195,rShoulderBack,1.43410302734,1.08312255859,1.50221594238,rWristOuter,1.66746826172,1.28436694336,0.898071350098,rWristInner,1.66906677246,1.21569543457,0.87522052002,rPalm,1.73244506836,1.25057324219,0.872798828125
1407452639.0,263281022.0,18,ChestFront,1.92761901855,0.957604125977,1.16834448242,ChestBack,2.08303149414,0.746521606445,1.32774169922,SternumFront,1.91505895996,0.971043212891,1.32907531738,SternumBack,2.02026574707,0.845624755859,1.46577429199,rShoulderFront,2.00692260742,1.0385480957,1.33478820801,rShoulderBack,2.09727734375,0.964008911133,1.45054602051,rWristOuter,1.92207897949,1.24529541016,0.902163024902,rWristInner,1.96428491211,1.30073901367,0.923240600586,rPalm,1.90346936035,1.3057043457,0.90772869873,ChestFront,1.34092712402,1.31863330078,1.29553881836,ChestBack,1.22308190918,1.08168151855,1.37323999023,SternumFront,1.36167285156,1.2945682373,1.4731697998,SternumBack,1.29852307129,1.14213903809,1.54679443359,rShoulderFront,1.48454504395,1.21456945801,1.44821386719,rShoulderBack,1.43382800293,1.08307849121,1.50262744141,rWristOuter,1.66674951172,1.28379052734,0.898661804199,rWristInner,1.66836206055,1.21539306641,0.875742431641,rPalm,1.73175061035,1.25027636719,0.873688903809
1407452639.0,273208497.0,18,ChestFront,1.92752233887,0.957571838379,1.16825854492,ChestBack,2.08317822266,0.74666583252,1.3276784668,SternumFront,1.91483337402,0.970873046875,1.32898486328,SternumBack,2.02037182617,0.845760009766,1.46570202637,rShoulderFront,2.00639208984,1.0386640625,1.33468505859,rShoulderBack,2.09706884766,0.964294616699,1.45036047363,rWristOuter,1.92182080078,1.24508776855,0.900891723633,rWristInner,1.96302807617,1.30104663086,0.921489685059,rPalm,1.90254516602,1.30554980469,0.906012390137,ChestFront,1.34110180664,1.31838500977,1.29574182129,ChestBack,1.22295288086,1.08183081055,1.3732376709,SternumFront,1.36155603027,1.29457116699,1.4733996582,SternumBack,1.29819836426,1.14221484375,1.54690588379,rShoulderFront,1.48452392578,1.2142421875,1.44910375977,rShoulderBack,1.43340905762,1.08286035156,1.5030447998,rWristOuter,1.66555383301,1.28294726563,0.899948669434,rWristInner,1.66751513672,1.21505712891,0.876541564941,rPalm,1.73081408691,1.24987768555,0.874995117188
1407452639.0,283043284.0,18,ChestFront,1.92741772461,0.957521850586,1.16812158203,ChestBack,2.08334033203,0.746825561523,1.32764099121,SternumFront,1.91464123535,0.970750244141,1.32893200684,SternumBack,2.02047473145,0.845872741699,1.46562976074,rShoulderFront,2.00595031738,1.0386027832,1.33455981445,rShoulderBack,2.09687597656,0.964634094238,1.45023010254,rWristOuter,1.92119458008,1.24577441406,0.899185302734,rWristInner,1.9624029541,1.30117590332,0.920418640137,rPalm,1.9019519043,1.30542407227,0.904148925781,ChestFront,1.34138867188,1.31820166016,1.29589746094,ChestBack,1.22275036621,1.08207373047,1.37322924805,SternumFront,1.36136132813,1.29455603027,1.47367980957,SternumBack,1.29778881836,1.14233215332,1.54704980469,rShoulderFront,1.48434692383,1.21406787109,1.4497142334,rShoulderBack,1.43286523438,1.08280725098,1.50356994629,rWristOuter,1.6642401123,1.28213476562,0.900500915527,rWristInner,1.66665844727,1.21460742188,0.87739050293,rPalm,1.72971679688,1.24959558105,0.877023132324
1407452639.0,293044260.0,18,ChestFront,1.92728234863,0.957497924805,1.16800061035,ChestBack,2.08350317383,0.746973266602,1.32758496094,SternumFront,1.9144876709,0.970702758789,1.32890332031,SternumBack,2.02056762695,0.845992492676,1.46556750488,rShoulderFront,2.0056307373,1.03864453125,1.33441870117,rShoulderBack,2.09665869141,0.965016906738,1.45009875488,rWristOuter,1.92070788574,1.24608325195,0.897695251465,rWristInner,1.96153552246,1.30146936035,0.919068908691,rPalm,1.90106152344,1.30537219238,0.902370849609,ChestFront,1.34178869629,1.31808911133,1.29603552246,ChestBack,1.22253894043,1.08232348633,1.37322753906,SternumFront,1.36120117188,1.29456408691,1.47392419434,SternumBack,1.29730944824,1.14252661133,1.54723413086,rShoulderFront,1.48453088379,1.21445446777,1.45067712402,rShoulderBack,1.43235192871,1.08258447266,1.50436694336,rWristOuter,1.66210913086,1.28137487793,0.902313476563,rWristInner,1.66575366211,1.21359057617,0.878689941406,rPalm,1.72860913086,1.24912353516,0.878842407227
1407452639.0,303216848.0,18,ChestFront,1.92713549805,0.95741784668,1.16788269043,ChestBack,2.08365136719,0.747113891602,1.32753601074,SternumFront,1.91424291992,0.97064251709,1.32886743164,SternumBack,2.02064611816,0.846080749512,1.46546826172,rShoulderFront,2.00536474609,1.03866162109,1.33427368164,rShoulderBack,2.09649487305,0.96540020752,1.45003308105,rWristOuter,1.91977832031,1.2473359375,0.897484313965,rWristInner,1.96051269531,1.30178601074,0.917749572754,rPalm,1.90036828613,1.30524560547,0.900927001953,ChestFront,1.34213537598,1.31803503418,1.29613830566,ChestBack,1.22233422852,1.0825592041,1.37325708008,SternumFront,1.36108874512,1.29462854004,1.4741340332,SternumBack,1.29675366211,1.14271923828,1.54743188477,rShoulderFront,1.48406164551,1.21354077148,1.45129882813,rShoulderBack,1.43189831543,1.08259179688,1.50530407715,rWristOuter,1.66056542969,1.28021008301,0.903674438477,rWristInner,1.66475317383,1.21264978027,0.879945678711,rPalm,1.72728686523,1.24856677246,0.881076599121
1407452639.0,313241957.0,18,ChestFront,1.92704064941,0.957230041504,1.16772314453,ChestBack,2.08377978516,0.74722833252,1.3275111084,SternumFront,1.91400476074,0.970555725098,1.32885058594,SternumBack,2.02073461914,0.846200439453,1.46540893555,rShoulderFront,2.0050579834,1.03889245605,1.33412304688,rShoulderBack,2.09633032227,0.965686340332,1.44995166016,rWristOuter,1.91988635254,1.24589746094,0.894692810059,rWristInner,1.96003833008,1.30202722168,0.916940612793,rPalm,1.89983996582,1.30525549316,0.899734924316,ChestFront,1.3425189209,1.3179855957,1.2962467041,ChestBack,1.22209020996,1.08275817871,1.37330761719,SternumFront,1.36088464355,1.2946340332,1.4743684082,SternumBack,1.29605725098,1.14298657227,1.54762780762,rShoulderFront,1.48344873047,1.2134375,1.45221020508,rShoulderBack,1.43142980957,1.08263745117,1.50627648926,rWristOuter,1.65880334473,1.27905236816,0.905089660645,rWristInner,1.66369055176,1.21176831055,0.881595153809,rPalm,1.72567956543,1.24794885254,0.883432067871
1407452639.0,323063524.0,18,ChestFront,1.92696142578,0.95692175293,1.16749987793,ChestBack,2.0839453125,0.747366149902,1.32749597168,SternumFront,1.91375756836,0.970448059082,1.32880908203,SternumBack,2.02078857422,0.846300354004,1.46532666016,rShoulderFront,2.00478491211,1.03879968262,1.33400280762,rShoulderBack,2.09621777344,0.965922485352,1.44988818359,rWristOuter,1.91967028809,1.24589807129,0.893220275879,rWristInner,1.95943371582,1.3023614502,0.916023925781,rPalm,1.89911437988,1.30536120605,0.898754821777,ChestFront,1.34303088379,1.31794726562,1.29638269043,ChestBack,1.22189196777,1.08292749023,1.3733326416,SternumFront,1.36062548828,1.29472717285,1.47460192871,SternumBack,1.29524279785,1.14335961914,1.54780419922,rShoulderFront,1.48308459473,1.21320507813,1.45308557129,rShoulderBack,1.43074963379,1.08261877441,1.50721166992,rWristOuter,1.65652111816,1.27795019531,0.906867553711,rWristInner,1.66262341309,1.21065441895,0.883338867187,rPalm,1.72392102051,1.24733154297,0.886307312012
1407452639.0,333090239.0,18,ChestFront,1.9273046875,0.957771240234,1.1679552002,ChestBack,2.08410961914,0.747492614746,1.32747253418,SternumFront,1.91349914551,0.970258300781,1.32870068359,SternumBack,2.02082543945,0.846407531738,1.46525793457,rShoulderFront,2.00438867188,1.03907287598,1.33398486328,rShoulderBack,2.09610473633,0.966120361328,1.44981225586,rWristOuter,1.91927575684,1.2466348877,0.892226318359,rWristInner,1.9585703125,1.30256262207,0.914882629395,rPalm,1.89844628906,1.30559155273,0.897619812012,ChestFront,1.34361474609,1.31801281738,1.29660681152,ChestBack,1.2217076416,1.08309240723,1.37333203125,SternumFront,1.36026306152,1.29487902832,1.47483569336,SternumBack,1.29450146484,1.14370019531,1.54800476074,rShoulderFront,1.48260705566,1.21282470703,1.45375598145,rShoulderBack,1.42998034668,1.08245263672,1.50821484375,rWristOuter,1.65437939453,1.27643835449,0.908685241699,rWristInner,1.66137768555,1.20962438965,0.88507598877,rPalm,1.72210131836,1.24674633789,0.889401245117
1407452639.0,343252901.0,18,ChestFront,1.92729956055,0.957682495117,1.16790075684,ChestBack,2.08426928711,0.747570800781,1.32745678711,SternumFront,1.91322924805,0.970071228027,1.32863781738,SternumBack,2.0208527832,0.846514038086,1.46519470215,rShoulderFront,2.00395788574,1.03916625977,1.33395617676,rShoulderBack,2.09599438477,0.966297912598,1.44976098633,rWristOuter,1.91856152344,1.24729968262,0.89091394043,rWristInner,1.95809240723,1.30282775879,0.914124328613,rPalm,1.89808813477,1.30575073242,0.896687866211,ChestFront,1.34422216797,1.31808508301,1.29678442383,ChestBack,1.22152575684,1.08324768066,1.37335803223,SternumFront,1.35985705566,1.29510168457,1.47507617188,SternumBack,1.2938347168,1.14393994141,1.54822143555,rShoulderFront,1.48223388672,1.21283813477,1.45513342285,rShoulderBack,1.42904150391,1.08257092285,1.5095279541,rWristOuter,1.65211999512,1.27525219727,0.910605529785,rWristInner,1.65997937012,1.20828601074,0.887103027344,rPalm,1.7203729248,1.24584887695,0.892692321777
1407452639.0,352966572.0,18,ChestFront,1.92726708984,0.957577575684,1.16790930176,ChestBack,2.08440014648,0.747635742188,1.32742602539,SternumFront,1.91305981445,0.969979675293,1.32859863281,SternumBack,2.02091699219,0.846591125488,1.46514953613,rShoulderFront,2.00352685547,1.03920544434,1.3339498291,rShoulderBack,2.09586108398,0.966506896973,1.44964428711,rWristOuter,1.91852819824,1.24702758789,0.889725341797,rWristInner,1.95769946289,1.30317468262,0.913501586914,rPalm,1.8977076416,1.30595397949,0.895730041504,ChestFront,1.34477099609,1.3182520752,1.29689440918,ChestBack,1.22133032227,1.08342773438,1.37335754395,SternumFront,1.35946264648,1.29532312012,1.47533764648,SternumBack,1.29282897949,1.14446472168,1.54844458008,rShoulderFront,1.48193347168,1.21263537598,1.45601696777,rShoulderBack,1.42828149414,1.0827121582,1.51051953125,rWristOuter,1.64997509766,1.27354370117,0.912646484375,rWristInner,1.65882946777,1.20725195313,0.88871472168,rPalm,1.71851757812,1.24490161133,0.895725402832
1407452639.0,363092081.0,18,ChestFront,1.92604956055,0.955147949219,1.16672351074,ChestBack,2.08452124023,0.747743408203,1.32744006348,SternumFront,1.91289624023,0.969880187988,1.32857592773,SternumBack,2.02098400879,0.846680908203,1.46512036133,rShoulderFront,2.00313977051,1.03930786133,1.33391650391,rShoulderBack,2.09573535156,0.966724304199,1.44956213379,rWristOuter,1.91857324219,1.24739343262,0.888596313477,rWristInner,1.95698681641,1.30355371094,0.912528686523,rPalm,1.89710217285,1.30622351074,0.894753112793,ChestFront,1.34535119629,1.31828649902,1.29689550781,ChestBack,1.22107849121,1.08364172363,1.37337255859,SternumFront,1.3590501709,1.29554956055,1.47560461426,SternumBack,1.29187036133,1.14491760254,1.54873669434,rShoulderFront,1.48168347168,1.21222143555,1.45674890137,rShoulderBack,1.42744592285,1.0827409668,1.51159899902,rWristOuter,1.64797973633,1.27230297852,0.914733215332,rWristInner,1.6583326416,1.20573730469,0.891383056641,rPalm,1.71683764648,1.24406164551,0.899030334473
1407452639.0,373072579.0,18,ChestFront,1.92594030762,0.954986450195,1.16676220703,ChestBack,2.08463647461,0.747799804688,1.3274362793,SternumFront,1.91272595215,0.969854248047,1.32859545898,SternumBack,2.02103259277,0.846762695313,1.4650925293,rShoulderFront,2.00285534668,1.03926928711,1.3337869873,rShoulderBack,2.09562133789,0.966924682617,1.44945739746,rWristOuter,1.91853210449,1.24778955078,0.887379211426,rWristInner,1.95626696777,1.30421142578,0.911548400879,rPalm,1.89655615234,1.3063770752,0.893668029785,ChestFront,1.34587011719,1.31852404785,1.29701672363,ChestBack,1.22078674316,1.08399194336,1.37331958008,SternumFront,1.35859094238,1.29585766602,1.47594665527,SternumBack,1.29105981445,1.14552587891,1.54888549805,rShoulderFront,1.48100170898,1.21225158691,1.45793652344,rShoulderBack,1.42638647461,1.08295239258,1.51281677246,rWristOuter,1.64634240723,1.27096691895,0.917298156738,rWristInner,1.65644616699,1.20480065918,0.893554626465,rPalm,1.71524084473,1.24284350586,0.902359741211
1407452639.0,383163829.0,18,ChestFront,1.92582568359,0.954844299316,1.16686975098,ChestBack,2.08480224609,0.747857910156,1.32745385742,SternumFront,1.91266369629,0.969780700684,1.32859655762,SternumBack,2.02109643555,0.846829406738,1.46504858398,rShoulderFront,2.00262097168,1.03931799316,1.33367150879,rShoulderBack,2.09551660156,0.967127380371,1.44935058594,rWristOuter,1.91793115234,1.2489296875,0.88717175293,rWristInner,1.95603527832,1.30463793945,0.911232299805,rPalm,1.89621960449,1.30652746582,0.89284375,ChestFront,1.34636206055,1.31880322266,1.2971505127,ChestBack,1.22046643066,1.08445239258,1.37329431152,SternumFront,1.35813098145,1.29628601074,1.47629846191,SternumBack,1.29008984375,1.1458963623,1.54909069824,rShoulderFront,1.48088696289,1.21219067383,1.45894873047,rShoulderBack,1.42538879395,1.08305419922,1.5138416748,rWristOuter,1.64462097168,1.26978466797,0.920190612793,rWristInner,1.65518457031,1.20371264648,0.896071472168,rPalm,1.71369274902,1.24175280762,0.905718078613
1407452639.0,393108976.0,18,ChestFront,1.92571801758,0.954703796387,1.16698779297,ChestBack,2.08488671875,0.74790637207,1.32745214844,SternumFront,1.91252575684,0.969700256348,1.32860900879,SternumBack,2.0211418457,0.846888671875,1.46503259277,rShoulderFront,2.00248486328,1.03930004883,1.3335994873,rShoulderBack,2.0954519043,0.967324279785,1.44926171875,rWristOuter,1.91746911621,1.24999206543,0.887037353516,rWristInner,1.95588134766,1.3050769043,0.911046813965,rPalm,1.89605603027,1.30673083496,0.892291259766,ChestFront,1.34668579102,1.31903039551,1.29729956055,ChestBack,1.22007873535,1.08493811035,1.37326831055,SternumFront,1.35755297852,1.29663256836,1.47664782715,SternumBack,1.28913085937,1.14636352539,1.54931396484,rShoulderFront,1.48062060547,1.21198095703,1.46012316895,rShoulderBack,1.42441882324,1.08338952637,1.51474108887,rWristOuter,1.64298901367,1.26860095215,0.923592163086,rWristInner,1.65432128906,1.20260192871,0.899254516602,rPalm,1.71200695801,1.24113659668,0.909325500488
1407452639.0,403084258.0,18,ChestFront,1.92558203125,0.954586486816,1.16715869141,ChestBack,2.08502929688,0.747942199707,1.32748828125,SternumFront,1.91235522461,0.969675292969,1.32865209961,SternumBack,2.02117993164,0.846936889648,1.46501550293,rShoulderFront,2.0023527832,1.03922851563,1.33353039551,rShoulderBack,2.09540551758,0.967452941895,1.44921520996,rWristOuter,1.91770117188,1.24998144531,0.885380371094,rWristInner,1.95548901367,1.30583654785,0.910699523926,rPalm,1.89590734863,1.30703588867,0.891809997559,ChestFront,1.34703918457,1.31922338867,1.2975657959,ChestBack,1.21981323242,1.08522583008,1.37320166016,SternumFront,1.35714160156,1.29690185547,1.47703405762,SternumBack,1.28815002441,1.14680249023,1.54951635742,rShoulderFront,1.48017553711,1.2121472168,1.46123828125,rShoulderBack,1.4234473877,1.08359277344,1.51578930664,rWristOuter,1.64102087402,1.26766296387,0.927317749023,rWristInner,1.65239819336,1.20235595703,0.901622558594,rPalm,1.71039770508,1.24066992188,0.913289428711
1407452639.0,413263101.0,18,ChestFront,1.92549707031,0.954543884277,1.16732800293,ChestBack,2.08512817383,0.747975585938,1.3274786377,SternumFront,1.91222644043,0.969613647461,1.3287175293,SternumBack,2.02123583984,0.846933410645,1.46501489258,rShoulderFront,2.00224475098,1.03913500977,1.33347631836,rShoulderBack,2.09536010742,0.967557556152,1.4491295166,rWristOuter,1.91797033691,1.25000024414,0.884279785156,rWristInner,1.95505786133,1.30650585938,0.910230651855,rPalm,1.89570788574,1.30745300293,0.89139465332,ChestFront,1.34740625,1.31930944824,1.29792834473,ChestBack,1.21959106445,1.08549182129,1.37315637207,SternumFront,1.35667077637,1.29721252441,1.47750268555,SternumBack,1.2870291748,1.14735559082,1.5496940918,rShoulderFront,1.48013549805,1.21210424805,1.46210864258,rShoulderBack,1.42250646973,1.08374047852,1.51684729004,rWristOuter,1.63896374512,1.26700878906,0.931286865234,rWristInner,1.65177001953,1.20169873047,0.905228393555,rPalm,1.70877416992,1.24044506836,0.917974060059
1407452639.0,423132195.0,18,ChestFront,1.92536035156,0.954481994629,1.16743493652,ChestBack,2.08520385742,0.748006713867,1.32747839355,SternumFront,1.91207421875,0.969563781738,1.32880041504,SternumBack,2.02129711914,0.846942810059,1.4650032959,rShoulderFront,2.00214318848,1.03911706543,1.33348400879,rShoulderBack,2.09532348633,0.967618713379,1.44906872559,rWristOuter,1.91813684082,1.25030639648,0.883803527832,rWristInner,1.9547298584,1.30697119141,0.910080566406,rPalm,1.89553076172,1.30781921387,0.891234985352,ChestFront,1.3477701416,1.31929370117,1.29837207031,ChestBack,1.21934777832,1.08586523437,1.3731072998,SternumFront,1.35626989746,1.2975447998,1.4780222168,SternumBack,1.28613500977,1.14770019531,1.54997106934,rShoulderFront,1.47985083008,1.21194274902,1.4633605957,rShoulderBack,1.4216072998,1.08385803223,1.5178380127,rWristOuter,1.63694519043,1.26577868652,0.935199645996,rWristInner,1.65124121094,1.20136791992,0.909042297363,rPalm,1.70716003418,1.24084094238,0.923293151855
1407452639.0,433000585.0,18,ChestFront,1.92528649902,0.954442565918,1.16758886719,ChestBack,2.0852253418,0.74806628418,1.32741479492,SternumFront,1.91190661621,0.969490539551,1.32892102051,SternumBack,2.02134448242,0.846922546387,1.46501452637,rShoulderFront,2.00203015137,1.03905456543,1.3335177002,rShoulderBack,2.09529882813,0.967637268066,1.44906481934,rWristOuter,1.91830712891,1.25065625,0.883465576172,rWristInner,1.9545579834,1.30732092285,0.91021887207,rPalm,1.89539013672,1.30813903809,0.891498168945,ChestFront,1.3479642334,1.31921240234,1.29883874512,ChestBack,1.21920751953,1.08623608398,1.3730814209,SternumFront,1.35582678223,1.29782275391,1.47847875977,SternumBack,1.28527233887,1.14823120117,1.55022143555,rShoulderFront,1.47959069824,1.21188684082,1.46456945801,rShoulderBack,1.42075146484,1.08417272949,1.51877380371,rWristOuter,1.63445153809,1.26530932617,0.939557312012,rWristInner,1.65097033691,1.20154345703,0.913080505371,rPalm,1.70572888184,1.24180419922,0.928999694824
1407452639.0,443297771.0,18,ChestFront,1.92521057129,0.954437316895,1.16768444824,ChestBack,2.08525830078,0.748114196777,1.32737878418,SternumFront,1.91173901367,0.969476318359,1.32905029297,SternumBack,2.0213494873,0.84693963623,1.46502380371,rShoulderFront,2.00198156738,1.03901477051,1.333546875,rShoulderBack,2.09527612305,0.967649841309,1.44909899902,rWristOuter,1.91821960449,1.2511394043,0.883821533203,rWristInner,1.954421875,1.30767248535,0.910687438965,rPalm,1.89537133789,1.30835205078,0.892160949707,ChestFront,1.3480723877,1.31913745117,1.2993458252,ChestBack,1.21902233887,1.08665588379,1.37310412598,SternumFront,1.35542382812,1.2980637207,1.47889709473,SternumBack,1.28442724609,1.14893273926,1.55032653809,rShoulderFront,1.47942700195,1.21195751953,1.4651875,rShoulderBack,1.41988598633,1.08457104492,1.51974804687,rWristOuter,1.63259179688,1.26526635742,0.944139526367,rWristInner,1.65095275879,1.20187414551,0.917630981445,rPalm,1.70435803223,1.24364294434,0.93518145752
1407452639.0,453156628.0,18,ChestFront,1.92510302734,0.954460876465,1.16781152344,ChestBack,2.08527709961,0.748183166504,1.32736462402,SternumFront,1.91157946777,0.969479858398,1.32917675781,SternumBack,2.02135754395,0.846889526367,1.46505615234,rShoulderFront,2.00190588379,1.03897680664,1.33363757324,rShoulderBack,2.09528125,0.967573547363,1.44921606445,rWristOuter,1.91826147461,1.25160620117,0.884238586426,rWristInner,1.95455310059,1.3078137207,0.911277404785,rPalm,1.89542016602,1.30871057129,0.893182800293,ChestFront,1.34811206055,1.31909423828,1.29975878906,ChestBack,1.21883886719,1.08697753906,1.3731439209,SternumFront,1.35499450684,1.2983145752,1.47935144043,SternumBack,1.28363500977,1.14934313965,1.55048706055,rShoulderFront,1.47895617676,1.21187109375,1.46610388184,rShoulderBack,1.41909863281,1.08479943848,1.52078198242,rWristOuter,1.63064294434,1.26579650879,0.949118774414,rWristInner,1.65099719238,1.20282824707,0.922207641602,rPalm,1.70311523438,1.24569970703,0.941443969727
1407452639.0,463282303.0,18,ChestFront,1.92502099609,0.954450439453,1.16801379395,ChestBack,2.0852734375,0.748226745605,1.3273494873,SternumFront,1.91145812988,0.969474365234,1.32932470703,SternumBack,2.02137792969,0.846794250488,1.4651159668,rShoulderFront,2.00189868164,1.03890710449,1.3337364502,rShoulderBack,2.09530932617,0.967457824707,1.44944104004,rWristOuter,1.9183248291,1.2520090332,0.884969177246,rWristInner,1.9547779541,1.30808605957,0.912060791016,rPalm,1.89568469238,1.30919006348,0.894218200684,ChestFront,1.34820373535,1.31910192871,1.30014855957,ChestBack,1.21864013672,1.08729174805,1.37316662598,SternumFront,1.35449414062,1.29865441895,1.47982543945,SternumBack,1.28290844727,1.14960192871,1.55073608398,rShoulderFront,1.47828808594,1.21160058594,1.46710070801,rShoulderBack,1.41833215332,1.08497192383,1.52176196289,rWristOuter,1.62907128906,1.26681689453,0.954492431641,rWristInner,1.65099719238,1.20282824707,0.922207641602,rPalm,1.70217724609,1.24813879395,0.947783874512
1407452639.0,473042802.0,18,ChestFront,1.92487341309,0.95451965332,1.16811535645,ChestBack,2.08521289063,0.748286437988,1.32735974121,SternumFront,1.91138049316,0.969481445313,1.32945800781,SternumBack,2.02134716797,0.846689758301,1.46519604492,rShoulderFront,2.00192785645,1.03885437012,1.33388806152,rShoulderBack,2.09530395508,0.967303100586,1.44965930176,rWristOuter,1.91851647949,1.25237646484,0.886130371094,rWristInner,1.95526733398,1.30825415039,0.913144592285,rPalm,1.89588269043,1.30930151367,0.895485290527,ChestFront,1.34835681152,1.31914477539,1.30053503418,ChestBack,1.21841577148,1.08752868652,1.3732043457,SternumFront,1.3541505127,1.29883227539,1.48016894531,SternumBack,1.28204626465,1.1500880127,1.55094458008,rShoulderFront,1.47813366699,1.21194348145,1.46804272461,rShoulderBack,1.41752197266,1.08535876465,1.5225982666,rWristOuter,1.6279453125,1.26800756836,0.959769042969,rWristInner,1.65169152832,1.20734387207,0.931883789063,rPalm,1.70141711426,1.2509855957,0.954098876953
1407452639.0,483031141.0,18,ChestFront,1.92483483887,0.954562927246,1.16834143066,ChestBack,2.08512011719,0.748292175293,1.32734118652,SternumFront,1.91135375977,0.969492492676,1.32961608887,SternumBack,2.02128503418,0.846545349121,1.46530407715,rShoulderFront,2.00199462891,1.03882055664,1.33406799316,rShoulderBack,2.09534521484,0.967071777344,1.4499753418,rWristOuter,1.91846789551,1.25301647949,0.887860778809,rWristInner,1.95539599609,1.30858166504,0.914519958496,rPalm,1.89584094238,1.30961376953,0.897337280273,ChestFront,1.34854968262,1.31921203613,1.30086328125,ChestBack,1.21813928223,1.08766809082,1.37330578613,SternumFront,1.35370605469,1.29904284668,1.48060046387,SternumBack,1.28121704102,1.15061120605,1.55108361816,rShoulderFront,1.47768151855,1.2116796875,1.46890258789,rShoulderBack,1.41645300293,1.08530725098,1.52335803223,rWristOuter,1.62752416992,1.27020910645,0.96541796875,rWristInner,1.65177770996,1.21045751953,0.936518920898,rPalm,1.7013671875,1.25427587891,0.960549560547
1407452639.0,493063378.0,18,ChestFront,1.92481176758,0.954641357422,1.16856140137,ChestBack,2.08499584961,0.748303894043,1.32730285645,SternumFront,1.91131884766,0.969581665039,1.32984399414,SternumBack,2.02114221191,0.846484191895,1.46536889648,rShoulderFront,2.00207861328,1.03882824707,1.33433093262,rShoulderBack,2.09539697266,0.966790039063,1.45028637695,rWristOuter,1.91854418945,1.25283789062,0.889359802246,rWristInner,1.95556884766,1.30866540527,0.916250793457,rPalm,1.8958729248,1.30961560059,0.89900982666,ChestFront,1.34880529785,1.31923095703,1.30124731445,ChestBack,1.21783789063,1.08775646973,1.37330273437,SternumFront,1.35330041504,1.29919897461,1.48092700195,SternumBack,1.28048217773,1.15093811035,1.55127453613,rShoulderFront,1.4771105957,1.2115559082,1.46988366699,rShoulderBack,1.41544140625,1.08528356934,1.52426513672,rWristOuter,1.62732043457,1.2725859375,0.970867675781,rWristInner,1.65294311523,1.2134699707,0.941671020508,rPalm,1.70162438965,1.25827099609,0.96639654541
1407452639.0,503064058.0,18,ChestFront,1.92478710937,0.954676208496,1.1687902832,ChestBack,2.08483007812,0.748295532227,1.32730615234,SternumFront,1.91127148438,0.969612365723,1.33010620117,SternumBack,2.02104101562,0.846303710938,1.46551245117,rShoulderFront,2.00218969727,1.03886218262,1.33458044434,rShoulderBack,2.09538012695,0.966581359863,1.45055822754,rWristOuter,1.91904077148,1.25283679199,0.891704162598,rWristInner,1.95607189941,1.30870495605,0.918019470215,rPalm,1.89651757813,1.30978308105,0.901560302734,ChestFront,1.34903088379,1.31919262695,1.30157409668,ChestBack,1.21741418457,1.08803369141,1.3732722168,SternumFront,1.3529119873,1.29930932617,1.48125317383,SternumBack,1.27965222168,1.15123791504,1.55145178223,rShoulderFront,1.47657397461,1.21136828613,1.47062060547,rShoulderBack,1.4146171875,1.08536022949,1.52504638672,rWristOuter,1.6275168457,1.27559594727,0.976492736816,rWristInner,1.65509277344,1.21700402832,0.94674822998,rPalm,1.7024197998,1.26254199219,0.972722717285
1407452639.0,513217069.0,18,ChestFront,1.92474060059,0.954749145508,1.16902502441,ChestBack,2.08463012695,0.748257385254,1.32728942871,SternumFront,1.91115942383,0.969608703613,1.33037890625,SternumBack,2.02087121582,0.84609979248,1.46563378906,rShoulderFront,2.00238208008,1.03883642578,1.33484729004,rShoulderBack,2.09532861328,0.966383666992,1.45086218262,rWristOuter,1.91888098145,1.25330603027,0.893475952148,rWristInner,1.95682495117,1.3087956543,0.920211425781,rPalm,1.89678198242,1.31037060547,0.903864624023,ChestFront,1.3492689209,1.31918994141,1.3018548584,ChestBack,1.21693383789,1.08842700195,1.37316296387,SternumFront,1.35251220703,1.29943432617,1.48159521484,SternumBack,1.27866918945,1.15156884766,1.55153161621,rShoulderFront,1.47628320312,1.21118054199,1.47168688965,rShoulderBack,1.41375927734,1.08529956055,1.52573828125,rWristOuter,1.62852050781,1.27893908691,0.981805664063,rWristInner,1.65681726074,1.22179528809,0.95162310791,rPalm,1.70358764648,1.26738952637,0.978989196777
