0.0,2.03432330753,0.805165127358,1.11326790674,0.0,0.0,2.06768892851,0.0220639027512,-0.401327989597,0.0973334348398,0.0590487011917,0.244534014869,0.10760803063,-2.22044604925e-16,0.0,0.0,0.0,0.581818340519,-1.00331274943,-0.24056932207,0.407010951141,1.0013443466,-0.307349753875,2.63892538999,0.245732509265,0.325494353059,-0.132165978448,-0.0454288904074,-2.22044604925e-16,0.0,-1.37383090135e-16,-2.44249065418e-15,0.0,0.0,0.0,0.0,0.0,0.0,0.0,0.0,0.0,0.0,0.0,0.0,0.0,0.0,0.0,0.0,0.0,0.0
0.00993323326111,2.03466082987,0.805054673923,1.11325862939,0.0,0.0,2.0697879246,0.022297717041,-0.400866491953,0.0959394641523,0.0591404947258,0.244439705366,0.107749082884,0.0,0.0,0.0,-2.15887713069e-16,0.581692193502,-1.00302800985,-0.239096403902,0.407060873101,1.0010745927,-0.306262300547,2.64183996744,0.245432969598,0.321661247421,-0.135938252111,-0.0441261615127,-5.55111512313e-16,0.0,1.17756934401e-16,-4.4408920985e-16,0.0,-1.57009245868e-16,-4.02336192538e-16,-4.4408920985e-16,0.0,0.0,0.0,0.0,0.0,0.0,0.0,0.0,0.0,0.0,0.0,0.0,0.0,0.0
0.010101556778,2.03493807871,0.804888545078,1.11329409082,0.0,0.0,2.06901269196,0.021563116356,-0.400653654652,0.0974641381828,0.0592892374679,0.244396792583,0.107792890467,6.66133814775e-16,0.0,0.0,3.43457725337e-16,0.581321638442,-1.00244327553,-0.236521228721,0.407075237579,1.0003743925,-0.305015730615,2.65311600787,0.245184359538,0.310241594852,-0.137996760868,-0.0404931699934,-7.77156117238e-16,0.0,0.0,-4.4408920985e-16,0.0,0.0,-5.00466971205e-16,-3.88578058619e-16,0.0,0.0,0.0,0.0,0.0,0.0,0.0,0.0,0.0,0.0,0.0,0.0,0.0,0.0
0.0100452899933,2.03514787337,0.804702514135,1.11330129297,0.0,0.0,2.06813357087,0.0211473950325,-0.400338827524,0.0991822050871,0.0593658790455,0.244398329525,0.107802202972,4.4408920985e-16,0.0,1.17756934401e-16,3.3364464747e-16,0.581006967794,-1.00222295503,-0.238239710212,0.406971121248,0.999810042633,-0.301459283939,2.65642783426,0.245208372373,0.307773955538,-0.141283647854,-0.0404552206818,-2.10942374679e-15,0.0,0.0,2.44249065418e-15,0.0,-1.17756934401e-16,-4.71027737605e-16,-6.66133814775e-16,0.0,0.0,0.0,0.0,0.0,0.0,0.0,0.0,0.0,0.0,0.0,0.0,0.0,0.0
0.0100557804108,2.03529369146,0.804452215188,1.11325008447,0.0,0.0,2.06658518207,0.0206311297194,-0.400245248012,0.101837786922,0.0594433559794,0.244545825202,0.107882824483,8.881784197e-16,0.0,0.0,4.51401581872e-16,0.580123532417,-1.00198905839,-0.233896102398,0.407017960723,0.998860461864,-0.302603138786,2.65920688617,0.245125993156,0.303689414721,-0.146995298558,-0.040228012161,-1.88737914186e-15,0.0,0.0,4.4408920985e-15,0.0,-1.96261557335e-16,-9.02803163743e-16,-6.66133814775e-16,0.0,0.0,0.0,0.0,0.0,0.0,0.0,0.0,0.0,0.0,0.0,0.0,0.0,0.0
0.00981473922729,2.0354371125,0.804239389698,1.11313076074,0.0,0.0,2.06634200345,0.0213539786049,-0.399895189119,0.102656011465,0.0595096986666,0.244830481963,0.107816030483,2.22044604925e-16,0.0,0.0,0.0,0.578316851768,-1.00174120976,-0.222223821925,0.407094793949,0.997987213808,-0.308859673914,2.65935201275,0.245443985143,0.302091993791,-0.152460878648,-0.0405696894362,-1.83186799063e-15,0.0,0.0,6.66133814775e-15,0.0,0.0,-9.32242397343e-16,-7.21644966006e-16,0.0,0.0,0.0,0.0,0.0,0.0,0.0,0.0,0.0,0.0,0.0,0.0,0.0,0.0
0.0100500583649,2.03570426913,0.804070435435,1.11317238672,0.0,0.0,2.06778663624,0.0217330291268,-0.400365182174,0.101671461468,0.0595199000695,0.244879120879,0.107903693127,-6.66133814775e-16,0.0,0.0,-4.21962348271e-16,0.57776195394,-1.0013706099,-0.216599075652,0.407004864276,0.996273982478,-0.30997292264,2.66604519646,0.245622269766,0.289905106803,-0.150671935112,-0.0393261517642,-2.55351295664e-15,0.0,1.57009245868e-16,8.21565038223e-15,0.0,0.0,-1.04999933174e-15,-7.21644966006e-16,0.0,0.0,0.0,0.0,0.0,0.0,0.0,0.0,0.0,0.0,0.0,0.0,0.0,0.0
0.0101127624512,2.03583559838,0.803864249991,1.11321401269,0.0,0.0,2.0660117214,0.0209187865742,-0.40024090935,0.103763412111,0.0597045229968,0.244959174823,0.107959887149,-6.66133814775e-16,0.0,-5.29906204806e-16,-6.77102372807e-16,0.577385947814,-1.00026284115,-0.210801865122,0.40699781662,0.995660674217,-0.313663906098,2.66263506153,0.245992396151,0.289170914531,-0.153677548586,-0.0411950648667,-2.72004641033e-15,0.0,0.0,7.54951656745e-15,0.0,-1.17756934401e-16,-1.30513935628e-15,-1.11022302463e-15,0.0,0.0,0.0,0.0,0.0,0.0,0.0,0.0,0.0,0.0,0.0,0.0,0.0,0.0
0.00999426841736,2.03610614499,0.803689442498,1.11331172998,0.0,0.0,2.06835682079,0.0219679607981,-0.400373490556,0.10146327574,0.0597469411159,0.244958550458,0.107922109381,-2.22044604925e-16,0.0,-5.69158516273e-16,-1.29532627841e-15,0.577650129297,-0.999508262631,-0.204672984427,0.407278216122,0.994505856387,-0.31917656446,2.66086496741,0.245989315038,0.288410179417,-0.156909735008,-0.0412241894617,-3.10862446895e-15,0.0,-1.86448479469e-16,4.88498130835e-15,0.0,0.0,-1.55046630295e-15,-1.44328993201e-15,0.0,0.0,0.0,0.0,0.0,0.0,0.0,0.0,0.0,0.0,0.0,0.0,0.0,0.0
0.00987458229065,2.03633190482,0.803567327743,1.11332674463,0.0,0.0,2.07155457478,0.023670163124,-0.399836903361,0.0980940785059,0.0598576758505,0.245002238689,0.107885774936,0.0,0.0,-1.02056009814e-15,-1.47196168002e-15,0.57754383535,-0.999184561928,-0.202088574902,0.407347371634,0.993492347416,-0.320171057599,2.6576966999,0.245929728115,0.287899350595,-0.157271687463,-0.0413922348197,-3.66373598126e-15,0.0,0.0,5.10702591328e-15,0.0,0.0,-1.92336326189e-15,-1.49880108324e-15,0.0,0.0,0.0,0.0,0.0,0.0,0.0,0.0,0.0,0.0,0.0,0.0,0.0,0.0
0.0100014209747,2.03654439707,0.803461118155,1.11340883692,0.0,0.0,2.07338169523,0.0242745189073,-0.399218495598,0.0964241459377,0.05991074539,0.244907562691,0.10789482488,-1.7763568394e-15,0.0,-1.49158783575e-15,-1.80560632749e-15,0.577659138084,-0.997790088942,-0.200101234791,0.407539904687,0.993361347567,-0.322926924448,2.65758084711,0.2459030898,0.286679070726,-0.156772783915,-0.0409460367641,-3.83026943496e-15,0.0,4.80840815472e-16,6.43929354283e-15,0.0,0.0,-1.28551320055e-15,-1.55431223448e-15,0.0,0.0,0.0,0.0,0.0,0.0,0.0,0.0,0.0,0.0,0.0,0.0,0.0,0.0
0.00990629196167,2.03672669394,0.803331441175,1.11347206933,0.0,0.0,2.07412378378,0.0244416407006,-0.398614845227,0.0959813215324,0.0599903613991,0.24483819137,0.107867918554,-2.88657986403e-15,0.0,-1.57009245868e-15,-1.69766247095e-15,0.576548337066,-0.996506178426,-0.199718370432,0.407080928648,0.99292443618,-0.322844101115,2.65704056393,0.246375641186,0.282459640665,-0.155503072971,-0.0403514353823,-4.32986979604e-15,0.0,7.06541606408e-16,8.43769498715e-15,0.0,0.0,-1.57009245868e-15,-2.10942374679e-15,0.0,0.0,0.0,0.0,0.0,0.0,0.0,0.0,0.0,0.0,0.0,0.0,0.0,0.0
0.0100560188293,2.0369224796,0.803197574804,1.11353774316,0.0,0.0,2.07515297355,0.0242758297835,-0.398285632774,0.0952924621691,0.0599495797369,0.244758433111,0.107925244455,-2.88657986403e-15,0.0,-1.94298941762e-15,-1.89392402829e-15,0.57711782777,-0.99598926965,-0.201931135749,0.407262515091,0.992337429206,-0.321511031106,2.6592477769,0.246001355505,0.279207134935,-0.153563210326,-0.039511371683,-4.4408920985e-15,0.0,6.86915450674e-16,1.04360964315e-14,0.0,0.0,-1.58971861442e-15,-2.22044604925e-15,0.0,0.0,0.0,0.0,0.0,0.0,0.0,0.0,0.0,0.0,0.0,0.0,0.0,0.0
0.0100746154785,2.0370760376,0.803085834176,1.11363179834,0.0,0.0,2.07541354021,0.0240139580028,-0.397606611807,0.0952274883392,0.0598764496737,0.24459051001,0.107884207131,-2.88657986403e-15,0.0,-2.59065255683e-15,-1.81541940535e-15,0.577941901255,-0.995802102513,-0.205459574722,0.407609028365,0.991680872158,-0.318861043912,2.66175548292,0.2454631293,0.276726454048,-0.15202739797,-0.0385190520836,-4.66293670343e-15,0.0,6.28036983474e-16,1.15463194561e-14,0.0,0.0,-1.33457858988e-15,-2.22044604925e-15,0.0,0.0,0.0,0.0,0.0,0.0,0.0,0.0,0.0,0.0,0.0,0.0,0.0,0.0
0.00987267494202,2.03723946467,0.802955688899,1.11370992334,0.0,0.0,2.0756232756,0.0238339004146,-0.397045445595,0.0952226952662,0.0598347918895,0.244438745281,0.107782931874,-3.99680288865e-15,0.0,-2.9242972043e-15,-2.02149404056e-15,0.577598094531,-0.995587695359,-0.208567068432,0.40756181251,0.991214779211,-0.315862483775,2.66335871198,0.245580790713,0.274190017275,-0.152452228645,-0.0385610156082,-5.3290705182e-15,0.0,7.75233151475e-16,1.31006316906e-14,0.0,0.0,-1.69766247095e-15,-2.27595720048e-15,0.0,0.0,0.0,0.0,0.0,0.0,0.0,0.0,0.0,0.0,0.0,0.0,0.0,0.0
0.0101134777069,2.03736679371,0.802812118922,1.11381514795,0.0,0.0,2.07536277773,0.0231899463879,-0.396491961406,0.0958466874919,0.0599180785136,0.244282917714,0.107783791665,-5.10702591328e-15,0.0,-2.84579258136e-15,-2.61027871256e-15,0.577282149778,-0.995350825834,-0.21107772032,0.407605273982,0.990873234973,-0.313117978776,2.66556146714,0.245502448022,0.272976150594,-0.152369157923,-0.0387279297111,-5.10702591328e-15,0.0,4.90653893339e-16,1.02140518266e-14,0.0,0.0,-1.44252244642e-15,-2.49800180541e-15,0.0,0.0,0.0,0.0,0.0,0.0,0.0,0.0,0.0,0.0,0.0,0.0,0.0,0.0
0.00989532470703,2.03746364055,0.802652136847,1.11391091211,0.0,0.0,2.07436975456,0.0221740942315,-0.395931856053,0.0970726424262,0.0599709615296,0.244140602223,0.107771778408,-5.99520433298e-15,0.0,-3.08130645017e-15,-2.91448412643e-15,0.576687869369,-0.994964232133,-0.207010765766,0.407608780725,0.990051611147,-0.315402883159,2.66502866459,0.245786070946,0.272187065844,-0.152953720257,-0.0390978198108,-5.88418203051e-15,0.0,0.0,1.22124532709e-14,0.0,3.92523114671e-16,-1.40327013495e-15,-2.60902410787e-15,0.0,0.0,0.0,0.0,0.0,0.0,0.0,0.0,0.0,0.0,0.0,0.0,0.0,0.0
0.0102655887604,2.03760310404,0.802446710626,1.1140001455,0.0,0.0,2.07364379594,0.0211252510472,-0.395797702365,0.0981811104895,0.0600585043411,0.24406503602,0.10789781973,-5.55111512313e-15,0.0,-3.02242798297e-15,-3.02242798297e-15,0.575260102494,-0.994661141337,-0.203676518265,0.407321606787,0.990323823749,-0.316258666828,2.66392885377,0.246378692369,0.272113148115,-0.152280890827,-0.0396504795134,-5.66213742559e-15,0.0,0.0,1.37667655054e-14,0.0,0.0,-1.29532627841e-15,-2.60902410787e-15,0.0,0.0,0.0,0.0,0.0,0.0,0.0,0.0,0.0,0.0,0.0,0.0,0.0,0.0
0.00978684425354,2.03771891641,0.802256639045,1.11405776269,0.0,0.0,2.07348091688,0.020215741197,-0.395926601828,0.0986800885135,0.0600436112926,0.244055141563,0.108058166272,-4.88498130835e-15,0.0,-2.94392336003e-15,-3.61121265497e-15,0.575728796461,-0.995077261145,-0.206515376799,0.407466167772,0.990002666996,-0.313251010227,2.66464401888,0.246190588774,0.272702530439,-0.152977227826,-0.0402169142547,-6.38378239159e-15,0.0,0.0,1.64313007645e-14,0.0,0.0,-1.80560632749e-15,-2.55351295664e-15,0.0,0.0,0.0,0.0,0.0,0.0,0.0,0.0,0.0,0.0,0.0,0.0,0.0,0.0
0.00995445251465,2.03782687206,0.802039007399,1.11411299952,0.0,0.0,2.07241826506,0.0199995647163,-0.395517729636,0.0995620858642,0.0601907939862,0.244103878032,0.107957633158,-5.10702591328e-15,0.0,-2.72803564696e-15,-3.0126149051e-15,0.576519350278,-0.995383044786,-0.207001522116,0.407644374103,0.988571762579,-0.313393797751,2.66539475046,0.245871020101,0.273607882695,-0.155706197261,-0.0401204498189,-6.43929354283e-15,0.0,1.17756934401e-16,1.37667655054e-14,0.0,0.0,-1.81541940535e-15,-2.77555756156e-15,0.0,0.0,0.0,0.0,0.0,0.0,0.0,0.0,0.0,0.0,0.0,0.0,0.0,0.0
0.0101370811462,2.03793298901,0.801851990551,1.11413845117,0.0,0.0,2.07131139392,0.0193548142112,-0.395148529788,0.100707977432,0.0602390219618,0.244087717168,0.107951188636,-6.2172489379e-15,0.0,-3.31682031897e-15,-2.97336259363e-15,0.576682894104,-0.995498809495,-0.204746815804,0.407602471489,0.987801312086,-0.315821189614,2.66071375645,0.245985127052,0.27894023288,-0.157940840472,-0.0417910906732,-7.1054273576e-15,0.0,0.0,1.50990331349e-14,0.0,0.0,-1.99205480696e-15,-3.05311331772e-15,0.0,0.0,0.0,0.0,0.0,0.0,0.0,0.0,0.0,0.0,0.0,0.0,0.0,0.0
0.00983333587646,2.03807439579,0.801571007892,1.11414992578,0.0,0.0,2.07067181321,0.0191972433116,-0.394216716458,0.101219275726,0.0604937264075,0.244125036166,0.107903866372,-6.2172489379e-15,0.0,-3.31682031897e-15,-2.88504489283e-15,0.575921622569,-0.995382209356,-0.202761599526,0.407615038869,0.988227711947,-0.317961879604,2.65573980263,0.246102315029,0.285878502429,-0.161807219079,-0.0436129218756,-6.93889390391e-15,0.0,0.0,1.75415237891e-14,0.0,0.0,-2.05093327416e-15,-2.94209101526e-15,0.0,0.0,0.0,0.0,0.0,0.0,0.0,0.0,0.0,0.0,0.0,0.0,0.0,0.0
0.01016664505,2.03825490851,0.801374993558,1.11415773828,0.0,0.0,2.07122093944,0.0189238834229,-0.393089288773,0.100595701477,0.0608143516036,0.244088661252,0.107991704866,-7.54951656745e-15,0.0,-3.68971727791e-15,-2.8654187371e-15,0.575671600387,-0.994781248474,-0.202319130099,0.407542041159,0.987510221553,-0.318378745328,2.65911646249,0.245789876858,0.285652476999,-0.165561720058,-0.0415976907901,-6.99440505514e-15,0.0,0.0,1.95399252334e-14,0.0,-1.57009245868e-16,-2.12943789709e-15,-3.16413562018e-15,0.0,0.0,0.0,0.0,0.0,0.0,0.0,0.0,0.0,0.0,0.0,0.0,0.0,0.0
0.0100677013397,2.03839154574,0.801104640725,1.11414785058,0.0,0.0,2.07062942565,0.0181655296713,-0.392256662665,0.101367947877,0.0610892006489,0.244069458546,0.108070672275,-7.9936057773e-15,0.0,-3.88597883524e-15,-2.78691411416e-15,0.575563565784,-0.993947360447,-0.201608031603,0.407682253069,0.986911937558,-0.320103187623,2.66465910592,0.245395998321,0.281524219548,-0.168819041203,-0.0383265575246,-6.71684929898e-15,0.0,0.0,2.02060590482e-14,0.0,0.0,-2.47289562243e-15,-3.83026943496e-15,0.0,0.0,0.0,0.0,0.0,0.0,0.0,0.0,0.0,0.0,0.0,0.0,0.0,0.0
0.00995659828186,2.03844911853,0.800824609147,1.1141239248,0.0,0.0,2.06914054544,0.0171563244712,-0.391703458649,0.103387938217,0.0611909722298,0.244104113111,0.108199130169,-8.881784197e-15,0.0,-3.94485730244e-15,-2.97336259363e-15,0.574353674189,-0.993317223913,-0.201298672666,0.407227773605,0.986293782971,-0.320146186559,2.66639621172,0.245780126277,0.27937826564,-0.169845414102,-0.0373970688773,-7.1054273576e-15,0.0,0.0,2.0872192863e-14,0.0,-1.17756934401e-16,-2.63971794616e-15,-4.21884749358e-15,0.0,0.0,0.0,0.0,0.0,0.0,0.0,0.0,0.0,0.0,0.0,0.0,0.0,0.0
0.00990343093872,2.03859279635,0.800558063456,1.11411684472,0.0,0.0,2.06967899425,0.0169173609828,-0.391595758038,0.103112204864,0.0611312041166,0.244087834683,0.108310444266,-1.02140518266e-14,0.0,-3.84672652378e-15,-2.66915717976e-15,0.574501459161,-0.992786743545,-0.20181622937,0.407184581822,0.985882747752,-0.321655068739,2.66920929577,0.245812587508,0.2774638188,-0.170628246607,-0.0377387896284,-7.54951656745e-15,0.0,6.57476217074e-16,2.13162820728e-14,0.0,0.0,-2.53177408963e-15,-4.66293670343e-15,0.0,0.0,0.0,0.0,0.0,0.0,0.0,0.0,0.0,0.0,0.0,0.0,0.0,0.0
0.0101983547211,2.03866296164,0.800357882859,1.11414247949,0.0,0.0,2.0698007879,0.0167793379413,-0.391077254257,0.103010121808,0.0609697986154,0.243991657465,0.108298136991,-9.99200722163e-15,0.0,-4.16074501551e-15,-1.78598017175e-15,0.574540788182,-0.992645741863,-0.204424325723,0.407136452082,0.986399798733,-0.32090329622,2.66940944223,0.245761357429,0.279686840661,-0.171053706829,-0.0386904051442,-7.66053886991e-15,0.0,4.90653893339e-16,2.55351295664e-14,0.0,0.0,-2.34532561016e-15,-4.88498130835e-15,0.0,0.0,0.0,0.0,0.0,0.0,0.0,0.0,0.0,0.0,0.0,0.0,0.0,0.0
0.00979781150818,2.03868720048,0.800130548204,1.11420284326,0.0,0.0,2.06833828988,0.0154486106508,-0.391114666492,0.104845532705,0.0606974684566,0.243880793681,0.108383236685,-9.54791801178e-15,0.0,-3.70934343364e-15,-1.99205480696e-15,0.574230564928,-0.992319012519,-0.207124324898,0.407265417055,0.989137857957,-0.321062612791,2.66671878842,0.245695254478,0.284996287791,-0.173477344162,-0.0402726642028,-7.04991620637e-15,0.0,0.0,2.64233079861e-14,0.0,0.0,-2.53177408963e-15,-5.27355936697e-15,0.0,0.0,0.0,0.0,0.0,0.0,0.0,0.0,0.0,0.0,0.0,0.0,0.0,0.0
0.00993514060974,2.03872723084,0.799933406901,1.11429317529,0.0,0.0,2.06738267601,0.0152885054894,-0.390032954806,0.105670502989,0.0607812994662,0.243726157088,0.108288429983,-9.54791801178e-15,0.0,-3.68971727791e-15,-1.89392402829e-15,0.572665639586,-0.991943635189,-0.216608763251,0.40726515284,0.993336172949,-0.312683979569,2.67377517813,0.24581574851,0.285273558978,-0.174922861224,-0.0397272444581,-7.21644966006e-15,0.0,-1.57009245868e-16,3.13082892944e-14,0.0,0.0,-2.6299048683e-15,-5.21804821574e-15,0.0,0.0,0.0,0.0,0.0,0.0,0.0,0.0,0.0,0.0,0.0,0.0,0.0,0.0
0.00999665260315,2.03881201832,0.799781423002,1.11437447412,0.0,0.0,2.06916421403,0.0160426865152,-0.389261188702,0.103691808678,0.0608547501449,0.24358042439,0.108328007828,-1.06581410364e-14,0.0,-3.94485730244e-15,-1.96261557335e-15,0.572060314588,-0.990251360032,-0.218645042254,0.407228700738,0.995557275204,-0.314191556086,2.68340089197,0.245589601167,0.282639172257,-0.177037402292,-0.037494400681,-6.93889390391e-15,0.0,0.0,3.04201108747e-14,0.0,0.0,-2.7182225691e-15,-5.27355936697e-15,0.0,0.0,0.0,0.0,0.0,0.0,0.0,0.0,0.0,0.0,0.0,0.0,0.0,0.0
0.0100469589233,2.0387853275,0.799572358767,1.11444918115,0.0,0.0,2.06852146384,0.0160591151316,-0.388602691799,0.104466239279,0.0608827968434,0.24347923208,0.108357657114,-1.1768364061e-14,0.0,-4.14111885978e-15,-2.19812944216e-15,0.571175928147,-0.988781252724,-0.222983492796,0.407325164487,0.999997160802,-0.313869804922,2.68951779061,0.245549184509,0.28541517739,-0.172864575264,-0.0362689284213,-7.1054273576e-15,0.0,0.0,3.37507799486e-14,0.0,0.0,-3.1598110731e-15,-5.44009282066e-15,0.0,0.0,0.0,0.0,0.0,0.0,0.0,0.0,0.0,0.0,0.0,0.0,0.0,0.0
0.00994038581848,2.03880889099,0.799435882135,1.1145308462,0.0,0.0,2.06858282267,0.0160083767521,-0.388034121798,0.104525334967,0.0609716033675,0.243359489056,0.108470239618,-1.24344978758e-14,0.0,-4.16074501551e-15,-2.46308254456e-15,0.568281023966,-0.987131394774,-0.23499711214,0.40690464304,1.0094321532,-0.307729638905,2.68851570544,0.24606668895,0.300770181067,-0.176080152909,-0.0421454751264,-7.1054273576e-15,0.0,0.0,3.5527136788e-14,0.0,0.0,-3.17943722883e-15,-5.60662627436e-15,0.0,0.0,0.0,0.0,0.0,0.0,0.0,0.0,0.0,0.0,0.0,0.0,0.0,0.0
0.0101215839386,2.03880145238,0.799290955456,1.11461360987,0.0,0.0,2.06838821025,0.0160609845581,-0.38752473631,0.104692462795,0.0610757852463,0.243280759128,0.108559399454,-1.37667655054e-14,0.0,-3.96448345818e-15,-2.06074635202e-15,0.567962981031,-0.98584827936,-0.260698064408,0.40729371167,1.01701967471,-0.2901563476,2.71121665597,0.245015708407,0.292472653121,-0.175966609132,-0.0393470674142,-7.1054273576e-15,0.0,0.0,3.50830475782e-14,0.0,0.0,-3.23831569604e-15,-5.71764857682e-15,0.0,0.0,0.0,0.0,0.0,0.0,0.0,0.0,0.0,0.0,0.0,0.0,0.0,0.0
0.0101613998413,2.03885985317,0.799173248817,1.11472054346,0.0,0.0,2.06947003071,0.016413432516,-0.387190100433,0.103700650484,0.0611324904703,0.243223208796,0.108687762847,-1.35447209004e-14,0.0,-3.61121265497e-15,-2.07055942989e-15,0.566473756606,-0.98263889641,-0.268165881987,0.407327424559,1.02550873468,-0.292502265409,2.70959699138,0.244989524643,0.296312273875,-0.173807803966,-0.0393450650364,-7.1054273576e-15,0.0,-1.76635401602e-16,3.41948691585e-14,0.0,0.0,-3.3070072411e-15,-5.71764857682e-15,0.0,0.0,0.0,0.0,0.0,0.0,0.0,0.0,0.0,0.0,0.0,0.0,0.0,0.0
0.00987648963928,2.03885388382,0.798936170108,1.11482186182,0.0,0.0,2.06897102207,0.0163510444845,-0.387335604797,0.104431264591,0.061138316604,0.243293365417,0.108790814342,-1.37667655054e-14,0.0,-3.53270803204e-15,-2.40420407736e-15,0.566168237979,-0.979302179532,-0.292569324792,0.40767760742,1.03819598639,-0.284003209943,2.71555075742,0.24477252304,0.314506823138,-0.173105982822,-0.0434091567924,-7.1054273576e-15,0.0,0.0,3.5527136788e-14,0.0,-1.17756934401e-16,-3.3658857083e-15,-5.77315972805e-15,0.0,0.0,0.0,0.0,0.0,0.0,0.0,0.0,0.0,0.0,0.0,0.0,0.0,0.0
0.0100598335266,2.03889139198,0.798790303085,1.11492354639,0.0,0.0,2.06885879008,0.0160665714738,-0.387218164921,0.104772666173,0.0611709227749,0.243289472937,0.108964133743,-1.68753899743e-14,0.0,-3.17943722883e-15,-2.34532561016e-15,0.565692451629,-0.975253966044,-0.306639119659,0.407891188269,1.04844010286,-0.284128952354,2.72224966893,0.244275288942,0.316989499212,-0.173120491796,-0.0422192148369,-7.04991620637e-15,0.0,1.47196168002e-16,3.64153152077e-14,0.0,1.17756934401e-16,-3.0714933723e-15,-6.27276008913e-15,0.0,0.0,0.0,0.0,0.0,0.0,0.0,0.0,0.0,0.0,0.0,0.0,0.0,0.0
0.00996541976929,2.03888653791,0.798596233316,1.11505641992,0.0,0.0,2.06714732264,0.0149328776667,-0.387123111024,0.10674612408,0.0612837961473,0.243271851069,0.109156697659,-1.68753899743e-14,0.0,-3.00280182723e-15,-2.42383023309e-15,0.562429689865,-0.970155741726,-0.31561235209,0.407929671846,1.06262925195,-0.28466818269,2.73701832209,0.24453932393,0.315394312678,-0.167605611365,-0.0414377787053,-6.99440505514e-15,0.0,1.27570012268e-16,3.75255382323e-14,0.0,0.0,-2.78691411416e-15,-6.43929354283e-15,0.0,0.0,0.0,0.0,0.0,0.0,0.0,0.0,0.0,0.0,0.0,0.0,0.0,0.0
0.0100634098053,2.03884056403,0.798379464675,1.11513863428,0.0,0.0,2.0650545306,0.0138254058645,-0.38686431938,0.10903960445,0.061393972939,0.243278282766,0.109332402942,-1.79856129989e-14,0.0,-2.70840949123e-15,-2.23738175362e-15,0.561561226511,-0.963665833408,-0.327032358239,0.408083475436,1.07777321008,-0.291489071646,2.73083145653,0.244737868769,0.329034732282,-0.167277445405,-0.043088356057,-7.49400541622e-15,0.0,0.0,3.70814490225e-14,0.0,0.0,-2.87523181496e-15,-6.71684929898e-15,0.0,0.0,0.0,0.0,0.0,0.0,0.0,0.0,0.0,0.0,0.0,0.0,0.0,0.0
0.00986242294312,2.03887825153,0.798189384916,1.11518502099,0.0,0.0,2.06512579127,0.0135153869381,-0.386712412402,0.109182051466,0.0615622456351,0.243366186428,0.109575391632,-1.82076576039e-14,0.0,-2.82616642563e-15,-2.7182225691e-15,0.558622028647,-0.957481727066,-0.335372077395,0.408550661537,1.09383132706,-0.295161904177,2.74340617041,0.244329293455,0.328015731576,-0.164711772359,-0.0410496168854,-8.32667268469e-15,0.0,0.0,3.68594044176e-14,0.0,0.0,-3.1598110731e-15,-6.66133814775e-15,0.0,0.0,0.0,0.0,0.0,0.0,0.0,0.0,0.0,0.0,0.0,0.0,0.0,0.0
0.00990629196167,2.03890704512,0.79802374555,1.11522280176,0.0,0.0,2.06584416977,0.0134991762993,-0.386610522217,0.108395214695,0.061606630619,0.243395939274,0.109867336033,-1.68753899743e-14,0.0,-2.53177408963e-15,-2.59065255683e-15,0.556857099063,-0.951200378867,-0.344066261646,0.408601125802,1.11113166423,-0.299856636041,2.74592608666,0.244737624159,0.33449882444,-0.161160801937,-0.0425879006406,-8.93729534823e-15,0.0,3.63083881071e-16,3.81916720471e-14,0.0,-3.53270803204e-16,-3.16962415097e-15,-6.60582699652e-15,0.0,0.0,0.0,0.0,0.0,0.0,0.0,0.0,0.0,0.0,0.0,0.0,0.0,0.0
0.0100409984589,2.03891252255,0.797910754714,1.11524581201,0.0,0.0,2.06668700963,0.0132050308882,-0.386055709408,0.107547536529,0.0616933247935,0.243356876944,0.110245504204,-1.99840144433e-14,0.0,-2.57102640109e-15,-3.55233418777e-15,0.553489505534,-0.948857090098,-0.386373762963,0.407832263261,1.12670519184,-0.263835041242,2.75957358403,0.244098788146,0.332342241363,-0.155442058777,-0.0426835069293,-1.00475183729e-14,0.0,3.43457725337e-16,3.68594044176e-14,0.0,-3.92523114671e-16,-3.2186895403e-15,-6.71684929898e-15,0.0,0.0,0.0,0.0,0.0,0.0,0.0,0.0,0.0,0.0,0.0,0.0,0.0,0.0
0.00992846488953,2.03886039351,0.797825414994,1.11528237207,0.0,0.0,2.0674619368,0.0128537160034,-0.385590289425,0.106897510551,0.0616941100005,0.243313921726,0.110586392243,-1.97619698383e-14,0.0,-2.19812944216e-15,-3.44439033124e-15,0.549688610383,-0.943502502437,-0.403445304805,0.407570733023,1.14744034384,-0.254436796748,2.7500929168,0.244613158357,0.351836899261,-0.140990614926,-0.0505890506235,-1.0325074129e-14,0.0,3.23831569604e-16,3.81916720471e-14,0.0,-3.92523114671e-16,-3.12055876163e-15,-6.93889390391e-15,0.0,0.0,0.0,0.0,0.0,0.0,0.0,0.0,0.0,0.0,0.0,0.0,0.0,0.0
0.0101411342621,2.03884475565,0.797748891591,1.11532631738,0.0,0.0,2.0695120705,0.0128401484491,-0.385162963529,0.105057959048,0.0616686765919,0.243369674851,0.111001617653,-1.95399252334e-14,0.0,-2.37476484376e-15,-3.80747421231e-15,0.547227587563,-0.938060535622,-0.429569335374,0.408333410632,1.16901654167,-0.237440281982,2.7701780716,0.243235507867,0.347241784615,-0.137033381857,-0.044869703362,-1.05471187339e-14,0.0,5.20093126939e-16,4.01900734914e-14,0.0,-5.49532360539e-16,-3.08130645017e-15,-7.1054273576e-15,0.0,0.0,0.0,0.0,0.0,0.0,0.0,0.0,0.0,0.0,0.0,0.0,0.0,0.0
0.0101008415222,2.03873007606,0.797699203509,1.11538515527,0.0,0.0,2.07018634759,0.0122830821199,-0.38410731221,0.104729880272,0.0617020899772,0.243363474966,0.1114924378,-2.02060590482e-14,0.0,-1.82523248322e-15,-3.43457725337e-15,0.543441470499,-0.928035093294,-0.438731747259,0.40855768489,1.19420263655,-0.240557742175,2.77521954802,0.243623711162,0.36059751315,-0.135733181478,-0.0499119037556,-1.06581410364e-14,0.0,3.43457725337e-16,4.39648317752e-14,0.0,-3.92523114671e-16,-3.1892503067e-15,-7.27196081129e-15,0.0,0.0,0.0,0.0,0.0,0.0,0.0,0.0,0.0,0.0,0.0,0.0,0.0,0.0
0.00997352600098,2.03862965126,0.797659748028,1.11546602686,0.0,0.0,2.07100311518,0.0117869745994,-0.383076527337,0.104321559967,0.0616808368834,0.243374421989,0.111978727423,-2.15383266777e-14,0.0,-1.84485863895e-15,-3.81728729017e-15,0.539633638846,-0.91892428945,-0.451991840067,0.409340055553,1.22167249114,-0.236966049679,2.78724118339,0.243191092459,0.365740633496,-0.132207798727,-0.0481551522893,-1.06581410364e-14,0.0,5.98597749873e-16,4.61852778244e-14,0.0,0.0,-2.97336259363e-15,-7.66053886991e-15,0.0,0.0,0.0,0.0,0.0,0.0,0.0,0.0,0.0,0.0,0.0,0.0,0.0,0.0
0.0100464820862,2.03854435457,0.797646115217,1.1155345083,0.0,0.0,2.07244659449,0.0113653286674,-0.381683577429,0.103288023133,0.061666785565,0.24331566177,0.112500117956,-2.30926389122e-14,0.0,-1.84485863895e-15,-3.70934343364e-15,0.535960132454,-0.909120561556,-0.467496289452,0.41028970492,1.25167143487,-0.230724792601,2.79383405341,0.242558053323,0.381569989774,-0.122135666245,-0.0529478014315,-1.06581410364e-14,0.0,1.27570012268e-15,4.48530101949e-14,0.0,0.0,-3.14018491737e-15,-7.77156117238e-15,0.0,0.0,0.0,0.0,0.0,0.0,0.0,0.0,0.0,0.0,0.0,0.0,0.0,0.0
0.00986909866333,2.03846131183,0.797659671543,1.11564070948,0.0,0.0,2.07422426457,0.011100544097,-0.379952402617,0.101933765252,0.061679768226,0.243253180158,0.112996775379,-2.39808173319e-14,0.0,-1.84485863895e-15,-3.23831569604e-15,0.530985236641,-0.895834531432,-0.469095234417,0.410247676721,1.28021113155,-0.240033048103,2.79982501989,0.243007381804,0.386948870088,-0.122745855968,-0.0529453663311,-1.16573417586e-14,0.0,1.04018625388e-15,4.77395900589e-14,0.0,0.0,-3.22850261817e-15,-8.32667268469e-15,0.0,0.0,0.0,0.0,0.0,0.0,0.0,0.0,0.0,0.0,0.0,0.0,0.0,0.0
0.01007771492,2.03827175565,0.797606733776,1.11576265771,0.0,0.0,2.07276786488,0.010122747572,-0.37856120311,0.103757948253,0.0616422626517,0.243285027425,0.113334901764,-2.48689957516e-14,0.0,-1.57009245868e-15,-3.23831569604e-15,0.526061648746,-0.884474569262,-0.478234358097,0.411448205339,1.3127777322,-0.238389703212,2.80233974521,0.242679223123,0.397895475088,-0.11487166975,-0.0538797817344,-1.22124532709e-14,0.0,9.51868553077e-16,5.08482145278e-14,0.0,0.0,-3.1303718395e-15,-8.21565038223e-15,0.0,0.0,0.0,0.0,0.0,0.0,0.0,0.0,0.0,0.0,0.0,0.0,0.0,0.0
0.00998401641846,2.03818896696,0.797623822272,1.11594081934,0.0,0.0,2.07408447355,0.00958908251274,-0.377385419707,0.102781776669,0.061605379858,0.243244923062,0.113880233777,-2.44249065418e-14,0.0,-1.17756934401e-15,-3.47382956484e-15,0.521614635425,-0.87046238855,-0.491161347864,0.411759607769,1.3437096869,-0.234593878934,2.81035735301,0.242734128919,0.400142351776,-0.11042134856,-0.0534228790115,-1.1990408666e-14,0.0,8.73363930143e-16,5.19584375525e-14,0.0,3.53270803204e-16,-3.25794185177e-15,-8.32667268469e-15,0.0,0.0,0.0,0.0,0.0,0.0,0.0,0.0,0.0,0.0,0.0,0.0,0.0,0.0
0.0100808143616,2.03807652001,0.797693759199,1.11612709863,0.0,0.0,2.07483228164,0.00961944491316,-0.376583337891,0.102041350191,0.061521615191,0.243361676723,0.114241286805,-2.53130849615e-14,0.0,-2.08037250776e-15,-3.64065188857e-15,0.516318430949,-0.856706696721,-0.490569883817,0.412378106793,1.37699452754,-0.241725740966,2.80533602464,0.242752303953,0.406099170804,-0.100345464176,-0.0529856219226,-1.19348975147e-14,0.0,8.63550852276e-16,5.24025267623e-14,0.0,6.28036983474e-16,-2.99298874937e-15,-8.32667268469e-15,0.0,0.0,0.0,0.0,0.0,0.0,0.0,0.0,0.0,0.0,0.0,0.0,0.0,0.0
0.00986266136169,2.03793853788,0.797732632042,1.11632680566,0.0,0.0,2.07543254864,0.00897264885101,-0.375853313739,0.101805290721,0.0614703890773,0.243394698509,0.114795833203,-2.57571741713e-14,0.0,-2.04112019629e-15,-4.14111885978e-15,0.514711819869,-0.837022202738,-0.464020162581,0.414946254939,1.41948777767,-0.28663924758,2.80882228421,0.243184610885,0.423628341485,-0.0981651852767,-0.0513678794531,-1.21569421196e-14,0.0,1.01074702028e-15,5.37347943919e-14,0.0,3.14018491737e-16,-3.3364464747e-15,-8.49320613838e-15,0.0,0.0,0.0,0.0,0.0,0.0,0.0,0.0,0.0,0.0,0.0,0.0,0.0,0.0
0.00985383987427,2.03781938212,0.797814660898,1.11652181299,0.0,0.0,2.0763506564,0.00781907981779,-0.375282814298,0.101189636032,0.0610780879939,0.243293764315,0.115362778545,-2.55351295664e-14,0.0,-1.98224172909e-15,-4.32756733925e-15,0.509570791644,-0.82578183948,-0.489131859372,0.415287658728,1.45080215945,-0.259520144349,2.80379137184,0.242475175649,0.432781662793,-0.0802405748201,-0.0528459229433,-1.1768364061e-14,0.0,1.01074702028e-15,5.57331958362e-14,0.0,-3.92523114671e-16,-3.96448345818e-15,-8.77076189454e-15,0.0,0.0,0.0,0.0,0.0,0.0,0.0,0.0,0.0,0.0,0.0,0.0,0.0,0.0
0.0101084709167,2.03764070217,0.797926629486,1.11676631982,0.0,0.0,2.07752611523,0.00757402367676,-0.373555025173,0.0998915358711,0.0609133879479,0.243126626626,0.115830809119,-2.75335310107e-14,0.0,-1.74672786029e-15,-4.73971660965e-15,0.501664512578,-0.813842546458,-0.55259650629,0.410710844456,1.46203186302,-0.188234558519,2.79229478419,0.242752417883,0.413815719046,-0.0639512029736,-0.0514690580084,-1.25455201783e-14,0.0,1.10887779895e-15,5.77315972805e-14,0.0,-2.7476618027e-16,-4.19999732698e-15,-8.93729534823e-15,0.0,0.0,0.0,0.0,0.0,0.0,0.0,0.0,0.0,0.0,0.0,0.0,0.0,0.0
0.0101585388184,2.03744229764,0.798049815637,1.11697371729,0.0,0.0,2.07883079633,0.00721041015594,-0.370630678159,0.0982987043894,0.0607508071776,0.242879980545,0.116307394405,-2.93098878501e-14,0.0,-1.80560632749e-15,-5.10280049072e-15,0.491927278824,-0.800168789559,-0.573599122918,0.409752250405,1.4885337213,-0.155496629517,2.78216389994,0.242629068964,0.410852698432,-0.0525031894524,-0.0524497148213,-1.26565424807e-14,0.0,9.22429319477e-16,5.72875080707e-14,0.0,-3.14018491737e-16,-4.16074501551e-15,-9.54791801178e-15,0.0,0.0,0.0,0.0,0.0,0.0,0.0,0.0,0.0,0.0,0.0,0.0,0.0,0.0
0.00979065895081,2.0372915121,0.798180467521,1.11723037012,0.0,0.0,2.07972034807,0.0059001342004,-0.368501105148,0.0968867591327,0.0606506504869,0.242760633212,0.116981880888,-3.17523785043e-14,0.0,-1.37383090135e-15,-5.26962281446e-15,0.487250996609,-0.779247828494,-0.55764335206,0.410084439451,1.52118517885,-0.172976832976,2.77430124496,0.243381356762,0.416706040325,-0.040279885548,-0.0527701350492,-1.25455201783e-14,0.0,1.00093394241e-15,6.5281113848e-14,0.0,-4.31775426138e-16,-4.16074501551e-15,-9.7699626167e-15,0.0,0.0,0.0,0.0,0.0,0.0,0.0,0.0,0.0,0.0,0.0,0.0,0.0,0.0
0.0100126266479,2.03711505021,0.798331701327,1.11748958643,0.0,0.0,2.07888749109,0.003978808462,-0.366913620087,0.0969899461483,0.0606764157325,0.242695084921,0.117629455418,-2.975397706e-14,0.0,-1.45233552428e-15,-5.59345438406e-15,0.481050356861,-0.760568086369,-0.549736925958,0.409685244346,1.54983034052,-0.173558467476,2.76513197021,0.243632586556,0.417574646404,-0.0217854988523,-0.050225545245,-1.27675647832e-14,0.0,7.65420073608e-16,6.57252030578e-14,0.0,-2.35513868803e-16,-4.04298808111e-15,-1.00475183729e-14,0.0,0.0,0.0,0.0,0.0,0.0,0.0,0.0,0.0,0.0,0.0,0.0,0.0,0.0
0.0100078582764,2.03712060463,0.798432561647,1.11767983301,0.0,0.0,2.08260534138,0.00443327668134,-0.365504563771,0.0917372485841,0.060787511283,0.242898780893,0.118189553135,-3.04201108747e-14,0.0,-1.55046630295e-15,-6.04485596593e-15,0.477041073979,-0.742466472538,-0.548495337832,0.410201997407,1.57979690539,-0.167571659145,2.75572319372,0.243327894865,0.418174795279,-0.00637036362569,-0.0512970124269,-1.3433698598e-14,0.0,1.04999933174e-15,6.88338275268e-14,0.0,-4.31775426138e-16,-3.97429653604e-15,-1.03805852802e-14,0.0,0.0,0.0,0.0,0.0,0.0,0.0,0.0,0.0,0.0,0.0,0.0,0.0,0.0
0.010124206543,2.03705314798,0.798479131613,1.1178180166,0.0,0.0,2.08389398999,0.00379683600095,-0.364095434304,0.0892240161685,0.0605694813849,0.242888661501,0.118747519582,-3.13082892944e-14,0.0,-1.13831703255e-15,-5.9957905766e-15,0.4720645287,-0.724133070663,-0.545667729167,0.410254750085,1.60666812353,-0.159026485382,2.74594572095,0.243432048476,0.417139600301,0.0149703472095,-0.0516539687645,-1.31006316906e-14,0.0,1.10887779895e-15,6.94999613415e-14,0.0,-8.24298540809e-16,-4.11167962618e-15,-1.04916075827e-14,0.0,0.0,0.0,0.0,0.0,0.0,0.0,0.0,0.0,0.0,0.0,0.0,0.0,0.0
0.00984787940979,2.03684925276,0.798447109556,1.11791378076,0.0,0.0,2.08315558782,0.00287609141314,-0.362199140203,0.088364738154,0.0602974176615,0.242841913373,0.119184153639,-3.37507799486e-14,0.0,-1.62897092588e-15,-5.24999665872e-15,0.468888327928,-0.706271083517,-0.538653787953,0.410597836457,1.63119220491,-0.153469021543,2.7358054319,0.243204213399,0.41767367328,0.0368419520716,-0.0507151521446,-1.31006316906e-14,0.0,9.1261624161e-16,6.99440505514e-14,0.0,-6.67289294941e-16,-4.14111885978e-15,-1.04360964315e-14,0.0,0.0,0.0,0.0,0.0,0.0,0.0,0.0,0.0,0.0,0.0,0.0,0.0,0.0
0.0100138187408,2.03652216841,0.798382494513,1.11804537256,0.0,0.0,2.08023216809,0.0011208644359,-0.360030286529,0.0898167945387,0.0600983265958,0.242965087479,0.119785965607,-3.28626015289e-14,0.0,-1.74672786029e-15,-5.32850128166e-15,0.464496967708,-0.687322683736,-0.529102790099,0.411247676529,1.65593111308,-0.146391435612,2.7239122438,0.243047452185,0.416022262014,0.059337899282,-0.051519506899,-1.39888101103e-14,0.0,9.32242397343e-16,7.28306304154e-14,0.0,-7.06541606408e-16,-4.14111885978e-15,-1.04916075827e-14,0.0,0.0,0.0,0.0,0.0,0.0,0.0,0.0,0.0,0.0,0.0,0.0,0.0,0.0
0.0102841854095,2.03635788909,0.798381912489,1.11817122705,0.0,0.0,2.08093540661,0.000671994938452,-0.358513005678,0.0875766747321,0.0598178261407,0.243032907867,0.120281412146,-3.24185123191e-14,0.0,-1.84485863895e-15,-5.57382822833e-15,0.460949106149,-0.668373394599,-0.509098044716,0.411789331547,1.67754801317,-0.149901059715,2.70687006599,0.243064471365,0.41157891679,0.0783223972236,-0.0477018347318,-1.47104550763e-14,0.0,1.03037317601e-15,7.54951656745e-14,0.0,-1.17756934401e-15,-4.16074501551e-15,-1.04360964315e-14,0.0,0.0,0.0,0.0,0.0,0.0,0.0,0.0,0.0,0.0,0.0,0.0,0.0,0.0
0.00971460342407,2.03625000761,0.798436310155,1.11829238183,0.0,0.0,2.08440003692,0.00159443699786,-0.357192906106,0.0823398229287,0.0597469315937,0.243164941321,0.120687707786,-3.2640556924e-14,0.0,-2.02149404056e-15,-5.31868820379e-15,0.454925212496,-0.650924192366,-0.497696885287,0.412051468857,1.69684676713,-0.137072941534,2.70158563808,0.242917596451,0.404501065953,0.101382227198,-0.0515678334485,-1.50990331349e-14,0.0,7.06541606408e-16,7.72715225139e-14,0.0,-1.09906472108e-15,-4.05280115898e-15,-1.04360964315e-14,0.0,0.0,0.0,0.0,0.0,0.0,0.0,0.0,0.0,0.0,0.0,0.0,0.0,0.0
0.0101637840271,2.03613234817,0.798462663475,1.11845058496,0.0,0.0,2.08512893494,0.00104407411284,-0.356502145048,0.08051555605,0.0597276706285,0.243385175145,0.121194643154,-3.35287353437e-14,0.0,-1.86448479469e-15,-5.26962281446e-15,0.450746903365,-0.631919840076,-0.483558278146,0.412444558871,1.71463313912,-0.132179864325,2.70086099628,0.242754224694,0.402544427282,0.110322744234,-0.0486139335383,-1.58761892521e-14,0.0,1.05981240961e-15,7.74935671188e-14,0.0,-1.41308321282e-15,-4.06261423684e-15,-1.02695629778e-14,0.0,0.0,0.0,0.0,0.0,0.0,0.0,0.0,0.0,0.0,0.0,0.0,0.0,0.0
0.0099401473999,2.03589902354,0.798543519327,1.11868044336,0.0,0.0,2.08271496788,-0.0011453198287,-0.355000656991,0.0821602410702,0.0599142719861,0.243267792109,0.12162893399,-3.39728245535e-14,0.0,-1.90373710615e-15,-6.2018652118e-15,0.444275046147,-0.612566497625,-0.466056565163,0.412999279437,1.73231147004,-0.126189976167,2.69887954894,0.242666926735,0.398502058278,0.124576724476,-0.0468920353392,-1.63757896132e-14,0.0,1.20700857761e-15,7.72715225139e-14,0.0,-1.37383090135e-15,-3.53270803204e-15,-1.0325074129e-14,0.0,0.0,0.0,0.0,0.0,0.0,0.0,0.0,0.0,0.0,0.0,0.0,0.0,0.0
0.0101103782654,2.03565362324,0.798605391785,1.118879479,0.0,0.0,2.07915435903,-0.00345882328352,-0.353553151952,0.0853329604353,0.0599795328106,0.243143750723,0.121979493158,-3.48610029732e-14,0.0,-1.70747554882e-15,-5.95653826513e-15,0.438601750627,-0.593065066594,-0.443900593794,0.413340820621,1.74546113155,-0.126978481542,2.70802319862,0.242665082643,0.399096485365,0.129507670134,-0.0474295559027,-1.67643676718e-14,0.0,6.77102372807e-16,7.57172102794e-14,0.0,-1.25607396695e-15,-3.86635267951e-15,-1.0325074129e-14,0.0,0.0,0.0,0.0,0.0,0.0,0.0,0.0,0.0,0.0,0.0,0.0,0.0,0.0
0.01003074646,2.03539972647,0.798627554869,1.11904976709,0.0,0.0,2.07474553543,-0.00596306605426,-0.352468915625,0.0896171799107,0.0597981339932,0.243249817757,0.122281519798,-3.64153152077e-14,0.0,-1.84485863895e-15,-6.3490613798e-15,0.435811361185,-0.574899739483,-0.423917465329,0.414791955762,1.76041753746,-0.126775530176,2.71362640484,0.242300511393,0.401488163673,0.14441314242,-0.0485502668008,-1.75415237891e-14,0.0,7.16354684274e-16,7.50510764647e-14,0.0,-1.25607396695e-15,-3.80747421231e-15,-1.05471187339e-14,0.0,0.0,0.0,0.0,0.0,0.0,0.0,0.0,0.0,0.0,0.0,0.0,0.0,0.0
0.00988531112671,2.0354477827,0.798782438375,1.119172875,0.0,0.0,2.0787932236,-0.00566399801198,-0.351497564718,0.0855096946847,0.0594534848246,0.243250595854,0.122743665218,-3.66373598126e-14,0.0,-2.08037250776e-15,-6.04485596593e-15,0.42976855147,-0.556523932622,-0.406211530266,0.415269317297,1.76955763986,-0.121855863763,2.71252470618,0.24249632053,0.397597894793,0.153134669176,-0.0495533338796,-1.75970349403e-14,0.0,6.47663139207e-16,7.52731210696e-14,0.0,-1.05981240961e-15,-3.67009112217e-15,-1.05471187339e-14,0.0,0.0,0.0,0.0,0.0,0.0,0.0,0.0,0.0,0.0,0.0,0.0,0.0,0.0
0.0100519657135,2.0353279758,0.798778819202,1.11931527002,0.0,0.0,2.07684795762,-0.00768732668102,-0.351240208344,0.0884858536552,0.0590559189848,0.243253253124,0.123149176651,-3.59712259979e-14,0.0,-1.64859708162e-15,-5.91728595366e-15,0.423779185184,-0.537705997413,-0.386008572295,0.415645013926,1.77636206148,-0.121590484876,2.7265409294,0.242648654755,0.395835997904,0.158701728239,-0.0488597315404,-1.87627691162e-14,0.0,6.0841082774e-16,7.77156117238e-14,0.0,-1.21682165548e-15,-3.63083881071e-15,-1.09356967926e-14,0.0,0.0,0.0,0.0,0.0,0.0,0.0,0.0,0.0,0.0,0.0,0.0,0.0,0.0
0.00983333587646,2.03529857035,0.798713670051,1.11946993311,0.0,0.0,2.07863330421,-0.00679567099438,-0.351277643259,0.0875277734936,0.0587538701853,0.243500738597,0.123240099261,-3.64153152077e-14,0.0,-2.00186788482e-15,-6.18223905607e-15,0.417434894633,-0.521060575466,-0.367665097787,0.416613391211,1.78399451463,-0.11971106215,2.7388802946,0.242583081542,0.395465771922,0.168409115879,-0.0503973412726,-2.02060590482e-14,0.0,9.4205547521e-16,7.74935671188e-14,0.0,-1.29532627841e-15,-3.52289495417e-15,-1.08246744901e-14,0.0,0.0,0.0,0.0,0.0,0.0,0.0,0.0,0.0,0.0,0.0,0.0,0.0,0.0
0.0100197792053,2.03518945515,0.798641805182,1.11957466943,0.0,0.0,2.07869723018,-0.0068857056728,-0.351607097992,0.088677930709,0.0584851948865,0.243765611316,0.123339390856,-3.73034936274e-14,0.0,-2.00186788482e-15,-6.04485596593e-15,0.407421049883,-0.505036256833,-0.34658210163,0.417147238785,1.7890642656,-0.117146873133,2.75616988129,0.242654696426,0.393270161915,0.185294493841,-0.0528386526847,-2.08166817117e-14,0.0,7.45793917875e-16,7.83817455385e-14,0.0,-1.17756934401e-15,-3.64065188857e-15,-1.14352971536e-14,0.0,0.0,0.0,0.0,0.0,0.0,0.0,0.0,0.0,0.0,0.0,0.0,0.0,0.0
0.0100841522217,2.03511530963,0.798531052953,1.1196786123,0.0,0.0,2.07937886879,-0.00655834022657,-0.352146742359,0.0893439785255,0.0582762405966,0.244010436374,0.12334837591,-3.70814490225e-14,0.0,-1.92336326189e-15,-5.59345438406e-15,0.400632319075,-0.488997333457,-0.335877200951,0.418469137902,1.79560899868,-0.111968151561,2.76899071953,0.242195852745,0.410932239022,0.18384165748,-0.0568927235657,-2.07611705605e-14,0.0,5.69158516273e-16,8.08242361927e-14,0.0,-1.29532627841e-15,-3.77803497871e-15,-1.13797860024e-14,0.0,0.0,0.0,0.0,0.0,0.0,0.0,0.0,0.0,0.0,0.0,0.0,0.0,0.0
0.00988936424255,2.03502568018,0.798306134021,1.11975734765,0.0,0.0,2.07761279803,-0.00739889897053,-0.353295744557,0.0926496822422,0.0581211230363,0.244247622267,0.123335535298,-3.71924713249e-14,0.0,-1.62897092588e-15,-5.32850128166e-15,0.390809059336,-0.472679743187,-0.311473599571,0.419219889764,1.79999092509,-0.121389438758,2.78420309936,0.24234475837,0.414956533725,0.175630646814,-0.056683924582,-2.09832151654e-14,0.0,6.86915450674e-16,8.34887714518e-14,0.0,-1.57009245868e-15,-3.69953035577e-15,-1.15463194561e-14,0.0,0.0,0.0,0.0,0.0,0.0,0.0,0.0,0.0,0.0,0.0,0.0,0.0,0.0
0.0101821422577,2.03507327865,0.798100471985,1.11982424219,0.0,0.0,2.08002932591,-0.00652717078829,-0.354682417812,0.0917082318149,0.0579715505219,0.244433765533,0.123336375583,-3.83026943496e-14,0.0,-1.31495243415e-15,-5.21074434726e-15,0.382667438953,-0.458544500995,-0.307669079415,0.420352465369,1.80144153915,-0.109282411437,2.78519422181,0.241785562811,0.411614730279,0.191494323248,-0.0587743796026,-2.17603712827e-14,0.0,5.20093126939e-16,8.32667268469e-14,0.0,-1.60934477015e-15,-3.67990420004e-15,-1.15463194561e-14,0.0,0.0,0.0,0.0,0.0,0.0,0.0,0.0,0.0,0.0,0.0,0.0,0.0,0.0
0.00997638702393,2.0349696603,0.797727807042,1.11984078271,0.0,0.0,2.08071542689,-0.00537587279968,-0.35632576534,0.0934923407038,0.057563547406,0.244666423772,0.123384856559,-3.96349619791e-14,0.0,-1.51121399148e-15,-5.18130511366e-15,0.367593788176,-0.44472714204,-0.289392592592,0.420511807476,1.80129571291,-0.109298038334,2.77774367054,0.242142091085,0.411792312487,0.209717301213,-0.0594357076784,-2.32036612147e-14,0.0,6.0841082774e-16,8.65973959208e-14,0.0,-1.60934477015e-15,-3.67009112217e-15,-1.14908083049e-14,0.0,0.0,0.0,0.0,0.0,0.0,0.0,0.0,0.0,0.0,0.0,0.0,0.0,0.0
0.00990676879883,2.03485167184,0.7973797546,1.11989772851,0.0,0.0,2.08285934356,-0.0032917413847,-0.357975730072,0.0937721520715,0.0571201440423,0.244812792534,0.12356546574,-3.81916720471e-14,0.0,-1.27570012268e-15,-5.03410894565e-15,0.358406863017,-0.430119804394,-0.276528072334,0.421379696413,1.80042979503,-0.113046662299,2.78065874091,0.24165915265,0.410490832896,0.223722839886,-0.0619271292715,-2.32591723659e-14,0.0,7.16354684274e-16,9.05941988094e-14,0.0,-1.60934477015e-15,-3.54252110991e-15,-1.15463194561e-14,0.0,0.0,0.0,0.0,0.0,0.0,0.0,0.0,0.0,0.0,0.0,0.0,0.0,0.0
0.0099790096283,2.0346653295,0.797295169229,1.12001522119,0.0,0.0,2.08538996874,-0.00124741794482,-0.358654018605,0.0929545434193,0.0567338193386,0.244708547687,0.123672689472,-3.95239396767e-14,0.0,-1.13831703255e-15,-5.56401515046e-15,0.340703413215,-0.416948023276,-0.259268240364,0.421489628299,1.79616436145,-0.109789467524,2.76724470118,0.242197634481,0.403347139746,0.244291125455,-0.062552475352,-2.36477504245e-14,0.0,0.0,9.01501095996e-14,0.0,-1.49158783575e-15,-3.3658857083e-15,-1.15463194561e-14,0.0,0.0,0.0,0.0,0.0,0.0,0.0,0.0,0.0,0.0,0.0,0.0,0.0,0.0
0.0099401473999,2.03447689636,0.797235377987,1.12005385644,0.0,0.0,2.0873160734,0.000707148325929,-0.358897770906,0.0923530678034,0.0564521918653,0.244672502172,0.123773940661,-3.95239396767e-14,0.0,-1.17756934401e-15,-5.65233285126e-15,0.325952883238,-0.401589375294,-0.232066369544,0.421993857693,1.79177935766,-0.123731706852,2.76963004548,0.242313938941,0.410558307502,0.250679068669,-0.0641438816923,-2.3758772727e-14,0.0,0.0,8.92619311799e-14,0.0,-1.57009245868e-15,-4.17055809338e-15,-1.15463194561e-14,0.0,0.0,0.0,0.0,0.0,0.0,0.0,0.0,0.0,0.0,0.0,0.0,0.0,0.0
0.0101969242096,2.03422430542,0.79713583434,1.12009377344,0.0,0.0,2.08740711637,0.00224992926997,-0.359102400552,0.0933718352378,0.0562005807357,0.244678195663,0.123961174513,-3.8635761257e-14,0.0,-1.29532627841e-15,-5.29906204806e-15,0.31200900606,-0.388911197051,-0.218622679918,0.42249043894,1.78429793377,-0.121688727532,2.75892333678,0.242225045163,0.400927658638,0.264049898553,-0.0627039079723,-2.40918396344e-14,0.0,0.0,8.34887714518e-14,0.0,-1.57009245868e-15,-4.23924963845e-15,-1.16018306073e-14,0.0,0.0,0.0,0.0,0.0,0.0,0.0,0.0,0.0,0.0,0.0,0.0,0.0,0.0
0.00983786582947,2.0339576854,0.797105098534,1.1201093374,0.0,0.0,2.08675781865,0.00333486768935,-0.358734828248,0.0946748677751,0.0559715530199,0.244620294242,0.124298441157,-3.79696274422e-14,0.0,-1.47196168002e-15,-5.27943589232e-15,0.29853522453,-0.37524657532,-0.195474069022,0.423184917276,1.77441738583,-0.129246374732,2.7631203412,0.242385907286,0.39456283663,0.268054451021,-0.0638184535749,-2.43138842393e-14,0.0,0.0,8.3044682242e-14,0.0,-1.53084014722e-15,-4.26868887205e-15,-1.16018306073e-14,0.0,0.0,0.0,0.0,0.0,0.0,0.0,0.0,0.0,0.0,0.0,0.0,0.0,0.0
0.0099720954895,2.03375716712,0.79706638897,1.12005764062,0.0,0.0,2.0856422391,0.00382320500969,-0.358292281292,0.0961456097417,0.0558436426558,0.244599556881,0.124614693147,-3.77475828373e-14,0.0,-8.43924696543e-16,-4.69065122032e-15,0.287792171873,-0.3633793969,-0.188444267894,0.423817530965,1.76104645654,-0.120542222256,2.75389864981,0.242114627051,0.381088591516,0.284691311042,-0.0611196817356,-2.45359288442e-14,0.0,4.71027737605e-16,8.34887714518e-14,0.0,-1.76635401602e-15,-4.18037117125e-15,-1.16573417586e-14,0.0,0.0,0.0,0.0,0.0,0.0,0.0,0.0,0.0,0.0,0.0,0.0,0.0,0.0
0.0100257396698,2.03372334796,0.797145089546,1.12003774317,0.0,0.0,2.08857827363,0.00562148492947,-0.357739842187,0.0926286519376,0.0555352922853,0.244312533546,0.124949368391,-3.88578058619e-14,0.0,-1.60934477015e-15,-4.61214659738e-15,0.281285216365,-0.351493501836,-0.174220184383,0.424514169036,1.7467247584,-0.123742624782,2.75298839384,0.241929412307,0.371844464341,0.289464348659,-0.0604257548085,-2.54241072639e-14,0.0,-1.86448479469e-16,8.41549052666e-14,0.0,-1.64859708162e-15,-3.84672652378e-15,-1.17128529098e-14,0.0,0.0,0.0,0.0,0.0,0.0,0.0,0.0,0.0,0.0,0.0,0.0,0.0,0.0
0.00999450683594,2.03370085808,0.797189288033,1.11996566065,0.0,0.0,2.09121966502,0.0072263579512,-0.357154687028,0.0889988883445,0.0552695999578,0.243961386874,0.125173861365,-3.8635761257e-14,0.0,-1.74672786029e-15,-4.70046429818e-15,0.274274053006,-0.340727463502,-0.155144972289,0.425041069316,1.73095607407,-0.128734150285,2.75794903913,0.242162545164,0.361811003574,0.291518136919,-0.0600799098052,-2.59792187762e-14,0.0,0.0,8.5931262106e-14,0.0,-1.76635401602e-15,-4.10186654831e-15,-1.20459198172e-14,0.0,0.0,0.0,0.0,0.0,0.0,0.0,0.0,0.0,0.0,0.0,0.0,0.0,0.0
0.0101587772369,2.0336804726,0.797226830249,1.11987307032,0.0,0.0,2.09457947501,0.00912590508908,-0.356865576619,0.0842617190425,0.055019728681,0.243569688573,0.125260398678,-3.79696274422e-14,0.0,-1.76635401602e-15,-4.37663272858e-15,0.263380396561,-0.330518134924,-0.119322347009,0.425193014703,1.71399274511,-0.146495843663,2.76257560593,0.243082766545,0.346321323082,0.29327246879,-0.0569918074091,-2.6645352591e-14,0.0,0.0,8.34887714518e-14,0.0,-1.49158783575e-15,-4.15093193765e-15,-1.22124532709e-14,0.0,0.0,0.0,0.0,0.0,0.0,0.0,0.0,0.0,0.0,0.0,0.0,0.0,0.0
0.0100786685944,2.03354539201,0.79717304114,1.11977089746,0.0,0.0,2.09537021816,0.0104542963901,-0.356354964563,0.0817775151325,0.0552290697661,0.243278906384,0.125266661689,-3.8413716652e-14,0.0,-1.21682165548e-15,-3.96448345818e-15,0.262061552744,-0.322819364138,-0.114795038458,0.425924579872,1.69697312393,-0.141264618865,2.75574604547,0.242511683326,0.33346705866,0.30338384094,-0.0535447653989,-2.70339306496e-14,0.0,0.0,8.5931262106e-14,0.0,-1.64859708162e-15,-4.26868887205e-15,-1.21569421196e-14,0.0,0.0,0.0,0.0,0.0,0.0,0.0,0.0,0.0,0.0,0.0,0.0,0.0,0.0
0.00972437858582,2.03335369803,0.797042806536,1.1196563955,0.0,0.0,2.09467386451,0.0114864596423,-0.356312816663,0.0806194827859,0.0553404914732,0.243058712648,0.125236517921,-3.88578058619e-14,0.0,-8.24298540809e-16,-4.08224039258e-15,0.261971727427,-0.31505887553,-0.113537604475,0.426762576757,1.67877649014,-0.133860520384,2.75883135293,0.242520663779,0.320778488559,0.305217667939,-0.0518988599933,-2.72004641033e-14,0.0,0.0,8.57092175011e-14,0.0,-1.57009245868e-15,-4.08224039258e-15,-1.21569421196e-14,0.0,0.0,0.0,0.0,0.0,0.0,0.0,0.0,0.0,0.0,0.0,0.0,0.0,0.0
0.0101568698883,2.0331640444,0.796913436512,1.11957320459,0.0,0.0,2.09473547171,0.0128861888459,-0.356441655764,0.078347064167,0.0555387786659,0.242805222019,0.125282362311,-4.04121180964e-14,0.0,-7.45793917875e-16,-4.21962348271e-15,0.264996534897,-0.308377407971,-0.109587374067,0.427745334865,1.66201880896,-0.132911386166,2.75204799803,0.242165730209,0.316913047343,0.301534679936,-0.0500436736691,-2.77555756156e-14,0.0,0.0,8.79296635503e-14,0.0,-1.53084014722e-15,-4.24906271631e-15,-1.22679644221e-14,0.0,0.0,0.0,0.0,0.0,0.0,0.0,0.0,0.0,0.0,0.0,0.0,0.0,0.0
0.00993967056274,2.03291583048,0.796729628734,1.11951644189,0.0,0.0,2.09158826352,0.012737504004,-0.356854042825,0.0798238969018,0.0556404709933,0.242517249292,0.125341634907,-3.99680288865e-14,0.0,-9.22429319477e-16,-3.94485730244e-15,0.268539410776,-0.300683463005,-0.091012636275,0.428231393247,1.64149771482,-0.145795060876,2.76157917063,0.242464922427,0.297286431744,0.306108924746,-0.0485887704059,-2.77000644644e-14,0.0,5.7897159414e-16,8.90398865749e-14,0.0,-1.68784939309e-15,-4.29812810565e-15,-1.2490009027e-14,0.0,0.0,0.0,0.0,0.0,0.0,0.0,0.0,0.0,0.0,0.0,0.0,0.0,0.0
0.0100638866425,2.03288297314,0.79659496259,1.11945906884,0.0,0.0,2.09223063455,0.013557698467,-0.357685108392,0.0779224321503,0.0555526324184,0.242275635706,0.125382646806,-4.06341627013e-14,0.0,-9.81307786677e-16,-3.80747421231e-15,0.277544122722,-0.294999145549,-0.0955212129859,0.428758537316,1.62033578491,-0.142664514336,2.74339468477,0.242747840032,0.285346448168,0.312433189809,-0.0458148515977,-2.75890421619e-14,0.0,6.67289294941e-16,8.70414851306e-14,0.0,-1.49158783575e-15,-4.33738041711e-15,-1.24344978758e-14,0.0,0.0,0.0,0.0,0.0,0.0,0.0,0.0,0.0,0.0,0.0,0.0,0.0,0.0
0.0100009441376,2.03286743286,0.796485529129,1.11940529688,0.0,0.0,2.09366110523,0.0148629168646,-0.358644346744,0.0750219769481,0.055402998496,0.242045307675,0.12512686572,-4.04121180964e-14,0.0,-9.4205547521e-16,-4.19999732698e-15,0.291964049471,-0.288046235511,-0.0721678906602,0.429988610832,1.60004086538,-0.175513811308,2.74536054264,0.242934951433,0.27077721672,0.311776945131,-0.0439418027467,-2.72004641033e-14,0.0,1.17756934401e-16,8.83737527602e-14,0.0,-1.33457858988e-15,-4.26868887205e-15,-1.2490009027e-14,0.0,0.0,0.0,0.0,0.0,0.0,0.0,0.0,0.0,0.0,0.0,0.0,0.0,0.0
0.00994563102722,2.03281516618,0.796363955003,1.1193223501,0.0,0.0,2.09406138521,0.0158323608238,-0.359381687777,0.0732816785277,0.055366985514,0.241758913364,0.124734063566,-3.95239396767e-14,0.0,-8.8317700801e-16,-4.07242731471e-15,0.308774085704,-0.285753759063,-0.0934702274784,0.430118142052,1.57323866074,-0.161239000957,2.74579861486,0.242525461124,0.252108909907,0.312642396332,-0.0409259012136,-2.75335310107e-14,0.0,1.37383090135e-16,8.79296635503e-14,0.0,-1.17756934401e-15,-4.19018424911e-15,-1.2490009027e-14,0.0,0.0,0.0,0.0,0.0,0.0,0.0,0.0,0.0,0.0,0.0,0.0,0.0,0.0
0.0101501941681,2.03280342207,0.796208308762,1.11920735986,0.0,0.0,2.09580085755,0.0175477193425,-0.360321406413,0.0702442340073,0.0554054492789,0.241490471852,0.124401828552,-3.99680288865e-14,0.0,-1.17756934401e-15,-3.79766113444e-15,0.32192584514,-0.282175622533,-0.0957087543769,0.430008536335,1.54890169254,-0.164885971545,2.7409108932,0.243130001815,0.234366706285,0.311365433933,-0.0367577021788,-2.79221090693e-14,0.0,0.0,8.94839757848e-14,0.0,-1.68784939309e-15,-3.84672652378e-15,-1.29896093881e-14,0.0,0.0,0.0,0.0,0.0,0.0,0.0,0.0,0.0,0.0,0.0,0.0,0.0,0.0
0.00982928276062,2.03250477181,0.795801732272,1.1190758291,0.0,0.0,2.08910162178,0.0164808521504,-0.361713878231,0.07609211931,0.0554362712392,0.24147974614,0.124099985285,-3.99680288865e-14,0.0,-1.05981240961e-15,-3.99392269178e-15,0.346397097714,-0.279368783222,-0.098560836122,0.43157562937,1.52990000483,-0.180644277565,2.74970990608,0.242679803914,0.235025334974,0.305899059016,-0.0380789234808,-2.79776202206e-14,0.0,0.0,9.30366894636e-14,0.0,-1.49158783575e-15,-4.22943656058e-15,-1.30451205393e-14,0.0,0.0,0.0,0.0,0.0,0.0,0.0,0.0,0.0,0.0,0.0,0.0,0.0,0.0
0.0100929737091,2.03233583603,0.795428232836,1.11894808252,0.0,0.0,2.08742083899,0.0179830195975,-0.36357138546,0.0761499209378,0.05528801665,0.241580280071,0.12367384279,-4.10782519111e-14,0.0,-1.17756934401e-15,-3.93504422458e-15,0.364708619637,-0.279576381781,-0.131574533287,0.431430956845,1.50579259744,-0.157007660133,2.75042377062,0.243374544903,0.217859634086,0.303056114181,-0.0355190306133,-2.83661982792e-14,0.0,0.0,9.34807786734e-14,0.0,-1.60934477015e-15,-4.13130578191e-15,-1.31006316906e-14,0.0,0.0,0.0,0.0,0.0,0.0,0.0,0.0,0.0,0.0,0.0,0.0,0.0,0.0
0.00996375083923,2.03228484869,0.795094165575,1.11886800439,0.0,0.0,2.08856068689,0.0205455744394,-0.365146189484,0.0731353765645,0.0553185301819,0.241508732951,0.12325522149,-4.1522341121e-14,0.0,-1.09906472108e-15,-3.57196034351e-15,0.386310923087,-0.278410569985,-0.141255635344,0.431644860974,1.48391808686,-0.163063606972,2.75375610547,0.243944687797,0.207330178756,0.299221422017,-0.0336915664826,-2.85327317329e-14,0.0,0.0,9.32587340685e-14,0.0,-1.72710170455e-15,-4.13130578191e-15,-1.32671651443e-14,0.0,0.0,0.0,0.0,0.0,0.0,0.0,0.0,0.0,0.0,0.0,0.0,0.0,0.0
0.00993371009827,2.032127527,0.794557754861,1.11880190332,0.0,0.0,2.0845053973,0.021056751369,-0.36759341764,0.075860039304,0.055311941311,0.241467367058,0.12283443604,-4.1522341121e-14,0.0,-1.17756934401e-15,-3.95467038031e-15,0.416695315807,-0.279862745904,-0.153942230456,0.432370186997,1.46164281266,-0.172999947383,2.75296832206,0.243528204865,0.190078308393,0.29578849131,-0.0306609586827,-2.90323320939e-14,0.0,6.96728528541e-16,9.41469124882e-14,0.0,-1.57009245868e-15,-4.10186654831e-15,-1.3433698598e-14,0.0,0.0,0.0,0.0,0.0,0.0,0.0,0.0,0.0,0.0,0.0,0.0,0.0,0.0
0.00999331474304,2.03202386817,0.794110341591,1.1187732168,0.0,0.0,2.08124447888,0.0213834465597,-0.369381333608,0.078156357108,0.0554394907559,0.241387112775,0.122454344418,-4.24105195407e-14,0.0,-1.41308321282e-15,-3.62102573284e-15,0.443657847127,-0.281225347337,-0.175056444214,0.432951937204,1.44015895549,-0.173080707496,2.7583966843,0.243151963766,0.181093569816,0.281385810146,-0.0288942120975,-2.90878432452e-14,0.0,0.0,9.21485110439e-14,0.0,-1.72710170455e-15,-4.11167962618e-15,-1.34892097492e-14,0.0,0.0,0.0,0.0,0.0,0.0,0.0,0.0,0.0,0.0,0.0,0.0,0.0,0.0
0.00991630554199,2.0318920522,0.793733804544,1.11872597558,0.0,0.0,2.07601638966,0.0203740686038,-0.370420657925,0.0825725632287,0.0557259456178,0.241324637255,0.12220229545,-4.32986979604e-14,0.0,-1.96261557335e-15,-4.01354884751e-15,0.466469245877,-0.281454777049,-0.193165888711,0.433061802288,1.41677826815,-0.169022553608,2.76745937048,0.243903424843,0.163973441204,0.284349207706,-0.0274073246383,-3.00870439673e-14,0.0,0.0,9.37028232784e-14,0.0,-1.64859708162e-15,-4.01354884751e-15,-1.34892097492e-14,0.0,0.0,0.0,0.0,0.0,0.0,0.0,0.0,0.0,0.0,0.0,0.0,0.0,0.0
0.0100321769714,2.03181228311,0.793514200537,1.11867324121,0.0,0.0,2.07361251402,0.0207540519744,-0.371012512371,0.0838333910089,0.056082592867,0.241205443762,0.121868801495,-4.37427871702e-14,0.0,-1.09906472108e-15,-4.08224039258e-15,0.48961778356,-0.283189992753,-0.209451244939,0.433664598743,1.39638617143,-0.169120809081,2.77271290689,0.24403297343,0.155792906614,0.264303964734,-0.0258611532291,-3.0253577421e-14,0.0,-1.47196168002e-16,9.43689570931e-14,0.0,-1.64859708162e-15,-3.25794185177e-15,-1.39888101103e-14,0.0,0.0,0.0,0.0,0.0,0.0,0.0,0.0,0.0,0.0,0.0,0.0,0.0,0.0
0.010176897049,2.03186606807,0.793387976953,1.11860439356,0.0,0.0,2.0752307393,0.0225222887793,-0.371565253542,0.0806697390853,0.0564095013603,0.241053288805,0.121493367219,-4.41868763801e-14,0.0,-1.07943856535e-15,-4.00373576964e-15,0.513786536965,-0.285231900604,-0.2303999778,0.433932192534,1.37563858155,-0.163869785671,2.78208501581,0.243944520099,0.145549936523,0.2679848192,-0.0244207619249,-3.03090885723e-14,0.0,0.0,9.68114477473e-14,0.0,-1.64859708162e-15,-3.2186895403e-15,-1.43218770177e-14,0.0,0.0,0.0,0.0,0.0,0.0,0.0,0.0,0.0,0.0,0.0,0.0,0.0,0.0
0.00979447364807,2.03170398667,0.793163694702,1.11852730615,0.0,0.0,2.07034711471,0.0216667110191,-0.372345562962,0.0846706466478,0.056677336915,0.24086480734,0.121039782507,-4.50750547998e-14,0.0,-1.05981240961e-15,-4.11167962618e-15,0.535676403695,-0.287549571189,-0.243365953555,0.434587547879,1.35899729159,-0.166731700255,2.79622457319,0.24407185378,0.136336577491,0.254013313733,-0.0224915095684,-3.08086889333e-14,0.0,0.0,9.63673585375e-14,0.0,-1.64859708162e-15,-3.31682031897e-15,-1.43218770177e-14,0.0,0.0,0.0,0.0,0.0,0.0,0.0,0.0,0.0,0.0,0.0,0.0,0.0,0.0
0.0102288722992,2.03171384892,0.792989540399,1.11847939355,0.0,0.0,2.06983001186,0.0224049396073,-0.372954869614,0.0836295760926,0.0572730202102,0.240619047605,0.120591951663,-4.59632332195e-14,0.0,-1.43270936855e-15,-4.26868887205e-15,0.552024098228,-0.290152524606,-0.25189026607,0.434509600403,1.34394275868,-0.167899579721,2.81010661999,0.244622688006,0.138515152429,0.236697780117,-0.0238945751963,-3.1197266992e-14,0.0,-5.39719282673e-16,9.94759830064e-14,0.0,-1.53084014722e-15,-3.06168029443e-15,-1.44884104714e-14,0.0,0.0,0.0,0.0,0.0,0.0,0.0,0.0,0.0,0.0,0.0,0.0,0.0,0.0
0.00977778434753,2.03162073869,0.792750771999,1.11838558252,0.0,0.0,2.06616876541,0.0219318228603,-0.374594685089,0.0860430738192,0.0575242041224,0.240398454245,0.119980455352,-4.55191440096e-14,0.0,-1.98224172909e-15,-3.90560499098e-15,0.574700509622,-0.29411120402,-0.266378083992,0.435169406224,1.33152815417,-0.171624425913,2.81989775629,0.243954733296,0.141762377868,0.219329918696,-0.0245073313171,-3.33066907388e-14,0.0,-1.47196168002e-16,1.00808250636e-13,0.0,-1.60934477015e-15,-2.8065402699e-15,-1.487698853e-14,0.0,0.0,0.0,0.0,0.0,0.0,0.0,0.0,0.0,0.0,0.0,0.0,0.0,0.0
0.0101003646851,2.03163444976,0.792564619592,1.11841347559,0.0,0.0,2.06326617663,0.0210015243136,-0.375593139664,0.0875097400746,0.0580212920034,0.240052119141,0.119440561615,-4.57411886146e-14,0.0,-2.29626022083e-15,-4.48457658512e-15,0.591375271871,-0.298090177902,-0.277684537912,0.435510726167,1.31978082617,-0.16794403974,2.82654859516,0.244240386173,0.137030518241,0.214417493673,-0.0233948728885,-3.35287353437e-14,0.0,0.0,1.0502709813e-13,0.0,-1.57009245868e-15,-3.20887646243e-15,-1.50435219837e-14,0.0,0.0,0.0,0.0,0.0,0.0,0.0,0.0,0.0,0.0,0.0,0.0,0.0,0.0
0.0101096630096,2.03165336651,0.792403275459,1.11845107324,0.0,0.0,2.06242243466,0.0210989130918,-0.376763839061,0.0872645277721,0.0583206575586,0.239846777653,0.119114070929,-4.52970994047e-14,0.0,-2.43364331096e-15,-4.63177275312e-15,0.608792540089,-0.302370267923,-0.288079402295,0.4357861036,1.30687275204,-0.167787362514,2.83241845073,0.244197151519,0.122392535267,0.205253021358,-0.0200931221654,-3.33066907388e-14,0.0,2.06074635202e-16,1.07247544179e-13,0.0,-1.64859708162e-15,-2.99298874937e-15,-1.52655665886e-14,0.0,0.0,0.0,0.0,0.0,0.0,0.0,0.0,0.0,0.0,0.0,0.0,0.0,0.0
0.0100207328796,2.03157577473,0.792233366177,1.11815926416,0.0,0.0,2.06153988744,0.021420390934,-0.376722230048,0.0874956380543,0.0586318465149,0.239841931325,0.118901099301,-4.57411886146e-14,0.0,-2.49252177816e-15,-4.40607196218e-15,0.622426606427,-0.307227881111,-0.299259433164,0.436969922078,1.29956827,-0.161886571528,2.83657283441,0.243577247255,0.120143713427,0.204822719883,-0.0205655659191,-3.34177130412e-14,0.0,0.0,1.0413891971e-13,0.0,-1.64859708162e-15,-3.0714933723e-15,-1.5598633496e-14,0.0,0.0,0.0,0.0,0.0,0.0,0.0,0.0,0.0,0.0,0.0,0.0,0.0,0.0
0.00987553596497,2.03149675348,0.79202822939,1.11807375391,0.0,0.0,2.06201381022,0.023011095672,-0.377616617467,0.0865097050971,0.0588089829418,0.239901279201,0.118582156446,-4.55191440096e-14,0.0,-2.72803564696e-15,-4.48457658512e-15,0.633978546944,-0.312961848288,-0.307745146237,0.43736842353,1.28932999337,-0.157861805282,2.84653627015,0.243432901888,0.111789794005,0.19527058442,-0.0200585266755,-3.38618022511e-14,0.0,0.0,1.05693231944e-13,0.0,-1.60934477015e-15,-3.03224106083e-15,-1.60427227058e-14,0.0,0.0,0.0,0.0,0.0,0.0,0.0,0.0,0.0,0.0,0.0,0.0,0.0,0.0
0.00994491577148,2.03122243119,0.791768389153,1.11798580224,0.0,0.0,2.05752283408,0.0228563686857,-0.378605890278,0.0908574014335,0.0589191889673,0.239991175686,0.118232183631,-4.66293670343e-14,0.0,-2.72803564696e-15,-4.62195967525e-15,0.642560205085,-0.318218814193,-0.307210251518,0.43696080523,1.27791447486,-0.161030121414,2.85233550076,0.243711067923,0.100612038345,0.182499567094,-0.0174710576447,-3.44724249146e-14,0.0,2.06074635202e-16,1.05915276549e-13,0.0,-1.64859708162e-15,-3.09111952803e-15,-1.64868119157e-14,0.0,0.0,0.0,0.0,0.0,0.0,0.0,0.0,0.0,0.0,0.0,0.0,0.0,0.0
0.0101504325867,2.03111965501,0.791615795406,1.1178784414,0.0,0.0,2.0577333654,0.0241412876743,-0.379397149823,0.090289143749,0.0589432587166,0.240056837637,0.117930051705,-4.52970994047e-14,0.0,-2.19812944216e-15,-4.67102506458e-15,0.655914188308,-0.324123148617,-0.303199054406,0.43846402926,1.27196484656,-0.172279504568,2.86244951584,0.243220917083,0.105131028734,0.175095060891,-0.0186944087517,-3.45279360658e-14,0.0,-1.17756934401e-16,1.05693231944e-13,0.0,-1.92336326189e-15,-3.26775492964e-15,-1.69309011255e-14,0.0,0.0,0.0,0.0,0.0,0.0,0.0,0.0,0.0,0.0,0.0,0.0,0.0,0.0
0.00991177558899,2.03112428496,0.791526988144,1.11776894433,0.0,0.0,2.06150252782,0.0269136144739,-0.37989966971,0.0857654107764,0.058958319855,0.240075699628,0.117551758978,-4.50750547998e-14,0.0,-1.72710170455e-15,-4.44532427365e-15,0.661755639423,-0.329807568997,-0.301700536371,0.437997016017,1.26234863209,-0.172357126955,2.8688248656,0.243431080498,0.0943226257869,0.163602294193,-0.0168636833627,-3.49165141245e-14,0.0,0.0,1.07913677994e-13,0.0,-2.00186788482e-15,-2.56121332323e-15,-1.69309011255e-14,0.0,0.0,0.0,0.0,0.0,0.0,0.0,0.0,0.0,0.0,0.0,0.0,0.0,0.0
0.00986838340759,2.03098474103,0.791352975367,1.11766744287,0.0,0.0,2.0611563195,0.0279550573837,-0.380662567898,0.0855525020707,0.0588941204323,0.240102682103,0.117255515364,-4.50750547998e-14,0.0,-1.80560632749e-15,-3.87616575738e-15,0.669308977797,-0.336896890759,-0.30294326794,0.438085869033,1.25491041576,-0.169316926068,2.88041614906,0.243452648218,0.106677484182,0.155244872582,-0.0190445911345,-3.54161144855e-14,0.0,0.0,1.11244347067e-13,0.0,-1.92336326189e-15,-2.70840949123e-15,-1.69864122768e-14,0.0,0.0,0.0,0.0,0.0,0.0,0.0,0.0,0.0,0.0,0.0,0.0,0.0,0.0
0.0101046562195,2.03086478326,0.791185383986,1.11753023584,0.0,0.0,2.06240366487,0.0297461187621,-0.381021749605,0.0830835987921,0.0588292964466,0.24008773381,0.116891058947,-4.50750547998e-14,0.0,-1.82523248322e-15,-3.73878266724e-15,0.676119221895,-0.343959583602,-0.293187534741,0.438453336924,1.24751294086,-0.175925425589,2.88033063394,0.24345327655,0.107878061916,0.148713721563,-0.0194357885878,-3.52495810318e-14,0.0,0.0,1.10356168648e-13,0.0,-2.00186788482e-15,-2.64953102403e-15,-1.69864122768e-14,0.0,0.0,0.0,0.0,0.0,0.0,0.0,0.0,0.0,0.0,0.0,0.0,0.0,0.0
0.00990080833435,2.03071992443,0.791050074053,1.11745919092,0.0,0.0,2.06447939103,0.0319322428671,-0.381139103066,0.0794803951066,0.0589103415771,0.240102517803,0.116593316135,-4.59632332195e-14,0.0,-1.92336326189e-15,-3.59158649924e-15,0.681250407795,-0.351328883005,-0.297403628504,0.438366084478,1.23918225613,-0.165521066979,2.89015472955,0.243293658745,0.106200215709,0.142384182303,-0.0195378785621,-3.51940698806e-14,0.0,0.0,1.11910480882e-13,0.0,-2.51214793389e-15,-3.11074568377e-15,-1.69864122768e-14,0.0,0.0,0.0,0.0,0.0,0.0,0.0,0.0,0.0,0.0,0.0,0.0,0.0,0.0
0.0102310180664,2.03050946121,0.79084278394,1.117360375,0.0,0.0,2.06356076938,0.0330338967727,-0.381302523891,0.0789021204952,0.0589134813739,0.240127256899,0.116198993766,-4.61852778244e-14,0.0,-2.06074635202e-15,-3.72896958937e-15,0.687590111903,-0.357040732055,-0.281831854587,0.438598118444,1.2313597707,-0.179357927421,2.88877958489,0.243267395551,0.104948524129,0.134380487141,-0.0190420441104,-3.50830475782e-14,0.0,0.0,1.14797060746e-13,0.0,-2.47289562243e-15,-3.19906338457e-15,-1.70974345792e-14,0.0,0.0,0.0,0.0,0.0,0.0,0.0,0.0,0.0,0.0,0.0,0.0,0.0,0.0
0.00989723205566,2.0303504051,0.790662083189,1.11728725488,0.0,0.0,2.06432162771,0.0345280883275,-0.38135943998,0.0767216509712,0.0590474159291,0.240208540256,0.115956832186,-4.66293670343e-14,0.0,-2.06074635202e-15,-4.17055809338e-15,0.692224801697,-0.364106822925,-0.280560340001,0.438590370783,1.22195773828,-0.174475063268,2.89772476418,0.243230097112,0.0975433132116,0.129476300281,-0.0185464788736,-3.50830475782e-14,0.0,0.0,1.14797060746e-13,0.0,-2.59065255683e-15,-3.3953249419e-15,-1.74860126378e-14,0.0,0.0,0.0,0.0,0.0,0.0,0.0,0.0,0.0,0.0,0.0,0.0,0.0,0.0
0.0100393295288,2.03025345866,0.790431598752,1.11725948388,0.0,0.0,2.06482647101,0.035400131576,-0.381812719717,0.0752645036494,0.0590013503698,0.240195678215,0.115734067214,-4.7295500849e-14,0.0,-2.04112019629e-15,-4.08224039258e-15,0.697954359532,-0.371519181499,-0.275750437565,0.438685073436,1.21218265672,-0.173164974423,2.89509551038,0.243043078873,0.0903415183027,0.125323466616,-0.0172223830426,-3.60267371491e-14,0.0,0.0,1.10800257858e-13,0.0,-2.51214793389e-15,-4.23924963845e-15,-1.75415237891e-14,0.0,0.0,0.0,0.0,0.0,0.0,0.0,0.0,0.0,0.0,0.0,0.0,0.0,0.0
0.00993347167969,2.03020172381,0.790325156616,1.11720113428,0.0,0.0,2.06739953941,0.0362293796636,-0.38132734712,0.0721779755998,0.0590976334687,0.240096064186,0.115752245225,-4.84057238737e-14,0.0,-2.00186788482e-15,-4.18037117125e-15,0.701448881801,-0.374625388384,-0.250011456514,0.438942677573,1.20489426363,-0.195647538288,2.89746989051,0.243545024143,0.0932125212313,0.115018726358,-0.0173961778835,-3.61932706028e-14,0.0,0.0,1.13686837722e-13,0.0,-2.59065255683e-15,-4.11167962618e-15,-1.79301018477e-14,0.0,0.0,0.0,0.0,0.0,0.0,0.0,0.0,0.0,0.0,0.0,0.0,0.0,0.0
0.00993466377258,2.03003087214,0.790211963804,1.11719118554,0.0,0.0,2.06532313922,0.0351630911489,-0.381292281135,0.0740136602816,0.0591228990087,0.239996244052,0.115656177814,-4.84057238737e-14,0.0,-1.45233552428e-15,-4.05280115898e-15,0.706232257425,-0.381010457448,-0.254912333458,0.439059861481,1.19350515258,-0.184944021505,2.92202569685,0.243116920502,0.0797045898271,0.0990080884047,-0.0155583766733,-3.70259378712e-14,0.0,0.0,1.16129328376e-13,0.0,-2.43364331096e-15,-4.14111885978e-15,-1.848521336e-14,0.0,0.0,0.0,0.0,0.0,0.0,0.0,0.0,0.0,0.0,0.0,0.0,0.0,0.0
0.0102860927582,2.02989446745,0.79015153226,1.11718349511,0.0,0.0,2.0651011217,0.0346238999482,-0.381293201449,0.0741016013409,0.0590181159306,0.239855211529,0.115633647613,-4.81836792687e-14,0.0,-1.09906472108e-15,-4.10186654831e-15,0.709155119596,-0.385574470898,-0.239160477768,0.439316562827,1.18752796273,-0.193448664098,2.9084839257,0.243659721187,0.0832414582046,0.101491452345,-0.0161224434921,-3.80806497446e-14,0.0,1.37383090135e-16,1.16573417586e-13,0.0,-2.59065255683e-15,-3.89579191311e-15,-1.88737914186e-14,0.0,0.0,0.0,0.0,0.0,0.0,0.0,0.0,0.0,0.0,0.0,0.0,0.0,0.0
0.00984621047974,2.02975941649,0.790074401121,1.11715212304,0.0,0.0,2.066296831,0.0353456597712,-0.381234791913,0.07280714118,0.0588935825152,0.239756336326,0.115547236962,-4.84057238737e-14,0.0,-9.81307786677e-16,-3.73878266724e-15,0.714458830591,-0.390785455943,-0.2288933028,0.439494020954,1.17336886351,-0.20191662519,2.93396075334,0.243125803145,0.0616398912096,0.0847352019888,-0.0116831232826,-3.8413716652e-14,0.0,1.57009245868e-16,1.1768364061e-13,0.0,-2.47289562243e-15,-3.68971727791e-15,-1.89293025699e-14,0.0,0.0,0.0,0.0,0.0,0.0,0.0,0.0,0.0,0.0,0.0,0.0,0.0,0.0
0.00980877876282,2.02960404366,0.790015206551,1.11714083154,0.0,0.0,2.06728754148,0.0365961770569,-0.380692662592,0.0716507803571,0.0588912865516,0.239694656217,0.115391134522,-4.86277684786e-14,0.0,-7.26167762141e-16,-3.29719416324e-15,0.714238732888,-0.39571479749,-0.217049869764,0.439538281842,1.16442693313,-0.20528208309,2.93375565773,0.243191461649,0.0556637070286,0.0783278238893,-0.0107319222635,-3.99680288865e-14,0.0,0.0,1.1945999745e-13,0.0,-2.6299048683e-15,-4.18037117125e-15,-1.88737914186e-14,0.0,0.0,0.0,0.0,0.0,0.0,0.0,0.0,0.0,0.0,0.0,0.0,0.0,0.0
0.0100409984589,2.0293568771,0.789912363786,1.1171115957,0.0,0.0,2.06710103415,0.037283090987,-0.380650126559,0.0720639688784,0.0587573967493,0.239641237278,0.115316508836,-4.81836792687e-14,0.0,-1.09906472108e-15,-3.41495109764e-15,0.714661076928,-0.400447330379,-0.203335742168,0.439547252774,1.15526723105,-0.212931072903,2.93570266311,0.243534686357,0.0507715442949,0.0719374332581,-0.00994973184227,-4.04121180964e-14,0.0,0.0,1.1945999745e-13,0.0,-2.55140024536e-15,-4.19018424911e-15,-1.88182802674e-14,0.0,0.0,0.0,0.0,0.0,0.0,0.0,0.0,0.0,0.0,0.0,0.0,0.0,0.0
0.0100026130676,2.02904419829,0.789776986907,1.11705349024,0.0,0.0,2.06549605165,0.037612532263,-0.380389955305,0.0740434227801,0.0586811167342,0.23961261262,0.115231459336,-4.92939022934e-14,0.0,-1.23644781121e-15,-4.09205347044e-15,0.713668458656,-0.405152600017,-0.192819402595,0.439400581899,1.14724227959,-0.216913454885,2.93665579869,0.243839989346,0.0550654108565,0.0661926639714,-0.0107750453272,-4.02455846427e-14,0.0,0.0,1.21680443499e-13,0.0,-2.59065255683e-15,-4.30794118351e-15,-1.88737914186e-14,0.0,0.0,0.0,0.0,0.0,0.0,0.0,0.0,0.0,0.0,0.0,0.0,0.0,0.0
0.0102000236511,2.02868243584,0.789604572374,1.11692159326,0.0,0.0,2.06416238977,0.0384692875187,-0.380088469262,0.0757766167463,0.0586392496747,0.239706285952,0.115143541319,-5.0404125318e-14,0.0,-1.21682165548e-15,-4.29812810565e-15,0.714354856314,-0.410145248705,-0.194334697719,0.439669299684,1.13870656192,-0.211690012037,2.94559087027,0.243513259441,0.0484628950323,0.059268016002,-0.00970121750868,-4.00235400377e-14,0.0,0.0,1.21458398894e-13,0.0,-2.51214793389e-15,-4.05280115898e-15,-1.88182802674e-14,0.0,0.0,0.0,0.0,0.0,0.0,0.0,0.0,0.0,0.0,0.0,0.0,0.0,0.0
0.010098695755,2.02837389533,0.78950158899,1.11682326562,0.0,0.0,2.06287221263,0.0389307976387,-0.379843355726,0.0772764432269,0.0586063847306,0.239742880593,0.115043930732,-5.08482145278e-14,0.0,-1.11869087681e-15,-4.35700657285e-15,0.710791388129,-0.412920667075,-0.167976352228,0.440212894911,1.13367452946,-0.229635967456,2.93161720375,0.243943687175,0.0453332184229,0.0579235488903,-0.00894540280803,-3.99680288865e-14,0.0,0.0,1.23012711128e-13,0.0,-2.51214793389e-15,-4.05280115898e-15,-1.88182802674e-14,0.0,0.0,0.0,0.0,0.0,0.0,0.0,0.0,0.0,0.0,0.0,0.0,0.0,0.0
0.00987267494202,2.02819564988,0.789464511043,1.11673018701,0.0,0.0,2.06522258509,0.0408278694555,-0.379526356307,0.0749252236212,0.0586113491454,0.239802257341,0.114920356385,-5.10702591328e-14,0.0,-1.11869087681e-15,-4.57289428592e-15,0.710222799117,-0.417218885296,-0.169017174419,0.440078419796,1.12363031153,-0.223080743134,2.94671781208,0.243689354104,0.0339769440955,0.0567364865056,-0.00692508911747,-4.0079051189e-14,0.0,0.0,1.20570220474e-13,0.0,-2.27663406509e-15,-4.19999732698e-15,-1.90403248723e-14,0.0,0.0,0.0,0.0,0.0,0.0,0.0,0.0,0.0,0.0,0.0,0.0,0.0,0.0
0.0100879669189,2.02808998325,0.789443360045,1.11664357813,0.0,0.0,2.06878774074,0.0430036466635,-0.379225390985,0.0712745630214,0.0586264727581,0.239854701502,0.114853440553,-5.10702591328e-14,0.0,-1.90373710615e-15,-4.09205347044e-15,0.709851864947,-0.419599860585,-0.15398146119,0.440224226616,1.11665809543,-0.235204825801,2.93968885666,0.243833980307,0.03087575422,0.0525714006418,-0.00613639208256,-4.0800696155e-14,0.0,0.0,1.21014309684e-13,0.0,-2.11962481922e-15,-4.10186654831e-15,-1.94844140822e-14,0.0,0.0,0.0,0.0,0.0,0.0,0.0,0.0,0.0,0.0,0.0,0.0,0.0,0.0
0.00976538658142,2.02788162316,0.789363630871,1.11656850489,0.0,0.0,2.06883456427,0.0435124024382,-0.379156400363,0.0715173309009,0.0586131809669,0.239867948858,0.114828767202,-5.12923037377e-14,0.0,-2.23738175362e-15,-4.11167962618e-15,0.706227308184,-0.421837930119,-0.139068676763,0.439963226965,1.1100515674,-0.244312365117,2.93855544865,0.244835843196,0.0220894856956,0.0390072313337,-0.00438855507085,-4.1522341121e-14,0.0,0.0,1.1857181903e-13,0.0,-2.59065255683e-15,-3.91541806884e-15,-1.97619698383e-14,0.0,0.0,0.0,0.0,0.0,0.0,0.0,0.0,0.0,0.0,0.0,0.0,0.0,0.0
0.0102293491364,2.02768079735,0.789320197523,1.11652181299,0.0,0.0,2.06775962512,0.0432715051745,-0.379045249804,0.0726160677441,0.0586060286152,0.239805352477,0.11470404692,-5.21804821574e-14,0.0,-2.47289562243e-15,-3.64065188857e-15,0.709077795186,-0.42538334879,-0.14137407771,0.440061147277,1.1012719381,-0.240894352577,2.94193546028,0.244206811521,0.0239774040337,0.0325197969625,-0.00474826813204,-4.22994972382e-14,0.0,0.0,1.1768364061e-13,0.0,-2.47289562243e-15,-3.68971727791e-15,-2.00395255945e-14,0.0,0.0,0.0,0.0,0.0,0.0,0.0,0.0,0.0,0.0,0.0,0.0,0.0,0.0
0.0100433826447,2.02749441449,0.789195973748,1.11647115381,0.0,0.0,2.06598585682,0.0428147896621,-0.379154801055,0.0743211225948,0.0586694808652,0.239840811463,0.114520118522,-5.17363929475e-14,0.0,-2.02149404056e-15,-3.90560499098e-15,0.709705683908,-0.427967424374,-0.135721425887,0.440411031467,1.09522196396,-0.243554240028,2.93813630802,0.244197534692,0.0191033319781,0.0281969584907,-0.00386368610854,-4.1522341121e-14,0.0,1.47196168002e-16,1.1768364061e-13,0.0,-2.43364331096e-15,-3.72896958937e-15,-2.01505478969e-14,0.0,0.0,0.0,0.0,0.0,0.0,0.0,0.0,0.0,0.0,0.0,0.0,0.0,0.0
0.00969529151917,2.02730428251,0.789130199226,1.11638454492,0.0,0.0,2.06400009994,0.042158935958,-0.37914806798,0.0762388501103,0.0587018097695,0.239889546157,0.114401949527,-5.17363929475e-14,0.0,-1.82523248322e-15,-3.70934343364e-15,0.711582679458,-0.430636896165,-0.134619813934,0.440321797885,1.0864539525,-0.24257340419,2.94052243568,0.244179685901,0.00667866010687,0.021039636027,-0.00130304869075,-4.1522341121e-14,0.0,0.0,1.15685239166e-13,0.0,-2.47289562243e-15,-3.67009112217e-15,-2.00950367457e-14,0.0,0.0,0.0,0.0,0.0,0.0,0.0,0.0,0.0,0.0,0.0,0.0,0.0,0.0
0.0102019309998,2.02726747558,0.78915133067,1.11630165918,0.0,0.0,2.06679184984,0.0433394638157,-0.378884738469,0.0729864303777,0.0587214321604,0.239928071024,0.114360401106,-5.28466159722e-14,0.0,-1.78598017175e-15,-3.94485730244e-15,0.709975972047,-0.430008640862,-0.112331460757,0.440996159204,1.0839278938,-0.263216369821,2.93928514522,0.244674748927,0.0106797971481,0.0171871923757,-0.00197373905728,-4.1522341121e-14,0.0,0.0,1.17017506795e-13,0.0,-2.23738175362e-15,-3.65046496644e-15,-2.05946371068e-14,0.0,0.0,0.0,0.0,0.0,0.0,0.0,0.0,0.0,0.0,0.0,0.0,0.0,0.0
0.00990319252014,2.02724672103,0.78916506576,1.11623934229,0.0,0.0,2.06956183268,0.0446341292526,-0.378834403734,0.0696836090106,0.0587512493581,0.240066022489,0.11429208495,-5.17363929475e-14,0.0,-1.66822323735e-15,-3.89579191311e-15,0.709799148699,-0.431300563477,-0.102174536213,0.440623733483,1.07669610675,-0.270067839327,2.93656277779,0.24526604408,0.00594015797303,0.0154215034451,-0.00114134446257,-4.14668299697e-14,0.0,0.0,1.16351372981e-13,0.0,-2.11962481922e-15,-3.4542034091e-15,-2.04836148043e-14,0.0,0.0,0.0,0.0,0.0,0.0,0.0,0.0,0.0,0.0,0.0,0.0,0.0,0.0
0.0100176334381,2.0270011763,0.789090650705,1.1161640249,0.0,0.0,2.06619302547,0.0435213143699,-0.378972675119,0.0730453235136,0.0587188966409,0.240186550643,0.114258866602,-5.15143483426e-14,0.0,-1.66822323735e-15,-4.08224039258e-15,0.70954621093,-0.433113772824,-0.098949455641,0.440956443998,1.07296599417,-0.270112188097,2.9329201521,0.245315911962,-0.00039871331595,0.0112944613268,7.75840266678e-05,-4.14668299697e-14,0.0,1.57009245868e-16,1.1945999745e-13,0.0,-2.47289562243e-15,-3.71915651151e-15,-2.04281036531e-14,0.0,0.0,0.0,0.0,0.0,0.0,0.0,0.0,0.0,0.0,0.0,0.0,0.0,0.0
0.010115146637,2.02681512711,0.789056309672,1.11612160547,0.0,0.0,2.06410132169,0.0428427902166,-0.379142830461,0.07485055665,0.0586655553566,0.240255771369,0.114114643599,-5.26245713672e-14,0.0,-1.74672786029e-15,-4.21962348271e-15,0.711562821041,-0.43559233604,-0.104133595796,0.440692038366,1.06702926432,-0.263937770847,2.9320387627,0.24512009659,-0.00897714486327,0.00549458050604,0.00172487965569,-4.16333634234e-14,0.0,1.66822323735e-16,1.20126131264e-13,0.0,-2.59065255683e-15,-3.1303718395e-15,-2.04836148043e-14,0.0,0.0,0.0,0.0,0.0,0.0,0.0,0.0,0.0,0.0,0.0,0.0,0.0,0.0
0.00972318649292,2.02666888969,0.789058030196,1.11607491357,0.0,0.0,2.06363864329,0.0427903233855,-0.379200935793,0.0749319587892,0.058602992635,0.240309847291,0.113975248381,-5.12923037377e-14,0.0,-1.39345705708e-15,-3.98410961391e-15,0.711322185503,-0.437683302316,-0.100386925723,0.440595657921,1.06304608277,-0.263540161527,2.93566502963,0.24519897878,-0.0164661493989,0.00280817357253,0.00317441257305,-4.17443857259e-14,0.0,-4.51401581872e-16,1.1945999745e-13,0.0,-2.15887713069e-15,-3.0420541387e-15,-2.05946371068e-14,0.0,0.0,0.0,0.0,0.0,0.0,0.0,0.0,0.0,0.0,0.0,0.0,0.0,0.0
0.010085105896,2.02657412669,0.789095728104,1.11602657373,0.0,0.0,2.06473910456,0.0433714405958,-0.379090946885,0.0733029265798,0.0585741468364,0.240334566109,0.113863669694,-5.15143483426e-14,0.0,-1.45233552428e-15,-3.91541806884e-15,0.710627224038,-0.438624193269,-0.0910122553228,0.44064644268,1.06064964279,-0.26990570315,2.93520210666,0.245472245291,-0.0197769608953,0.000657712580225,0.00380724436394,-4.21884749358e-14,0.0,0.0,1.19682042055e-13,0.0,-2.00186788482e-15,-3.52289495417e-15,-2.08166817117e-14,0.0,0.0,0.0,0.0,0.0,0.0,0.0,0.0,0.0,0.0,0.0,0.0,0.0,0.0
0.010005235672,2.02646109102,0.789126395091,1.11599605615,0.0,0.0,2.0651188307,0.0436440805624,-0.379227879922,0.0725189099067,0.0584721284453,0.240360725215,0.113771920216,-5.30686605771e-14,0.0,-1.47196168002e-15,-3.62102573284e-15,0.711916945369,-0.439732628773,-0.0889715373551,0.440781376685,1.05821033309,-0.272118774293,2.93794004425,0.245370934912,-0.023418066478,-0.00297101712606,0.00449624232894,-4.25770529944e-14,0.0,0.0,1.21236354289e-13,0.0,-1.72710170455e-15,-4.09205347044e-15,-2.09832151654e-14,0.0,0.0,0.0,0.0,0.0,0.0,0.0,0.0,0.0,0.0,0.0,0.0,0.0,0.0
0.00997042655945,2.02631309336,0.789148348283,1.11598360498,0.0,0.0,2.06485990914,0.043771484126,-0.379301549558,0.0722139395201,0.0584676993928,0.240352970351,0.113622851441,-5.35127497869e-14,0.0,-1.68784939309e-15,-3.46401648697e-15,0.710988560196,-0.441182432667,-0.0820179929997,0.44075239586,1.0569104929,-0.27518065524,2.93751445355,0.24545334335,-0.0244162944829,-0.00257489523369,0.00470139565353,-4.2965631053e-14,0.0,0.0,1.20792265079e-13,0.0,-1.68784939309e-15,-3.95467038031e-15,-2.10387263166e-14,0.0,0.0,0.0,0.0,0.0,0.0,0.0,0.0,0.0,0.0,0.0,0.0,0.0,0.0
0.0100734233856,2.02617520272,0.78916190639,1.11593947656,0.0,0.0,2.06496695959,0.0438274632434,-0.379561079585,0.0716632625533,0.0584156772287,0.240350374243,0.113556011936,-5.28466159722e-14,0.0,-1.88411095042e-15,-3.37569878617e-15,0.711066743324,-0.442869089271,-0.0825196793889,0.440975964124,1.05736863372,-0.272320125874,2.93850542344,0.245191434588,-0.0250790186596,-0.00163650723761,0.00482820574453,-4.36317648678e-14,0.0,1.66822323735e-16,1.20126131264e-13,0.0,-1.92336326189e-15,-3.86635267951e-15,-2.14828155265e-14,0.0,0.0,0.0,0.0,0.0,0.0,0.0,0.0,0.0,0.0,0.0,0.0,0.0,0.0
0.00992107391357,2.02594571687,0.789123163887,1.11592415673,0.0,0.0,2.06209298806,0.042596073393,-0.380137138191,0.0741788151013,0.0582759563173,0.240326660416,0.113485339499,-5.30686605771e-14,0.0,-1.82523248322e-15,-3.88597883524e-15,0.7116393499,-0.444318535853,-0.0833849049258,0.441188325951,1.05827419348,-0.270414299108,2.93901910221,0.244955710141,-0.0259833861447,-0.000716025422358,0.00500434406505,-4.41313652288e-14,0.0,0.0,1.21014309684e-13,0.0,-2.08037250776e-15,-3.88597883524e-15,-2.15383266777e-14,0.0,0.0,0.0,0.0,0.0,0.0,0.0,0.0,0.0,0.0,0.0,0.0,0.0,0.0
0.0102181434631,2.02580630669,0.789135750812,1.11590102441,0.0,0.0,2.06186905879,0.0424117742814,-0.38048470048,0.0737376531589,0.0582737574932,0.240302804261,0.113443335045,-5.52891066263e-14,0.0,-1.68784939309e-15,-3.32663339684e-15,0.710988305428,-0.445239321574,-0.0832891735771,0.441101410972,1.05931907988,-0.268482887194,2.9398547741,0.244943885881,-0.0289179863634,0.000379110811008,0.00553839757147,-4.39648317752e-14,0.0,0.0,1.1990408666e-13,0.0,-2.08037250776e-15,-3.90560499098e-15,-2.16493489802e-14,0.0,0.0,0.0,0.0,0.0,0.0,0.0,0.0,0.0,0.0,0.0,0.0,0.0,0.0
0.00975012779236,2.0256667321,0.78911745243,1.11588369043,0.0,0.0,2.06160689752,0.0421593690417,-0.381105060188,0.0733869657003,0.0582260779057,0.240301234785,0.113447175349,-5.59552404411e-14,0.0,-9.81307786677e-16,-3.2775680075e-15,0.710252654651,-0.445988087599,-0.0834408686183,0.440996001159,1.06097482705,-0.266927628812,2.94100474679,0.245009292638,-0.0304342336907,0.0015320641055,0.00577419672562,-4.46309655899e-14,0.0,0.0,1.1857181903e-13,0.0,-1.84485863895e-15,-3.46401648697e-15,-2.18713935851e-14,0.0,0.0,0.0,0.0,0.0,0.0,0.0,0.0,0.0,0.0,0.0,0.0,0.0,0.0
0.0100774765015,2.02551767208,0.789118932541,1.11586666163,0.0,0.0,2.06091889764,0.0416201442826,-0.381577130467,0.0737010533678,0.0581825842536,0.240297726648,0.11350994096,-5.59552404411e-14,0.0,-9.22429319477e-16,-3.65046496644e-15,0.708423761398,-0.445893175444,-0.0803810580591,0.440875326894,1.06327243275,-0.268699377085,2.94013863685,0.245225180307,-0.0320388991359,0.000864920087956,0.00600717493581,-4.46864767412e-14,0.0,1.27570012268e-16,1.12576614697e-13,0.0,-1.68784939309e-15,-3.67009112217e-15,-2.18713935851e-14,0.0,0.0,0.0,0.0,0.0,0.0,0.0,0.0,0.0,0.0,0.0,0.0,0.0,0.0
0.0102360248566,2.02539030335,0.789127810946,1.11584005029,0.0,0.0,2.06063465917,0.0412196843445,-0.382010471343,0.0736719017899,0.0580754748519,0.240322995543,0.113624160687,-5.59552404411e-14,0.0,-9.81307786677e-16,-3.08130645017e-15,0.706970123718,-0.445890503408,-0.08138927822,0.440837451589,1.06585471983,-0.267243592414,2.94044326591,0.245237506338,-0.0326846714561,0.00118548163958,0.00604641288043,-4.52970994047e-14,0.0,0.0,1.13464793117e-13,0.0,-1.53084014722e-15,-3.77803497871e-15,-2.2315482795e-14,0.0,0.0,0.0,0.0,0.0,0.0,0.0,0.0,0.0,0.0,0.0,0.0,0.0,0.0
0.00986480712891,2.02527131793,0.789185702429,1.1157925039,0.0,0.0,2.06011279303,0.04085898014,-0.38208532021,0.0737703004001,0.0580299902709,0.240340286869,0.113690357179,-5.70654634657e-14,0.0,-1.29532627841e-15,-3.28738108537e-15,0.705864608962,-0.444987981745,-0.0801154645663,0.441034013762,1.06850216893,-0.269781143178,2.94110101464,0.244973179176,-0.0324648475662,-0.000242991007091,0.00599540670697,-4.54081217072e-14,0.0,1.86448479469e-16,1.14575016141e-13,0.0,-1.64859708162e-15,-3.53270803204e-15,-2.24265050974e-14,0.0,0.0,0.0,0.0,0.0,0.0,0.0,0.0,0.0,0.0,0.0,0.0,0.0,0.0
0.00995421409607,2.02507898999,0.789252857821,1.11577553614,0.0,0.0,2.05762404146,0.0395737799214,-0.382058309889,0.0759661205237,0.0580118317577,0.240348461599,0.113812188926,-5.88418203051e-14,0.0,-1.74672786029e-15,-3.79766113444e-15,0.703830252182,-0.443789013142,-0.0772440363337,0.441163009094,1.0718487946,-0.272946236616,2.93848595791,0.244813288816,-0.0313201955142,-4.30081409111e-06,0.00573656588361,-4.65183447318e-14,0.0,0.0,1.15019105351e-13,0.0,-1.57009245868e-15,-3.57196034351e-15,-2.24265050974e-14,0.0,0.0,0.0,0.0,0.0,0.0,0.0,0.0,0.0,0.0,0.0,0.0,0.0,0.0
0.0100150108337,2.02497155712,0.789404929424,1.1157464834,0.0,0.0,2.05731563615,0.0390282781732,-0.381652403461,0.0755919478849,0.058044803995,0.240327899271,0.113885628023,-6.01740879347e-14,0.0,-1.70747554882e-15,-3.58177342137e-15,0.700355668403,-0.443016416753,-0.0777720531378,0.441252769371,1.07702397539,-0.270088448921,2.93418763345,0.244880892853,-0.0287949087036,0.00224607987442,0.00524068855311,-4.67403893367e-14,0.0,0.0,1.19682042055e-13,0.0,-1.60934477015e-15,-3.67990420004e-15,-2.24820162487e-14,0.0,0.0,0.0,0.0,0.0,0.0,0.0,0.0,0.0,0.0,0.0,0.0,0.0,0.0
0.0100560188293,2.02477534702,0.789541591634,1.11572487695,0.0,0.0,2.05502841387,0.0374283176465,-0.381195386158,0.0773104469478,0.0580843545717,0.240272872061,0.114038090217,-6.03961325396e-14,0.0,-1.60934477015e-15,-3.58177342137e-15,0.697718548145,-0.440883377036,-0.0716144479722,0.441604445794,1.08253753037,-0.27650845677,2.92652507761,0.244847076609,-0.0245264480193,0.00640395883655,0.00432044528778,-4.64073224293e-14,0.0,0.0,1.21236354289e-13,0.0,-1.64859708162e-15,-3.3658857083e-15,-2.27595720048e-14,0.0,0.0,0.0,0.0,0.0,0.0,0.0,0.0,0.0,0.0,0.0,0.0,0.0,0.0
0.00993394851685,2.0247186713,0.78976085513,1.11571456201,0.0,0.0,2.05785935172,0.0383431642967,-0.380451342015,0.073497038817,0.0580949145252,0.240234490875,0.114058295244,-6.15063555642e-14,0.0,-1.09906472108e-15,-3.3953249419e-15,0.690202182331,-0.43789658314,-0.0601832828188,0.4410472718,1.08724177794,-0.285414996628,2.92382206746,0.245520947723,-0.0238284879672,0.00306100706909,0.00421346929097,-4.71844785466e-14,0.0,-1.47196168002e-16,1.23012711128e-13,0.0,-1.76635401602e-15,-3.50326879844e-15,-2.32036612147e-14,0.0,0.0,0.0,0.0,0.0,0.0,0.0,0.0,0.0,0.0,0.0,0.0,0.0,0.0
0.00994968414307,2.02449598729,0.789882373821,1.11570693261,0.0,0.0,2.05629264782,0.0374131780253,-0.380074397037,0.074650456844,0.0580634284508,0.240208494824,0.114100580755,-6.30606677987e-14,0.0,-1.11869087681e-15,-3.43457725337e-15,0.684779687243,-0.436422793092,-0.060002925535,0.441342622691,1.09453795904,-0.284144513828,2.91979517032,0.245085588402,-0.022794324766,0.00819358594992,0.00390571366769,-4.73510120003e-14,0.0,-5.59345438406e-16,1.23900889548e-13,0.0,-1.76635401602e-15,-3.47382956484e-15,-2.33701946684e-14,0.0,0.0,0.0,0.0,0.0,0.0,0.0,0.0,0.0,0.0,0.0,0.0,0.0,0.0
